Project_ID,Budget,Material_Cost,Labor_Cost,Equipment_Cost,Total_Expense,Budget_Overrun
P0001,25080668,2484265,7864467,4684875,15033607,No
P0002,29236617,6962781,5209137,4189739,16361657,No
P0003,10644034,4904797,2305692,166463,7376952,No
P0004,45294222,4309683,7687790,299935,12297408,No
P0005,11716877,7066467,837588,4708256,12612311,Yes
P0006,33969717,7488942,6638738,109147,14236827,No
P0007,34717447,2061915,4717628,4643820,11423363,No
P0008,39350404,7970266,5733339,3280813,16984418,No
P0009,47719333,558218,5521364,449766,6529348,No
P0010,45362735,4069783,1854698,1449632,7374113,No
P0011,43795527,2605712,1865310,2559671,7030693,No
P0012,22918335,3856538,3233575,1848835,8938948,No
P0013,29960020,6372447,565488,2082872,9020807,No
P0014,29793108,9936261,4415933,711994,15064188,No
P0015,12440417,2344276,6794623,3874789,13013688,Yes
P0016,46681712,9041670,4272638,2189107,15503415,No
P0017,5854296,3462723,391384,503078,4357185,No
P0018,35786803,8294873,3217954,2181706,13694533,No
P0019,15294199,9261741,7666562,1121171,18049474,Yes
P0020,40872802,9302401,6555096,1530091,17387588,No
P0021,12792138,9923554,6297296,572136,16792986,Yes
P0022,40194825,4316145,5877038,1721966,11915149,No
P0023,42691869,5119890,2939079,4600753,12659722,No
P0024,32135353,3356646,4436097,239868,8032611,No
P0025,12918878,5199354,1732828,1726449,8658631,No
P0026,9916977,8115130,1765798,1371067,11251995,Yes
P0027,30435457,5599435,603470,4059530,10262435,No
P0028,5347289,6059249,1978788,3192850,11230887,Yes
P0029,37895928,5786944,6834915,3166373,15788232,No
P0030,8612001,2428406,4133433,650804,7212643,No
P0031,22503365,750312,6290529,3639456,10680297,No
P0032,37974195,5853756,3720299,966721,10540776,No
P0033,17690164,3040209,1509292,3404014,7953515,No
P0034,29063718,9183503,5228629,2146101,16558233,No
P0035,49178342,4019751,6178817,2735343,12933911,No
P0036,32124550,8088246,5580609,2153714,15822569,No
P0037,12408218,5105060,3331966,1887659,10324685,No
P0038,37153894,7504070,3414458,4535348,15453876,No
P0039,39984156,2342465,1535448,2431047,6308960,No
P0040,30789268,2144887,7235550,2477645,11858082,No
P0041,47372979,3490013,5419523,1329134,10238670,No
P0042,49822303,8066281,4384275,4411656,16862212,No
P0043,8734883,8611173,4559716,913787,14084676,Yes
P0044,10957985,947948,5388860,1359361,7696169,No
P0045,40265655,8189729,5739325,836436,14765490,No
P0046,6326410,7382866,2626178,4719094,14728138,Yes
P0047,42296061,1397516,429765,1202665,3029946,No
P0048,42659767,5241800,6586791,2431590,14260181,No
P0049,23237841,4355837,7495290,4880363,16731490,No
P0050,40690291,7105697,3733188,3452580,14291465,No
P0051,49580141,4847742,7705453,4608932,17162127,No
P0052,10441227,8837054,4964498,4631507,18433059,Yes
P0053,36734379,4725951,6018768,4830454,15575173,No
P0054,24206688,4589145,1507645,1729129,7825919,No
P0055,35301916,9862808,6449915,2798089,19110812,No
P0056,40454129,4652927,3828217,2099994,10581138,No
P0057,14334610,7825439,372276,4432049,12629764,No
P0058,18700897,4521524,6485139,4531326,15537989,No
P0059,10080568,8498995,4197941,1703969,14400905,Yes
P0060,32474007,9672145,5075314,4114902,18862361,No
P0061,12106013,4839583,2004826,485576,7329985,No
P0062,13908639,1188135,7164694,2077230,10430059,No
P0063,15426137,4248242,5979211,2161105,12388558,No
P0064,13439845,4505504,1918101,3476507,9900112,No
P0065,44766690,3331523,2226568,418714,5976805,No
P0066,30958019,2663018,965498,2490904,6119420,No
P0067,5992794,3299794,5042461,727817,9070072,Yes
P0068,38868302,1830116,7337218,2054385,11221719,No
P0069,32022691,5864550,6982014,4650470,17497034,No
P0070,40655460,2771799,3232301,3544656,9548756,No
P0071,7234433,3633940,4664907,567822,8866669,Yes
P0072,35316213,4626549,5110403,333747,10070699,No
P0073,48907926,4520515,2812762,4139810,11473087,No
P0074,45475043,9736415,6963454,1581812,18281681,No
P0075,34411414,6091891,6167588,2003644,14263123,No
P0076,28933712,2802297,6753991,956824,10513112,No
P0077,35413804,9820141,3840617,1999131,15659889,No
P0078,5224717,2715539,6654179,3434279,12803997,Yes
P0079,15496279,5270444,7766207,3546789,16583440,Yes
P0080,29780938,8562406,2635392,4698125,15895923,No
P0081,35918273,2462243,7354943,4620171,14437357,No
P0082,17046970,746124,6529578,4946999,12222701,No
P0083,47464715,4031195,4565406,2999838,11596439,No
P0084,42455260,9160419,2550215,3998380,15709014,No
P0085,25645930,2595646,2482430,288889,5366965,No
P0086,40497752,1390485,4206018,4637272,10233775,No
P0087,11800783,7415759,6374697,1683080,15473536,Yes
P0088,26975738,9389191,7388728,2132176,18910095,No
P0089,22075157,9686509,3232587,1953182,14872278,No
P0090,24219314,6482003,3172063,287055,9941121,No
P0091,46164017,6232379,5050231,1916890,13199500,No
P0092,35977874,9399159,3907592,2892082,16198833,No
P0093,28843984,6868850,5767757,2317249,14953856,No
P0094,30376303,8034044,1128065,4366547,13528656,No
P0095,18979743,9930797,3533097,762196,14226090,No
P0096,39169959,7447273,3831648,115027,11393948,No
P0097,24960678,7826176,2999983,100871,10927030,No
P0098,7512393,2043379,3347033,1402371,6792783,No
P0099,28634671,5755573,2110002,1825385,9690960,No
P0100,28588488,703214,1302681,1403825,3409720,No
P0101,11547836,8197443,5368180,2616923,16182546,Yes
P0102,49068090,6550174,3612862,3461720,13624756,No
P0103,21732742,5185803,906620,4393309,10485732,No
P0104,48402130,7858290,3950965,1082736,12891991,No
P0105,19115497,9422274,2637232,2202186,14261692,No
P0106,29501096,2074470,6141416,4512917,12728803,No
P0107,33968296,4354987,6303987,886070,11545044,No
P0108,34543998,1949749,7270399,2841780,12061928,No
P0109,39718854,7243390,3676305,1116378,12036073,No
P0110,5141132,2023598,4324164,624854,6972616,Yes
P0111,41009622,9473417,1234020,4316918,15024355,No
P0112,40918263,2978116,1269842,3247908,7495866,No
P0113,14588555,5263719,2984636,1252288,9500643,No
P0114,45371886,7478751,3569339,1865410,12913500,No
P0115,24605692,3736439,704278,2208244,6648961,No
P0116,45688595,4392328,7266006,4373042,16031376,No
P0117,34101039,7330880,3410248,2306234,13047362,No
P0118,37401664,6858006,2845596,3298532,13002134,No
P0119,48836632,8151039,1516419,3140683,12808141,No
P0120,35381687,9730737,3201482,2838556,15770775,No
P0121,31345807,4850425,7042926,3017978,14911329,No
P0122,27025660,9234544,3660332,1872988,14767864,No
P0123,13974632,3377764,560090,4879007,8816861,No
P0124,42521009,3444282,1087275,1576960,6108517,No
P0125,44426599,7860561,3199109,2746941,13806611,No
P0126,10440952,2207946,5431014,113961,7752921,No
P0127,23248132,7307693,7822248,2866478,17996419,No
P0128,46560656,7427450,6985529,1771899,16184878,No
P0129,32365628,9937473,2738965,4679580,17356018,No
P0130,47404481,6364542,4281304,4630741,15276587,No
P0131,31907175,8635657,2183049,744989,11563695,No
P0132,19085446,6102483,4641159,2098255,12841897,No
P0133,29978234,8411028,4695586,2146847,15253461,No
P0134,33996360,7276374,4889082,3142649,15308105,No
P0135,35489435,3253454,960007,1482346,5695807,No
P0136,43081425,3168664,7152121,755062,11075847,No
P0137,24262052,7417200,5482935,4982537,17882672,No
P0138,6490754,6333462,6415858,219027,12968347,Yes
P0139,37218676,670697,7923601,199350,8793648,No
P0140,14189662,4267545,4628137,2386283,11281965,No
P0141,16130558,9160386,3276862,3119438,15556686,No
P0142,17697396,8603825,358044,4126458,13088327,No
P0143,17982885,7938840,7549101,4165019,19652960,Yes
P0144,8229642,3828997,2362137,779674,6970808,No
P0145,25302835,8552148,6071106,1746905,16370159,No
P0146,14410470,3044449,6739990,1057525,10841964,No
P0147,45003103,3731404,2804202,2118125,8653731,No
P0148,10508078,1714022,463074,3287705,5464801,No
P0149,31454217,8139143,5904221,3540474,17583838,No
P0150,11428388,2527447,5258969,128199,7914615,No
P0151,25850317,5186495,7205550,4838255,17230300,No
P0152,31145394,9987895,7420475,2526610,19934980,No
P0153,21563161,6076810,5434388,4511523,16022721,No
P0154,7767145,4023800,7447379,1776518,13247697,Yes
P0155,49161263,4999807,5496975,2982721,13479503,No
P0156,21218440,5778450,4407006,3670467,13855923,No
P0157,21468485,2970920,1419725,3631409,8022054,No
P0158,34348883,7482734,1863287,3314036,12660057,No
P0159,48478310,8012949,7031535,1327756,16372240,No
P0160,30041563,3972344,7007758,1021385,12001487,No
P0161,37191435,9088298,2209295,3438505,14736098,No
P0162,9927425,8725914,3084658,236933,12047505,Yes
P0163,22336458,4599822,6720007,2832154,14151983,No
P0164,14683243,9809487,951911,2412198,13173596,No
P0165,47176544,5105230,3220853,4174934,12501017,No
P0166,9914994,7079243,2786713,4659565,14525521,Yes
P0167,44725864,8845043,1823606,4441243,15109892,No
P0168,13066145,9490066,5798299,4404642,19693007,Yes
P0169,20818781,2621066,4448802,4192243,11262111,No
P0170,6439884,3806506,6273837,2820588,12900931,Yes
P0171,27396881,4028316,3387724,2067085,9483125,No
P0172,16814976,1365760,5245232,2897643,9508635,No
P0173,12790211,9506891,2025683,643887,12176461,No
P0174,45861855,7794124,5918085,431146,14143355,No
P0175,44765603,4867692,6728402,427625,12023719,No
P0176,35511493,1530483,4117370,1220701,6868554,No
P0177,28176616,8677821,5592633,4128714,18399168,No
P0178,23481545,3530357,3248050,1808474,8586881,No
P0179,42057344,2403837,1020426,775430,4199693,No
P0180,26259507,3401072,4254108,4017074,11672254,No
P0181,6263029,996846,4051643,1734949,6783438,Yes
P0182,12482089,7762519,4839880,2346244,14948643,Yes
P0183,32673086,6259690,4251444,1708325,12219459,No
P0184,48459202,8820807,4456387,4421306,17698500,No
P0185,42697460,1914040,7825813,4875353,14615206,No
P0186,42874861,597832,3307082,2134620,6039534,No
P0187,19566874,2157669,5304646,2407416,9869731,No
P0188,10606788,6199759,1723462,3547002,11470223,Yes
P0189,29617269,4303982,3567146,159791,8030919,No
P0190,35842406,6842926,5687848,4908436,17439210,No
P0191,24078704,9055182,4031231,902515,13988928,No
P0192,34500382,6928359,3835249,4180086,14943694,No
P0193,12461063,1106945,2723257,256546,4086748,No
P0194,29392618,3770081,7377561,4264168,15411810,No
P0195,43981208,1172357,1012542,187997,2372896,No
P0196,11790691,2753745,6068991,4166762,12989498,Yes
P0197,14505931,5731262,4285850,3662396,13679508,No
P0198,31357352,5850560,5877032,1911773,13639365,No
P0199,33971687,3290922,1354972,3518171,8164065,No
P0200,33450312,3268847,7867907,2398383,13535137,No
P0201,16564779,1846700,4789724,663810,7300234,No
P0202,42784170,2362499,7559838,3163488,13085825,No
P0203,21994873,2368069,1647948,1610746,5626763,No
P0204,39154080,5552826,6311839,252676,12117341,No
P0205,10431891,6127385,6277147,2413670,14818202,Yes
P0206,40988259,7854365,7143362,3781650,18779377,No
P0207,29802579,2292140,2599703,1981528,6873371,No
P0208,30460991,2642908,5893354,2895734,11431996,No
P0209,41262096,5600080,3166207,1997692,10763979,No
P0210,18816233,3729704,4490398,2725093,10945195,No
P0211,27727627,1638719,809817,3080000,5528536,No
P0212,48789746,1626747,6745904,3994785,12367436,No
P0213,45179789,9736064,5912378,3340927,18989369,No
P0214,33962516,9881033,6051550,4984544,20917127,No
P0215,29445435,6717418,7587015,4199795,18504228,No
P0216,44302628,6957320,6559673,2960737,16477730,No
P0217,44813336,4345887,6866389,602245,11814521,No
P0218,8732351,4450962,4387503,1431722,10270187,Yes
P0219,26124358,1546946,3767509,3575942,8890397,No
P0220,45194851,2172836,7237478,516540,9926854,No
P0221,25503502,9079818,4871331,1972836,15923985,No
P0222,32397572,4542788,2012854,4976996,11532638,No
P0223,25086916,6120299,5331530,841066,12292895,No
P0224,45986768,4067834,7898810,4882193,16848837,No
P0225,8405127,5871811,6222142,4423971,16517924,Yes
P0226,17861909,7625376,1152534,1194782,9972692,No
P0227,30815772,9342742,4325020,4185952,17853714,No
P0228,9271985,3176803,6283433,437382,9897618,Yes
P0229,46971489,4993448,1975385,4428984,11397817,No
P0230,26930191,3161778,2262418,3176128,8600324,No
P0231,11899293,1514084,4064219,1754206,7332509,No
P0232,38739534,3010299,5713246,3439306,12162851,No
P0233,34706650,2051236,2509102,1480699,6041037,No
P0234,19087925,1483039,5243634,2119446,8846119,No
P0235,14856884,2137462,6513201,1777621,10428284,No
P0236,21376580,6829470,2906388,2518560,12254418,No
P0237,45311342,8325562,2308948,441151,11075661,No
P0238,46138118,1421004,5305363,3597938,10324305,No
P0239,36528501,4423536,488019,4689364,9600919,No
P0240,48678299,1614902,7342220,2491452,11448574,No
P0241,14141407,5042311,2666625,3112589,10821525,No
P0242,19069724,8266964,1425529,3251792,12944285,No
P0243,46251823,8804907,6206320,1037068,16048295,No
P0244,21700748,2376410,2431632,2695588,7503630,No
P0245,30710736,8245475,3664113,4668234,16577822,No
P0246,40296777,9849265,1932680,1233424,13015369,No
P0247,38913235,8942495,1376959,228022,10547476,No
P0248,40531603,7942962,3663310,407772,12014044,No
P0249,13041944,6211927,7490050,3575607,17277584,Yes
P0250,28848982,6938907,6827573,625880,14392360,No
P0251,34249904,6565876,7257637,3811074,17634587,No
P0252,47635980,3663548,5243232,2243008,11149788,No
P0253,32237602,3299923,934080,527851,4761854,No
P0254,12978626,4149221,2475921,1429665,8054807,No
P0255,47052348,6870168,5062015,437202,12369385,No
P0256,10502444,9202438,6764919,3450969,19418326,Yes
P0257,48404224,9554501,6368998,2551432,18474931,No
P0258,27242953,8952907,2892414,3241020,15086341,No
P0259,26573527,1167345,6322148,118226,7607719,No
P0260,19347491,2377353,6860568,3723504,12961425,No
P0261,9644210,7918750,4164495,878863,12962108,Yes
P0262,12718179,8527227,5679466,4058019,18264712,Yes
P0263,12979095,9482380,4522265,4914296,18918941,Yes
P0264,13848596,3305527,2476401,3988266,9770194,No
P0265,29073836,5841401,1288822,4004531,11134754,No
P0266,21037212,9021435,5906296,1593628,16521359,No
P0267,31395326,7640020,2755504,3475619,13871143,No
P0268,41723894,9294990,3974999,2722617,15992606,No
P0269,16829508,2317082,2286921,1517810,6121813,No
P0270,42371167,5337264,3991607,1339224,10668095,No
P0271,36799356,8725430,5694334,1020820,15440584,No
P0272,45814036,4614479,5537059,1252154,11403692,No
P0273,37945396,893650,5233487,1440882,7568019,No
P0274,10034015,9978572,2670358,2732632,15381562,Yes
P0275,9709905,5549967,7475154,2002914,15028035,Yes
P0276,34031402,8013157,2211299,3593388,13817844,No
P0277,47281562,3569496,4318620,4993128,12881244,No
P0278,49056438,2229963,2621497,1742511,6593971,No
P0279,6937066,1973534,2004553,3059140,7037227,Yes
P0280,23989308,9447704,6982208,2803656,19233568,No
P0281,22437138,5804716,2860453,4847913,13513082,No
P0282,22147950,778433,761269,1832864,3372566,No
P0283,13983885,7422235,7357464,3054184,17833883,Yes
P0284,48812088,6652041,6039693,3783563,16475297,No
P0285,23196329,5173204,2283984,4696529,12153717,No
P0286,26556948,6371372,7326506,1604019,15301897,No
P0287,20164712,4287155,4854237,301795,9443187,No
P0288,42872422,9575370,4610217,4474623,18660210,No
P0289,36079613,6799629,1195890,4860751,12856270,No
P0290,37669775,5939447,3279501,1333138,10552086,No
P0291,35485352,4318176,2832182,4717139,11867497,No
P0292,31492225,9349360,1548133,3747553,14645046,No
P0293,39987295,1995281,4248113,4892405,11135799,No
P0294,48041781,3170701,851941,1892248,5914890,No
P0295,38634756,3986303,1870753,427239,6284295,No
P0296,34578030,8729714,2214049,3814321,14758084,No
P0297,41166142,9690234,1235870,3855575,14781679,No
P0298,22037720,5448737,349227,1533453,7331417,No
P0299,11928024,8602705,7698609,3194533,19495847,Yes
P0300,26991013,3111587,835336,1204752,5151675,No
P0301,10503121,1954506,2000137,4251967,8206610,No
P0302,8332301,5652475,3245018,4709952,13607445,Yes
P0303,26397394,2425910,7334713,2508418,12269041,No
P0304,47489426,5162455,5449518,503652,11115625,No
P0305,15071781,1732438,3487264,1249721,6469423,No
P0306,24902357,7767497,4939513,2485252,15192262,No
P0307,28404115,3848458,6110241,2206604,12165303,No
P0308,32887047,3237626,4389095,773754,8400475,No
P0309,35653271,1574242,5187067,4526496,11287805,No
P0310,30244440,7505286,5486530,1804030,14795846,No
P0311,12415491,6742082,1250996,185349,8178427,No
P0312,43542946,2072393,1681940,472031,4226364,No
P0313,7929304,8237512,3211186,4254298,15702996,Yes
P0314,44054156,6139682,5724312,668055,12532049,No
P0315,28676878,1146279,1881149,3195080,6222508,No
P0316,34977559,2237669,5480753,4407835,12126257,No
P0317,40779709,3078131,3463661,3123757,9665549,No
P0318,49163714,9214460,1365211,2257885,12837556,No
P0319,45371754,4394022,3626783,1306028,9326833,No
P0320,19010476,8984792,6451365,1042985,16479142,No
P0321,37956761,561764,5777268,4436539,10775571,No
P0322,11961266,7312908,347292,3071748,10731948,No
P0323,8841444,1173450,2883160,3734664,7791274,No
P0324,29993565,5024837,5308811,2940583,13274231,No
P0325,44651978,6744420,5407444,4795029,16946893,No
P0326,19635403,2300360,1352788,2820393,6473541,No
P0327,14994711,8413885,4325327,1217071,13956283,No
P0328,23091983,1725808,4072940,2278885,8077633,No
P0329,15723161,7728426,2908539,2554965,13191930,No
P0330,10150044,6120901,7442463,4921606,18484970,Yes
P0331,26508558,1665733,740122,1226714,3632569,No
P0332,49643040,2871318,1416518,910982,5198818,No
P0333,20319255,3139888,6117170,3206633,12463691,No
P0334,22347976,909265,7098772,1711185,9719222,No
P0335,41373899,6711942,6841937,1376823,14930702,No
P0336,26558852,1431521,5494017,2752124,9677662,No
P0337,6583563,8921478,982545,4636638,14540661,Yes
P0338,25716305,7906948,2481279,183845,10572072,No
P0339,38929545,2139410,4246639,922103,7308152,No
P0340,31411313,8480434,7173818,220695,15874947,No
P0341,25031395,4202517,4953879,2004873,11161269,No
P0342,46681787,8153839,4766187,1191615,14111641,No
P0343,5108439,1604381,701947,509093,2815421,No
P0344,45569668,7196871,2687691,4218637,14103199,No
P0345,10644010,6072868,2693177,375324,9141369,No
P0346,38095268,7237138,5861751,4031032,17129921,No
P0347,18278163,815926,6181007,4822551,11819484,No
P0348,9174101,7704138,4784734,2653702,15142574,Yes
P0349,10814329,1588127,760770,1563363,3912260,No
P0350,48622610,5399610,3991219,2391707,11782536,No
P0351,47934479,5618814,3029573,4837569,13485956,No
P0352,9677523,5933245,5325988,4494611,15753844,Yes
P0353,22904829,6957579,6439787,2338875,15736241,No
P0354,28876956,3644217,1131816,1423390,6199423,No
P0355,34747709,4391373,7295308,1506355,13193036,No
P0356,41079229,8765292,6073452,4662584,19501328,No
P0357,25350587,5591865,7283634,2275495,15150994,No
P0358,17269747,3536387,1462922,2780639,7779948,No
P0359,46417696,6400097,5722575,747412,12870084,No
P0360,11500864,796257,3469456,4563032,8828745,No
P0361,40199928,3475753,4054743,1050876,8581372,No
P0362,49375892,9566103,5641917,379692,15587712,No
P0363,5583533,993036,3912719,1243789,6149544,Yes
P0364,48447495,6228566,7643449,2930131,16802146,No
P0365,35318636,4260691,3352328,2630927,10243946,No
P0366,15778904,4735099,3341440,4516830,12593369,No
P0367,36010616,6638401,4293034,3665745,14597180,No
P0368,21810944,5204496,6736058,140382,12080936,No
P0369,35400625,3512514,2742403,3224089,9479006,No
P0370,25986429,6622885,2975267,3156045,12754197,No
P0371,12264179,6252084,4203846,1050671,11506601,No
P0372,17930230,1640546,4554090,3719200,9913836,No
P0373,44397483,3169410,1212535,4998473,9380418,No
P0374,17851420,7432100,3074221,905531,11411852,No
P0375,45241047,1134804,5879202,1892756,8906762,No
P0376,16642408,7321762,4752276,380817,12454855,No
P0377,30103350,4877237,2992905,1497755,9367897,No
P0378,39922134,4429606,842754,2840229,8112589,No
P0379,19324065,8889064,7131807,4847408,20868279,Yes
P0380,14912189,3072589,7499236,3024636,13596461,No
P0381,45149569,4920917,5919413,3106650,13946980,No
P0382,16336680,9368357,4608179,4251505,18228041,Yes
P0383,6151178,1705428,709519,4822444,7237391,Yes
P0384,22022047,3762595,6394549,4038352,14195496,No
P0385,21684051,5566866,4403238,2761042,12731146,No
P0386,23291561,530090,1893984,2352673,4776747,No
P0387,36588855,3098556,4402269,448807,7949632,No
P0388,45765493,3028091,5909414,1390689,10328194,No
P0389,13787603,9551247,4061806,711989,14325042,Yes
P0390,9709838,7326904,3271972,912539,11511415,Yes
P0391,44302249,8327857,5978992,3529378,17836227,No
P0392,7898728,6428129,3653800,880181,10962110,Yes
P0393,22842228,3972402,4171614,1077458,9221474,No
P0394,32033454,6826478,3337581,3177363,13341422,No
P0395,24391954,8979061,4623472,827282,14429815,No
P0396,11290007,5578774,6166690,2627853,14373317,Yes
P0397,17153027,7020766,2076787,696994,9794547,No
P0398,9458429,7917381,3703329,2703970,14324680,Yes
P0399,43981406,7026224,5906518,801251,13733993,No
P0400,32747826,6213663,5309137,4699896,16222696,No
P0401,26178117,8443946,612280,2451920,11508146,No
P0402,40369847,4416780,1855765,2213247,8485792,No
P0403,46646191,2487636,2406015,1679944,6573595,No
P0404,36920744,3427938,7134791,2085665,12648394,No
P0405,14499395,2243765,4419421,3812934,10476120,No
P0406,22626146,4517588,5440169,2934572,12892329,No
P0407,28836838,5499523,6469316,3392336,15361175,No
P0408,17718361,2973866,7826423,2179630,12979919,No
P0409,6913473,937095,2928765,4040072,7905932,Yes
P0410,32494661,8810900,7860736,2570870,19242506,No
P0411,28678088,4563027,3031881,3648375,11243283,No
P0412,6552621,4986055,5922981,1336773,12245809,Yes
P0413,26831131,1126024,6644588,4968533,12739145,No
P0414,38271400,7358528,3818421,3903773,15080722,No
P0415,11917700,5096005,7507438,977275,13580718,Yes
P0416,35437774,6297581,3631229,4136362,14065172,No
P0417,32920276,5910688,6665589,1862509,14438786,No
P0418,30986313,1481050,3873267,4199913,9554230,No
P0419,49611258,5743382,5100711,607850,11451943,No
P0420,37929272,8475715,6493698,958127,15927540,No
P0421,40364628,9438927,1638711,1498143,12575781,No
P0422,29705461,636623,5021925,2997486,8656034,No
P0423,10495549,9843909,606277,4040067,14490253,Yes
P0424,26773363,9275273,916825,1805110,11997208,No
P0425,37511766,9261746,7251900,3134731,19648377,No
P0426,47088660,5876223,5771464,4788326,16436013,No
P0427,14022252,1658567,827823,4802124,7288514,No
P0428,36068087,4602943,2248795,2299476,9151214,No
P0429,22697344,3096892,1043628,661269,4801789,No
P0430,11359613,1631455,5792718,773678,8197851,No
P0431,23050766,4274420,6836060,2376782,13487262,No
P0432,30205230,7911634,4119340,291944,12322918,No
P0433,46689405,7087066,5336572,4415594,16839232,No
P0434,6900936,544350,3715921,1596344,5856615,No
P0435,40827681,9936722,6394323,3491554,19822599,No
P0436,12869549,9617021,3844970,1875127,15337118,Yes
P0437,40852676,7561851,3037432,1011186,11610469,No
P0438,19010592,9601510,7252173,4897800,21751483,Yes
P0439,42448989,7941221,3241565,524783,11707569,No
P0440,9891530,918305,5471024,4616749,11006078,Yes
P0441,30165284,2496312,4932915,1420680,8849907,No
P0442,26934875,9737703,1588184,1273449,12599336,No
P0443,7476567,8986640,7763843,1654246,18404729,Yes
P0444,37173431,5904272,6812411,3087072,15803755,No
P0445,40611170,2119760,470748,1875440,4465948,No
P0446,6538041,5299496,2115830,2638791,10054117,Yes
P0447,37582441,9667278,5762689,2523407,17953374,No
P0448,32140886,4469189,685769,2683051,7838009,No
P0449,42144552,9990138,5451097,1771501,17212736,No
P0450,17195159,4198715,6076926,870974,11146615,No
P0451,38854111,9507281,1011741,1492069,12011091,No
P0452,43072425,8558841,6105182,2628467,17292490,No
P0453,42842332,961052,4241380,3627209,8829641,No
P0454,21085481,9736373,6156919,1485907,17379199,No
P0455,26609311,7141063,2527508,4365649,14034220,No
P0456,25900131,7651035,4146978,4728460,16526473,No
P0457,14636055,4963992,7766079,2675556,15405627,Yes
P0458,46283006,954265,7867547,2881991,11703803,No
P0459,29859363,2515678,1611979,1539361,5667018,No
P0460,40699745,7665080,6184047,803993,14653120,No
P0461,43423568,4347294,947005,4023049,9317348,No
P0462,18666942,6098180,1603829,4765108,12467117,No
P0463,45719276,1115945,7426909,2144999,10687853,No
P0464,8751633,6032001,7129758,3245615,16407374,Yes
P0465,41691222,7760229,1480088,2930784,12171101,No
P0466,6618367,2873230,5244820,1672592,9790642,Yes
P0467,26303230,6550761,2140031,2390712,11081504,No
P0468,47538335,9223196,6164456,1292195,16679847,No
P0469,34954080,3390888,5791123,2479612,11661623,No
P0470,48053828,7347342,1184372,4658668,13190382,No
P0471,25337134,2583145,4178625,1610247,8372017,No
P0472,26806572,1875180,4277618,2059849,8212647,No
P0473,47991903,6660731,2984680,4253711,13899122,No
P0474,37417920,6660946,7573604,3933764,18168314,No
P0475,27565756,6996921,7651127,4183708,18831756,No
P0476,38199686,9982656,7929147,1839471,19751274,No
P0477,5744956,6990869,7712824,3982726,18686419,Yes
P0478,22698715,8644062,3507449,492462,12643973,No
P0479,13903952,3019739,4782478,650943,8453160,No
P0480,46340611,6176818,5582711,3487419,15246948,No
P0481,10587955,5236879,345979,2087386,7670244,No
P0482,43764482,8710234,1525620,1924027,12159881,No
P0483,30162926,9443803,4007935,3761320,17213058,No
P0484,11129471,2894044,1073744,4530441,8498229,No
P0485,24370263,6026765,2421852,4519293,12967910,No
P0486,46516243,9333546,5015991,3635639,17985176,No
P0487,29526353,7202290,5010172,2667523,14879985,No
P0488,17176784,9053714,7500020,3485640,20039374,Yes
P0489,26223141,6744068,2431067,4485627,13660762,No
P0490,22067611,9115540,5255098,2060086,16430724,No
P0491,35255299,1343308,3330366,4792249,9465923,No
P0492,46754746,2117799,2306937,3103980,7528716,No
P0493,47905375,6713186,650215,2221971,9585372,No
P0494,41160305,5433022,1316678,2556473,9306173,No
P0495,10646842,660502,7138781,4765837,12565120,Yes
P0496,18608223,6850880,5121949,3972147,15944976,No
P0497,22685191,4233745,5731172,2124673,12089590,No
P0498,44316348,5919858,3830804,303044,10053706,No
P0499,31697589,2352057,4248799,1820092,8420948,No
P0500,16253205,7055622,5094750,129685,12280057,No
P0501,40624011,6906178,2342387,2267438,11516003,No
P0502,15778176,3782626,1941261,4703426,10427313,No
P0503,44584790,3881281,6602078,2717952,13201311,No
P0504,31756441,4763348,2594189,1214514,8572051,No
P0505,22727774,2208575,444488,4861304,7514367,No
P0506,22063931,6941658,511929,2599712,10053299,No
P0507,33831610,9407454,5670194,367289,15444937,No
P0508,18568404,3879909,7813835,307531,12001275,No
P0509,24327988,4995481,7180540,2548811,14724832,No
P0510,25723021,4892052,1123913,4393380,10409345,No
P0511,34548438,9371193,6270710,1752768,17394671,No
P0512,9309720,6804212,721753,3948118,11474083,Yes
P0513,27921534,6941086,7385238,2824185,17150509,No
P0514,41910436,4592445,3146381,3834886,11573712,No
P0515,44963957,8606633,4685901,4197377,17489911,No
P0516,27753018,1290097,4777109,481553,6548759,No
P0517,19064997,6849136,581632,1248732,8679500,No
P0518,47286938,3865539,6829291,4702949,15397779,No
P0519,24841187,2376697,7290921,3175120,12842738,No
P0520,47539232,5925442,4489575,3390893,13805910,No
P0521,24167579,3436993,5105866,3562016,12104875,No
P0522,34028875,9370145,3455814,1674418,14500377,No
P0523,16463744,3586565,1720014,394873,5701452,No
P0524,37571888,7765924,6862749,4377906,19006579,No
P0525,22060747,9232834,7852062,1077119,18162015,No
P0526,32722494,5723275,3173380,3239729,12136384,No
P0527,10565611,8491634,2166178,1263243,11921055,Yes
P0528,8373474,577587,1604025,1633144,3814756,No
P0529,29782634,9870534,7509574,365826,17745934,No
P0530,34050422,4717996,3574546,2006656,10299198,No
P0531,26739129,1764062,3507417,1840695,7112174,No
P0532,44371901,4608117,1896093,467198,6971408,No
P0533,20637388,2911225,1742504,1124331,5778060,No
P0534,30605881,7110013,7675567,4713364,19498944,No
P0535,25015495,4672755,429615,1472861,6575231,No
P0536,26794875,6579207,4893627,221622,11694456,No
P0537,28396362,9578072,7390628,4316601,21285301,No
P0538,22131942,4706306,5860232,4964697,15531235,No
P0539,27553222,7623673,1927397,2882726,12433796,No
P0540,31814475,7725195,4391930,2744325,14861450,No
P0541,12056234,8128346,6655980,809229,15593555,Yes
P0542,44249556,6297794,4498807,633191,11429792,No
P0543,24474327,3382485,416015,1985078,5783578,No
P0544,36641596,4632980,1462771,4014079,10109830,No
P0545,41969083,4820309,3120630,4065331,12006270,No
P0546,17638279,7788664,872407,4832537,13493608,No
P0547,29433811,6197994,5945302,2584746,14728042,No
P0548,27078874,2144674,6167293,4833612,13145579,No
P0549,35055112,6470031,4464183,120229,11054443,No
P0550,7615819,1473395,7241728,3316751,12031874,Yes
P0551,6613746,9551211,343881,2715771,12610863,Yes
P0552,32925326,8330767,1958549,3362918,13652234,No
P0553,24765449,2632966,2428100,3390288,8451354,No
P0554,19246472,938278,6610819,123458,7672555,No
P0555,23720802,8719503,6208814,3657752,18586069,No
P0556,10740241,912332,5326405,4256234,10494971,No
P0557,25882094,2138790,7554595,2681692,12375077,No
P0558,25944548,1966783,7159957,3167908,12294648,No
P0559,48521841,8853899,5917950,1952057,16723906,No
P0560,19075358,8471843,404776,1769514,10646133,No
P0561,25117993,6844186,2732588,1485501,11062275,No
P0562,13132568,8372916,7706747,377027,16456690,Yes
P0563,5155397,3559312,7517069,1455560,12531941,Yes
P0564,31605851,1963914,2543160,380529,4887603,No
P0565,19631342,6116781,1413063,4904488,12434332,No
P0566,8240262,3106699,3968294,2243557,9318550,Yes
P0567,11042534,599167,2898336,2899629,6397132,No
P0568,47026278,1415174,5184426,3352270,9951870,No
P0569,19761035,9558069,5059930,1508204,16126203,No
P0570,14819367,7539096,2464084,2094870,12098050,No
P0571,37412110,3214102,2211521,902233,6327856,No
P0572,16986400,5163551,5953806,3471599,14588956,No
P0573,24267008,5368873,1571193,4285840,11225906,No
P0574,10684701,5681729,5603591,4466914,15752234,Yes
P0575,39607856,1622754,7435019,1786561,10844334,No
P0576,5903330,4356073,3208124,3430906,10995103,Yes
P0577,19522827,798428,1485399,3294810,5578637,No
P0578,40780473,5005828,4209361,354457,9569646,No
P0579,9649095,5997500,7515838,4927958,18441296,Yes
P0580,37121547,8493854,758019,4572884,13824757,No
P0581,12775577,9658866,3432447,3971740,17063053,Yes
P0582,11458361,9848902,5376332,111998,15337232,Yes
P0583,34100875,8250137,6395329,235638,14881104,No
P0584,33179975,1024420,3121499,3260807,7406726,No
P0585,7490940,8952923,331902,3839202,13124027,Yes
P0586,42880714,7688873,6708083,4783020,19179976,No
P0587,46156638,2935032,6870217,3551547,13356796,No
P0588,28409553,4059039,5772771,3068687,12900497,No
P0589,12311019,8482603,5942911,567496,14993010,Yes
P0590,42688753,4237691,5327053,3879185,13443929,No
P0591,5961996,4676844,4395333,3574247,12646424,Yes
P0592,39523649,7276585,4875442,3856378,16008405,No
P0593,15828607,7740545,6692282,2507090,16939917,Yes
P0594,16391032,8614365,5366348,3551204,17531917,Yes
P0595,41653348,1422243,1682703,533380,3638326,No
P0596,30012897,6235105,7614515,4891937,18741557,No
P0597,47851821,1267782,684470,1126134,3078386,No
P0598,48670892,9179382,1833941,260604,11273927,No
P0599,15529771,872519,5684295,4324292,10881106,No
P0600,42541839,4751592,7269688,4771570,16792850,No
P0601,43769938,2230992,7951148,4606106,14788246,No
P0602,13844779,1172554,7309219,694750,9176523,No
P0603,17878690,5143002,2118198,254920,7516120,No
P0604,36037928,5168104,5418053,2300787,12886944,No
P0605,39112339,705786,2005033,4775625,7486444,No
P0606,24013586,8969275,7199961,4380569,20549805,No
P0607,44981406,9051629,6006111,4799536,19857276,No
P0608,27685684,4538655,1278459,440057,6257171,No
P0609,40631087,4664605,703336,1916946,7284887,No
P0610,6057293,7510978,3353658,858277,11722913,Yes
P0611,41682662,6055402,2036625,1170073,9262100,No
P0612,38221697,1162156,7807316,4093803,13063275,No
P0613,27709091,1228987,4584128,3235208,9048323,No
P0614,29053049,4119913,6236409,4661800,15018122,No
P0615,43775038,5407440,3822776,1276143,10506359,No
P0616,22914969,3965411,2241013,2729018,8935442,No
P0617,48920312,8829729,6381185,3017541,18228455,No
P0618,7850071,6718349,2726515,2994254,12439118,Yes
P0619,42631617,3641428,6668512,1496232,11806172,No
P0620,29545514,8465652,3755031,2663427,14884110,No
P0621,28475854,2996708,2149977,857923,6004608,No
P0622,25892746,877827,7849881,110734,8838442,No
P0623,25452420,1416538,5489427,347244,7253209,No
P0624,47485724,3165569,6114780,4677678,13958027,No
P0625,28524565,5035915,2757557,3482915,11276387,No
P0626,27913360,1764239,4331855,4198844,10294938,No
P0627,27464457,5461572,3267614,4531550,13260736,No
P0628,6720989,6541033,2176109,498899,9216041,Yes
P0629,19561764,1076754,722666,4187636,5987056,No
P0630,22047498,2039495,4722392,3315079,10076966,No
P0631,12256918,9789054,2460933,3061184,15311171,Yes
P0632,15985823,9140203,7504490,2851650,19496343,Yes
P0633,41967024,2867365,4453240,1527678,8848283,No
P0634,23172532,3426680,6596006,1738107,11760793,No
P0635,10361577,7566003,7090376,2221820,16878199,Yes
P0636,25857862,9144762,977006,4845588,14967356,No
P0637,21097736,5818922,6453936,960802,13233660,No
P0638,7076270,9420903,2518682,4836207,16775792,Yes
P0639,20556458,7080848,2059679,2496696,11637223,No
P0640,35900440,2708895,3636781,110224,6455900,No
P0641,10464790,5115989,6014050,1176669,12306708,Yes
P0642,37234993,6508331,7271712,343325,14123368,No
P0643,30948600,2643550,7662163,2629812,12935525,No
P0644,29452157,1337447,5599740,3465675,10402862,No
P0645,16624583,6398399,547235,1336416,8282050,No
P0646,5462530,6167942,2419806,3936860,12524608,Yes
P0647,41077724,3801467,1885584,4884403,10571454,No
P0648,49879440,4283663,2688428,1083982,8056073,No
P0649,43644327,8525892,3654601,1145144,13325637,No
P0650,17262646,4550922,2365620,822589,7739131,No
P0651,44679829,4534930,2255275,937423,7727628,No
P0652,13217080,6298221,1184627,3654954,11137802,No
P0653,27394185,1489809,5893751,221366,7604926,No
P0654,5374962,7462199,6809682,2352953,16624834,Yes
P0655,42711515,1633928,7316915,1305706,10256549,No
P0656,24753337,974511,2768417,1765137,5508065,No
P0657,9359430,5304479,7721011,299793,13325283,Yes
P0658,10384560,2071064,3807283,3754063,9632410,No
P0659,6688874,7734532,6598861,4348306,18681699,Yes
P0660,27402592,8221124,4902658,974526,14098308,No
P0661,41168887,8617123,5351025,1532335,15500483,No
P0662,27855137,2566771,5834778,3294842,11696391,No
P0663,6123729,4622145,7420056,2298924,14341125,Yes
P0664,35667185,9340828,1212733,2802621,13356182,No
P0665,39538790,6699731,624983,3235831,10560545,No
P0666,33745645,932309,2010352,2771118,5713779,No
P0667,17370709,2584355,5052015,1454809,9091179,No
P0668,33817486,6155697,3756739,3172808,13085244,No
P0669,40828043,7245912,5644130,4812776,17702818,No
P0670,17836706,1484086,7106896,860477,9451459,No
P0671,23714578,1070745,1582264,1866388,4519397,No
P0672,39323804,880776,5241701,1247111,7369588,No
P0673,30552867,3994188,1697073,128398,5819659,No
P0674,42007794,7759316,4226818,4748248,16734382,No
P0675,24684262,929195,7338590,503350,8771135,No
P0676,28050911,4054963,6737205,1851472,12643640,No
P0677,22824640,9179902,2884314,2042584,14106800,No
P0678,46195935,8374965,7783593,1648226,17806784,No
P0679,26519468,3221220,4786159,4498081,12505460,No
P0680,26093556,8381236,5150880,326353,13858469,No
P0681,41033404,1575584,3664189,248114,5487887,No
P0682,28529716,5207391,617110,3977080,9801581,No
P0683,14440287,1681953,6294291,4704201,12680445,No
P0684,43396449,3879123,1999417,3231760,9110300,No
P0685,33100654,5449982,770554,1897780,8118316,No
P0686,27294992,6921795,5297553,3498583,15717931,No
P0687,6817042,5258950,3729388,2856050,11844388,Yes
P0688,24732301,6377705,7639336,1851462,15868503,No
P0689,29816355,9785464,4420336,179238,14385038,No
P0690,12475956,5029676,1792285,3927136,10749097,No
P0691,17874208,8349044,5753447,4224741,18327232,Yes
P0692,30753750,4607359,1762394,4461384,10831137,No
P0693,17300337,1966277,1107248,1631521,4705046,No
P0694,38538041,609900,7819035,4273109,12702044,No
P0695,45284147,7385756,2639691,1614330,11639777,No
P0696,47108881,4900814,5030543,4184353,14115710,No
P0697,39845208,2429615,3615085,4498416,10543116,No
P0698,21986881,5093639,6405869,1407402,12906910,No
P0699,49316083,3839291,1748119,3232154,8819564,No
P0700,38618021,3647061,6901177,2429122,12977360,No
P0701,40875154,4535333,5589427,2595748,12720508,No
P0702,13032716,4937940,536393,3195117,8669450,No
P0703,10626760,9484548,3251681,115970,12852199,Yes
P0704,30054297,2629037,6710777,3934971,13274785,No
P0705,12009347,2410950,430254,3256495,6097699,No
P0706,40541434,9771831,2201493,2331863,14305187,No
P0707,44913336,7092688,3946491,4180593,15219772,No
P0708,23007076,1642984,1709744,2471046,5823774,No
P0709,25057807,957355,854788,720425,2532568,No
P0710,28995275,2478484,4572080,1822455,8873019,No
P0711,41535426,3205567,676489,3740829,7622885,No
P0712,17344820,4209602,5648735,764285,10622622,No
P0713,13750945,2747542,7532277,2309812,12589631,No
P0714,39999656,9515467,3360325,3883330,16759122,No
P0715,48985869,3892835,3567736,2779725,10240296,No
P0716,9398835,948268,5045938,3518434,9512640,Yes
P0717,45173602,1087926,791701,3647432,5527059,No
P0718,28461922,5882756,5176303,4283738,15342797,No
P0719,27341347,5134046,5897617,2212745,13244408,No
P0720,42641301,3093485,650857,3434254,7178596,No
P0721,29707821,5154773,3178203,1279894,9612870,No
P0722,43319016,6931404,3091761,2742901,12766066,No
P0723,15814937,6278463,2368570,4271056,12918089,No
P0724,46452314,8689870,5583974,2141342,16415186,No
P0725,38931307,4057487,2544624,620423,7222534,No
P0726,48168023,6555933,5322348,998555,12876836,No
P0727,7156208,6834121,4762999,1832465,13429585,Yes
P0728,47221057,6846795,3342534,949609,11138938,No
P0729,40475435,6893186,5783621,4463116,17139923,No
P0730,23216461,7856541,7198472,192669,15247682,No
P0731,20994727,8373705,2042069,3275870,13691644,No
P0732,14749398,9633915,7689568,4771400,22094883,Yes
P0733,22283167,8440666,2094389,1974298,12509353,No
P0734,34730284,6766506,4269207,640624,11676337,No
P0735,32781478,1089423,7982786,773364,9845573,No
P0736,38859377,5692853,5342611,1988318,13023782,No
P0737,38506485,901634,1428970,1031874,3362478,No
P0738,16888131,3260471,6907435,1098845,11266751,No
P0739,35389833,2207415,2340945,2838381,7386741,No
P0740,31464569,6211740,1192254,2897545,10301539,No
P0741,46064536,5023483,1094323,4317023,10434829,No
P0742,26444405,1652946,3144563,154156,4951665,No
P0743,35711717,1014419,1057182,2676531,4748132,No
P0744,42881439,2488946,4531000,3915099,10935045,No
P0745,23630717,9908288,4549577,2810128,17267993,No
P0746,5928955,4501512,5303901,3372179,13177592,Yes
P0747,43266903,8191481,7238361,2427450,17857292,No
P0748,42409700,6178518,2103096,2061208,10342822,No
P0749,29240119,911094,5319452,2716144,8946690,No
P0750,18772393,5743594,4871235,863185,11478014,No
P0751,48311421,2534418,3707447,4448347,10690212,No
P0752,24701414,9729959,2814743,949685,13494387,No
P0753,39703595,3572404,1414187,2951049,7937640,No
P0754,6780844,7736103,7555530,2549452,17841085,Yes
P0755,18389403,8160779,6624624,4339267,19124670,Yes
P0756,23173676,5111899,6654159,2422054,14188112,No
P0757,31839395,9930484,7009053,4287051,21226588,No
P0758,8603912,6221656,2360579,3151605,11733840,Yes
P0759,6394903,3906837,3721116,1211829,8839782,Yes
P0760,5685132,8682107,7816009,1447584,17945700,Yes
P0761,38399497,3101872,2529286,1710764,7341922,No
P0762,14764339,6966012,6486650,4039259,17491921,Yes
P0763,25476986,1148463,2609063,664287,4421813,No
P0764,48949315,4841573,3904005,2823307,11568885,No
P0765,31667401,6167014,3090826,2518253,11776093,No
P0766,11326031,8865934,1836160,1855132,12557226,Yes
P0767,44811270,6692864,5852596,2168125,14713585,No
P0768,13132018,2018213,4065836,2692144,8776193,No
P0769,28106045,1281031,3565710,903854,5750595,No
P0770,24133770,2061561,2576797,2353146,6991504,No
P0771,19044211,3618147,2427608,1074580,7120335,No
P0772,28326469,5389340,3745074,591932,9726346,No
P0773,15091673,6603477,2351555,4726213,13681245,No
P0774,43065102,3786038,4893002,202260,8881300,No
P0775,15849847,5662116,5658294,2473970,13794380,No
P0776,44104061,816278,2223637,3897987,6937902,No
P0777,13438424,8297520,7710902,1490704,17499126,Yes
P0778,38047964,6202570,6067340,1241597,13511507,No
P0779,23186064,2345824,5616292,3546290,11508406,No
P0780,31052604,9100976,7331566,3461450,19893992,No
P0781,27339518,8289000,2442054,2620525,13351579,No
P0782,44074881,9992787,4729205,216315,14938307,No
P0783,10813956,4363212,2513477,1132498,8009187,No
P0784,36873295,721931,5693015,2311054,8726000,No
P0785,8420021,3595586,985499,4508384,9089469,Yes
P0786,18437254,3986909,5382139,3947649,13316697,No
P0787,9674124,8563846,6130650,1835191,16529687,Yes
P0788,25149522,2631722,2449731,1426320,6507773,No
P0789,17198851,2977443,4818860,4979094,12775397,No
P0790,34033297,8073506,6188696,1740131,16002333,No
P0791,21934582,1219389,3643012,4403490,9265891,No
P0792,32249619,4245933,7736207,392910,12375050,No
P0793,19123179,3263930,4295032,2444981,10003943,No
P0794,12328392,6387103,5262309,4444538,16093950,Yes
P0795,29113103,5813441,478560,4407242,10699243,No
P0796,26747532,3589395,6407947,2815773,12813115,No
P0797,31925599,4038271,941991,4256804,9237066,No
P0798,46899414,5326066,1571526,212769,7110361,No
P0799,7792993,7246595,2282443,1464472,10993510,Yes
P0800,37936393,6335664,5133820,2888771,14358255,No
P0801,6080098,3458740,3393482,255673,7107895,Yes
P0802,24776860,2779065,6419477,3147457,12345999,No
P0803,43387066,1298287,1761311,1082239,4141837,No
P0804,37085179,4951371,6141576,2331596,13424543,No
P0805,35596353,2350220,7497841,3961486,13809547,No
P0806,19306037,8951886,2764992,4393766,16110644,No
P0807,31713169,2369723,1565588,1593669,5528980,No
P0808,13072369,3142515,3016054,589784,6748353,No
P0809,11726376,1353493,7899389,3237935,12490817,Yes
P0810,5807383,8730956,1252439,2517224,12500619,Yes
P0811,49660174,4186108,5471762,605743,10263613,No
P0812,29510086,9755480,993338,1183225,11932043,No
P0813,11469505,919048,3267531,1228302,5414881,No
P0814,32212944,2028361,2548755,1118727,5695843,No
P0815,43916672,912523,5949299,2006135,8867957,No
P0816,11279416,5868018,323401,572841,6764260,No
P0817,20333746,9352878,900652,1216689,11470219,No
P0818,24891926,8522077,599181,3160030,12281288,No
P0819,21286707,1756431,7399345,167915,9323691,No
P0820,6014735,1557980,1131235,2069916,4759131,No
P0821,47853359,6067945,1248574,944261,8260780,No
P0822,49011550,8423743,7596096,4620375,20640214,No
P0823,13561045,4946582,1039985,3871938,9858505,No
P0824,47514971,3273752,1785401,3187966,8247119,No
P0825,7032867,4591864,2197512,2975798,9765174,Yes
P0826,11064779,1532658,2151940,3229597,6914195,No
P0827,39354876,6311763,5612362,3736237,15660362,No
P0828,25823565,1765866,4959339,3859264,10584469,No
P0829,29734893,2198354,2079315,2993772,7271441,No
P0830,23292472,662115,6292081,4739487,11693683,No
P0831,22701939,3936841,731579,2802003,7470423,No
P0832,43322534,2774733,6143369,3688543,12606645,No
P0833,33997918,1074353,7786036,465372,9325761,No
P0834,33401929,3989241,2821556,3427442,10238239,No
P0835,24554759,5992274,6922725,4031823,16946822,No
P0836,27213443,4176029,4138140,4746078,13060247,No
P0837,18658152,5611292,730042,461087,6802421,No
P0838,43194855,1616336,5610301,4811561,12038198,No
P0839,20213865,9314207,5256775,317765,14888747,No
P0840,14349654,1174124,1581546,1531745,4287415,No
P0841,18002463,5481101,6494408,1710333,13685842,No
P0842,32122688,9617625,5085055,881321,15584001,No
P0843,46328138,6154348,6843163,1843891,14841402,No
P0844,30733098,9305248,2795048,2552980,14653276,No
P0845,21961526,9826398,1504522,4832995,16163915,No
P0846,35155135,3104547,632722,174373,3911642,No
P0847,40263697,3418601,1401962,1503602,6324165,No
P0848,24013466,9233288,2610232,1873690,13717210,No
P0849,6819320,632384,3908513,945610,5486507,No
P0850,34464506,1931784,984476,2341449,5257709,No
P0851,29714598,1383303,6621715,1794056,9799074,No
P0852,20797158,5656331,2489645,4564271,12710247,No
P0853,9747699,9919825,4421565,979496,15320886,Yes
P0854,6668950,1578642,6511630,2719166,10809438,Yes
P0855,9469705,2625015,862588,1103817,4591420,No
P0856,35704802,6320554,3830439,3333949,13484942,No
P0857,18054752,5989399,5215627,1284388,12489414,No
P0858,16299110,3278456,2913697,3964480,10156633,No
P0859,12536467,6335008,1749194,3666318,11750520,No
P0860,33864630,7487721,2868198,3409315,13765234,No
P0861,22295903,8046181,5253498,3108759,16408438,No
P0862,47344942,9530585,2422293,1817629,13770507,No
P0863,16862329,2552505,1398060,226778,4177343,No
P0864,12266588,8679117,6465367,2957971,18102455,Yes
P0865,10327164,7820643,2098995,1192538,11112176,Yes
P0866,28049935,9119221,6760489,1846522,17726232,No
P0867,12701885,7891333,774360,4023214,12688907,No
P0868,45548121,4718140,4176070,2891079,11785289,No
P0869,48208977,7759332,1777489,663528,10200349,No
P0870,31836287,3269815,706073,2534474,6510362,No
P0871,45097434,8346404,739706,3861339,12947449,No
P0872,49599680,9574356,1923644,3256301,14754301,No
P0873,15896266,8005756,7821328,1204401,17031485,Yes
P0874,22985604,2722838,6284503,1163559,10170900,No
P0875,47740881,3673274,7154914,2212293,13040481,No
P0876,36502542,1427154,7630491,4996085,14053730,No
P0877,17905016,9847756,619755,920653,11388164,No
P0878,40845066,4709881,7975919,3295788,15981588,No
P0879,29666003,694644,2732543,501681,3928868,No
P0880,20609637,4727091,4134457,4841728,13703276,No
P0881,31450329,782682,4211890,4776248,9770820,No
P0882,42070745,6473373,4813929,4729467,16016769,No
P0883,20633910,8959655,3970033,1512839,14442527,No
P0884,37571797,6933310,5121059,4028553,16082922,No
P0885,26037534,9335382,4698853,2754003,16788238,No
P0886,14236027,9817839,5627110,2734400,18179349,Yes
P0887,49901182,9028681,7242589,3228121,19499391,No
P0888,11725887,9878171,5600792,4161071,19640034,Yes
P0889,30775168,5469179,7529988,4086650,17085817,No
P0890,31105694,3280232,6923672,3016997,13220901,No
P0891,30936234,5652188,2801627,367423,8821238,No
P0892,9959179,7871805,7781761,1528510,17182076,Yes
P0893,18260669,7428121,5587188,1742640,14757949,No
P0894,37540639,7998894,3714804,3974421,15688119,No
P0895,22962081,8975515,2377356,3144144,14497015,No
P0896,21208402,9855811,3466273,2787542,16109626,No
P0897,42723654,9166292,706557,1599839,11472688,No
P0898,36620643,8820755,2648574,2509246,13978575,No
P0899,22023655,6456970,4217214,4769971,15444155,No
P0900,22686797,574628,2029890,270107,2874625,No
P0901,7533141,3086822,2180398,1472852,6740072,No
P0902,13864654,2382853,7157302,2299910,11840065,No
P0903,8694697,7279351,3879266,1346283,12504900,Yes
P0904,38405885,5112268,3028545,3024083,11164896,No
P0905,38670027,6341705,2826748,3499786,12668239,No
P0906,12227119,1271434,5796032,3929014,10996480,No
P0907,12014535,1650560,6757205,2405617,10813382,No
P0908,24265892,5696138,5822181,2188996,13707315,No
P0909,47178966,5118074,1498918,2133360,8750352,No
P0910,44014410,941699,5360755,2396049,8698503,No
P0911,23007401,6273448,4594537,2067776,12935761,No
P0912,42738408,8987046,7309822,2268178,18565046,No
P0913,42968220,5498635,2798900,1104398,9401933,No
P0914,42254972,826111,3275853,1380221,5482185,No
P0915,34917057,3911406,5322148,2550415,11783969,No
P0916,13268500,6850780,4404811,484472,11740063,No
P0917,26659069,9668342,1097049,1948265,12713656,No
P0918,11843778,2242537,6778769,1202709,10224015,No
P0919,7718881,3791251,3821271,260056,7872578,Yes
P0920,16289915,7861594,1807288,4756468,14425350,No
P0921,37277470,5637462,5899424,1244647,12781533,No
P0922,16908061,8226824,2784985,937913,11949722,No
P0923,27752647,4771631,3748854,2033069,10553554,No
P0924,49413707,3089704,4325442,1293722,8708868,No
P0925,18372134,6710458,6181831,1477482,14369771,No
P0926,37893265,7983142,6963258,3277902,18224302,No
P0927,36202546,6969595,6909887,4243511,18122993,No
P0928,21412243,8617691,492674,1746145,10856510,No
P0929,18000916,7909092,676105,2494559,11079756,No
P0930,12294055,3222156,1710564,1149043,6081763,No
P0931,36131203,4718723,4898649,372803,9990175,No
P0932,43584573,1568359,2552842,496766,4617967,No
P0933,25841578,2864304,4898563,961167,8724034,No
P0934,25299511,3846330,1054569,2879429,7780328,No
P0935,12898692,6452516,6723255,1232770,14408541,Yes
P0936,45575417,1465180,3881362,1503358,6849900,No
P0937,35275815,4757774,7147782,4252264,16157820,No
P0938,42457425,3826731,6161026,3339277,13327034,No
P0939,18192828,6864918,6981987,1813044,15659949,No
P0940,11546666,2957020,7870396,3376240,14203656,Yes
P0941,22344239,2837179,760101,4707503,8304783,No
P0942,27854674,2002400,5599113,2057892,9659405,No
P0943,49847409,9549812,1169551,3393158,14112521,No
P0944,27988447,3370495,2554040,4424890,10349425,No
P0945,35784498,3941553,5446294,2727815,12115662,No
P0946,7755358,7834148,4581710,3527583,15943441,Yes
P0947,9833276,643424,2301890,1410739,4356053,No
P0948,29886387,7165019,3292080,2372325,12829424,No
P0949,32820687,3236870,7948072,375224,11560166,No
P0950,31814660,2842020,2441419,4578114,9861553,No
P0951,46204390,3504346,939148,4132285,8575779,No
P0952,46069058,3381273,1778997,3683203,8843473,No
P0953,21561410,7857479,5980992,648268,14486739,No
P0954,16055373,720731,4605464,2473876,7800071,No
P0955,44072660,7597364,5920705,1941833,15459902,No
P0956,11175247,9404623,3623269,3910028,16937920,Yes
P0957,47242199,4016095,1034159,3827617,8877871,No
P0958,7517304,1207732,831892,2125448,4165072,No
P0959,6095822,4876069,493962,4476309,9846340,Yes
P0960,34115961,7284471,7989296,789683,16063450,No
P0961,31697961,813710,7647326,901905,9362941,No
P0962,29587201,5074583,3171399,4936110,13182092,No
P0963,36780147,6582040,534594,3698605,10815239,No
P0964,42746199,8335969,5733432,2691532,16760933,No
P0965,28201163,3158381,507498,4816164,8482043,No
P0966,21635927,733855,2751788,1163577,4649220,No
P0967,27781666,9353730,3835197,201745,13390672,No
P0968,12105187,4595645,2123992,4509712,11229349,No
P0969,12937749,8575572,5500471,3484647,17560690,Yes
P0970,20457377,4760633,7582625,4369645,16712903,No
P0971,26691147,971137,1656719,3619071,6246927,No
P0972,10643707,7879675,7609745,2475822,17965242,Yes
P0973,35446595,4950230,5295565,645467,10891262,No
P0974,44207338,1890975,5175261,2235097,9301333,No
P0975,5473482,8601806,2137080,4621069,15359955,Yes
P0976,38278759,4680427,4030974,3205303,11916704,No
P0977,6084348,6645280,1943108,1138520,9726908,Yes
P0978,13817490,5428186,4999566,4042741,14470493,Yes
P0979,10719548,9458384,3023141,822614,13304139,Yes
P0980,44813282,3954142,5803458,2311536,12069136,No
P0981,20651674,5610333,609608,2065267,8285208,No
P0982,14732268,6455259,3937847,3222329,13615435,No
P0983,38642383,5806136,4113088,3756549,13675773,No
P0984,48096369,9219356,2548051,3285674,15053081,No
P0985,20862886,5571959,5866572,3788099,15226630,No
P0986,19652115,7031845,7849744,1937386,16818975,No
P0987,24966133,6925628,6023327,2128464,15077419,No
P0988,14847771,7474413,2972389,2859829,13306631,No
P0989,29148601,8551517,2685616,3514043,14751176,No
P0990,24415130,4792899,5876747,380557,11050203,No
P0991,25036825,9797292,508442,1279130,11584864,No
P0992,31760585,3801274,1007123,645437,5453834,No
P0993,7719870,1745576,5628307,3385926,10759809,Yes
P0994,41637180,5644063,4742159,3917584,14303806,No
P0995,32501183,7676685,530944,3882720,12090349,No
P0996,12509493,8048533,5259671,1129743,14437947,Yes
P0997,44752517,6853386,2486044,4891812,14231242,No
P0998,17416368,1565739,4103287,2023324,7692350,No
P0999,21734784,516160,3606765,3825200,7948125,No
P1000,20280539,8941969,7146206,1409664,17497839,No
