Project_ID,MaterialCost,LaborCost,EquipmentCost,Budget,ActualCost,Overrun
P0001,2484265,7864467,4684875,25080668,15033607,No
P0002,6962781,5209137,4189739,29236617,16361657,No
P0003,4904797,2305692,166463,10644034,7376952,No
P0004,4309683,7687790,299935,45294222,12297408,No
P0005,7066467,837588,4708256,11716877,12612311,Yes
P0006,7488942,6638738,109147,33969717,14236827,No
P0007,2061915,4717628,4643820,34717447,11423363,No
P0008,7970266,5733339,3280813,39350404,16984418,No
P0009,558218,5521364,449766,47719333,6529348,No
P0010,4069783,1854698,1449632,45362735,7374113,No
P0011,2605712,1865310,2559671,43795527,7030693,No
P0012,3856538,3233575,1848835,22918335,8938948,No
P0013,6372447,565488,2082872,29960020,9020807,No
P0014,9936261,4415933,711994,29793108,15064188,No
P0015,2344276,6794623,3874789,12440417,13013688,Yes
P0016,9041670,4272638,2189107,46681712,15503415,No
P0017,3462723,391384,503078,5854296,4357185,No
P0018,8294873,3217954,2181706,35786803,13694533,No
P0019,9261741,7666562,1121171,15294199,18049474,Yes
P0020,9302401,6555096,1530091,40872802,17387588,No
P0021,9923554,6297296,572136,12792138,16792986,Yes
P0022,4316145,5877038,1721966,40194825,11915149,No
P0023,5119890,2939079,4600753,42691869,12659722,No
P0024,3356646,4436097,239868,32135353,8032611,No
P0025,5199354,1732828,1726449,12918878,8658631,No
P0026,8115130,1765798,1371067,9916977,11251995,Yes
P0027,5599435,603470,4059530,30435457,10262435,No
P0028,6059249,1978788,3192850,5347289,11230887,Yes
P0029,5786944,6834915,3166373,37895928,15788232,No
P0030,2428406,4133433,650804,8612001,7212643,No
P0031,750312,6290529,3639456,22503365,10680297,No
P0032,5853756,3720299,966721,37974195,10540776,No
P0033,3040209,1509292,3404014,17690164,7953515,No
P0034,9183503,5228629,2146101,29063718,16558233,No
P0035,4019751,6178817,2735343,49178342,12933911,No
P0036,8088246,5580609,2153714,32124550,15822569,No
P0037,5105060,3331966,1887659,12408218,10324685,No
P0038,7504070,3414458,4535348,37153894,15453876,No
P0039,2342465,1535448,2431047,39984156,6308960,No
P0040,2144887,7235550,2477645,30789268,11858082,No
P0041,3490013,5419523,1329134,47372979,10238670,No
P0042,8066281,4384275,4411656,49822303,16862212,No
P0043,8611173,4559716,913787,8734883,14084676,Yes
P0044,947948,5388860,1359361,10957985,7696169,No
P0045,8189729,5739325,836436,40265655,14765490,No
P0046,7382866,2626178,4719094,6326410,14728138,Yes
P0047,1397516,429765,1202665,42296061,3029946,No
P0048,5241800,6586791,2431590,42659767,14260181,No
P0049,4355837,7495290,4880363,23237841,16731490,No
P0050,7105697,3733188,3452580,40690291,14291465,No
P0051,4847742,7705453,4608932,49580141,17162127,No
P0052,8837054,4964498,4631507,10441227,18433059,Yes
P0053,4725951,6018768,4830454,36734379,15575173,No
P0054,4589145,1507645,1729129,24206688,7825919,No
P0055,9862808,6449915,2798089,35301916,19110812,No
P0056,4652927,3828217,2099994,40454129,10581138,No
P0057,7825439,372276,4432049,14334610,12629764,No
P0058,4521524,6485139,4531326,18700897,15537989,No
P0059,8498995,4197941,1703969,10080568,14400905,Yes
P0060,9672145,5075314,4114902,32474007,18862361,No
P0061,4839583,2004826,485576,12106013,7329985,No
P0062,1188135,7164694,2077230,13908639,10430059,No
P0063,4248242,5979211,2161105,15426137,12388558,No
P0064,4505504,1918101,3476507,13439845,9900112,No
P0065,3331523,2226568,418714,44766690,5976805,No
P0066,2663018,965498,2490904,30958019,6119420,No
P0067,3299794,5042461,727817,5992794,9070072,Yes
P0068,1830116,7337218,2054385,38868302,11221719,No
P0069,5864550,6982014,4650470,32022691,17497034,No
P0070,2771799,3232301,3544656,40655460,9548756,No
P0071,3633940,4664907,567822,7234433,8866669,Yes
P0072,4626549,5110403,333747,35316213,10070699,No
P0073,4520515,2812762,4139810,48907926,11473087,No
P0074,9736415,6963454,1581812,45475043,18281681,No
P0075,6091891,6167588,2003644,34411414,14263123,No
P0076,2802297,6753991,956824,28933712,10513112,No
P0077,9820141,3840617,1999131,35413804,15659889,No
P0078,2715539,6654179,3434279,5224717,12803997,Yes
P0079,5270444,7766207,3546789,15496279,16583440,Yes
P0080,8562406,2635392,4698125,29780938,15895923,No
P0081,2462243,7354943,4620171,35918273,14437357,No
P0082,746124,6529578,4946999,17046970,12222701,No
P0083,4031195,4565406,2999838,47464715,11596439,No
P0084,9160419,2550215,3998380,42455260,15709014,No
P0085,2595646,2482430,288889,25645930,5366965,No
P0086,1390485,4206018,4637272,40497752,10233775,No
P0087,7415759,6374697,1683080,11800783,15473536,Yes
P0088,9389191,7388728,2132176,26975738,18910095,No
P0089,9686509,3232587,1953182,22075157,14872278,No
P0090,6482003,3172063,287055,24219314,9941121,No
P0091,6232379,5050231,1916890,46164017,13199500,No
P0092,9399159,3907592,2892082,35977874,16198833,No
P0093,6868850,5767757,2317249,28843984,14953856,No
P0094,8034044,1128065,4366547,30376303,13528656,No
P0095,9930797,3533097,762196,18979743,14226090,No
P0096,7447273,3831648,115027,39169959,11393948,No
P0097,7826176,2999983,100871,24960678,10927030,No
P0098,2043379,3347033,1402371,7512393,6792783,No
P0099,5755573,2110002,1825385,28634671,9690960,No
P0100,703214,1302681,1403825,28588488,3409720,No
P0101,8197443,5368180,2616923,11547836,16182546,Yes
P0102,6550174,3612862,3461720,49068090,13624756,No
P0103,5185803,906620,4393309,21732742,10485732,No
P0104,7858290,3950965,1082736,48402130,12891991,No
P0105,9422274,2637232,2202186,19115497,14261692,No
P0106,2074470,6141416,4512917,29501096,12728803,No
P0107,4354987,6303987,886070,33968296,11545044,No
P0108,1949749,7270399,2841780,34543998,12061928,No
P0109,7243390,3676305,1116378,39718854,12036073,No
P0110,2023598,4324164,624854,5141132,6972616,Yes
P0111,9473417,1234020,4316918,41009622,15024355,No
P0112,2978116,1269842,3247908,40918263,7495866,No
P0113,5263719,2984636,1252288,14588555,9500643,No
P0114,7478751,3569339,1865410,45371886,12913500,No
P0115,3736439,704278,2208244,24605692,6648961,No
P0116,4392328,7266006,4373042,45688595,16031376,No
P0117,7330880,3410248,2306234,34101039,13047362,No
P0118,6858006,2845596,3298532,37401664,13002134,No
P0119,8151039,1516419,3140683,48836632,12808141,No
P0120,9730737,3201482,2838556,35381687,15770775,No
P0121,4850425,7042926,3017978,31345807,14911329,No
P0122,9234544,3660332,1872988,27025660,14767864,No
P0123,3377764,560090,4879007,13974632,8816861,No
P0124,3444282,1087275,1576960,42521009,6108517,No
P0125,7860561,3199109,2746941,44426599,13806611,No
P0126,2207946,5431014,113961,10440952,7752921,No
P0127,7307693,7822248,2866478,23248132,17996419,No
P0128,7427450,6985529,1771899,46560656,16184878,No
P0129,9937473,2738965,4679580,32365628,17356018,No
P0130,6364542,4281304,4630741,47404481,15276587,No
P0131,8635657,2183049,744989,31907175,11563695,No
P0132,6102483,4641159,2098255,19085446,12841897,No
P0133,8411028,4695586,2146847,29978234,15253461,No
P0134,7276374,4889082,3142649,33996360,15308105,No
P0135,3253454,960007,1482346,35489435,5695807,No
P0136,3168664,7152121,755062,43081425,11075847,No
P0137,7417200,5482935,4982537,24262052,17882672,No
P0138,6333462,6415858,219027,6490754,12968347,Yes
P0139,670697,7923601,199350,37218676,8793648,No
P0140,4267545,4628137,2386283,14189662,11281965,No
P0141,9160386,3276862,3119438,16130558,15556686,No
P0142,8603825,358044,4126458,17697396,13088327,No
P0143,7938840,7549101,4165019,17982885,19652960,Yes
P0144,3828997,2362137,779674,8229642,6970808,No
P0145,8552148,6071106,1746905,25302835,16370159,No
P0146,3044449,6739990,1057525,14410470,10841964,No
P0147,3731404,2804202,2118125,45003103,8653731,No
P0148,1714022,463074,3287705,10508078,5464801,No
P0149,8139143,5904221,3540474,31454217,17583838,No
P0150,2527447,5258969,128199,11428388,7914615,No
P0151,5186495,7205550,4838255,25850317,17230300,No
P0152,9987895,7420475,2526610,31145394,19934980,No
P0153,6076810,5434388,4511523,21563161,16022721,No
P0154,4023800,7447379,1776518,7767145,13247697,Yes
P0155,4999807,5496975,2982721,49161263,13479503,No
P0156,5778450,4407006,3670467,21218440,13855923,No
P0157,2970920,1419725,3631409,21468485,8022054,No
P0158,7482734,1863287,3314036,34348883,12660057,No
P0159,8012949,7031535,1327756,48478310,16372240,No
P0160,3972344,7007758,1021385,30041563,12001487,No
P0161,9088298,2209295,3438505,37191435,14736098,No
P0162,8725914,3084658,236933,9927425,12047505,Yes
P0163,4599822,6720007,2832154,22336458,14151983,No
P0164,9809487,951911,2412198,14683243,13173596,No
P0165,5105230,3220853,4174934,47176544,12501017,No
P0166,7079243,2786713,4659565,9914994,14525521,Yes
P0167,8845043,1823606,4441243,44725864,15109892,No
P0168,9490066,5798299,4404642,13066145,19693007,Yes
P0169,2621066,4448802,4192243,20818781,11262111,No
P0170,3806506,6273837,2820588,6439884,12900931,Yes
P0171,4028316,3387724,2067085,27396881,9483125,No
P0172,1365760,5245232,2897643,16814976,9508635,No
P0173,9506891,2025683,643887,12790211,12176461,No
P0174,7794124,5918085,431146,45861855,14143355,No
P0175,4867692,6728402,427625,44765603,12023719,No
P0176,1530483,4117370,1220701,35511493,6868554,No
P0177,8677821,5592633,4128714,28176616,18399168,No
P0178,3530357,3248050,1808474,23481545,8586881,No
P0179,2403837,1020426,775430,42057344,4199693,No
P0180,3401072,4254108,4017074,26259507,11672254,No
P0181,996846,4051643,1734949,6263029,6783438,Yes
P0182,7762519,4839880,2346244,12482089,14948643,Yes
P0183,6259690,4251444,1708325,32673086,12219459,No
P0184,8820807,4456387,4421306,48459202,17698500,No
P0185,1914040,7825813,4875353,42697460,14615206,No
P0186,597832,3307082,2134620,42874861,6039534,No
P0187,2157669,5304646,2407416,19566874,9869731,No
P0188,6199759,1723462,3547002,10606788,11470223,Yes
P0189,4303982,3567146,159791,29617269,8030919,No
P0190,6842926,5687848,4908436,35842406,17439210,No
P0191,9055182,4031231,902515,24078704,13988928,No
P0192,6928359,3835249,4180086,34500382,14943694,No
P0193,1106945,2723257,256546,12461063,4086748,No
P0194,3770081,7377561,4264168,29392618,15411810,No
P0195,1172357,1012542,187997,43981208,2372896,No
P0196,2753745,6068991,4166762,11790691,12989498,Yes
P0197,5731262,4285850,3662396,14505931,13679508,No
P0198,5850560,5877032,1911773,31357352,13639365,No
P0199,3290922,1354972,3518171,33971687,8164065,No
P0200,3268847,7867907,2398383,33450312,13535137,No
P0201,1846700,4789724,663810,16564779,7300234,No
P0202,2362499,7559838,3163488,42784170,13085825,No
P0203,2368069,1647948,1610746,21994873,5626763,No
P0204,5552826,6311839,252676,39154080,12117341,No
P0205,6127385,6277147,2413670,10431891,14818202,Yes
P0206,7854365,7143362,3781650,40988259,18779377,No
P0207,2292140,2599703,1981528,29802579,6873371,No
P0208,2642908,5893354,2895734,30460991,11431996,No
P0209,5600080,3166207,1997692,41262096,10763979,No
P0210,3729704,4490398,2725093,18816233,10945195,No
P0211,1638719,809817,3080000,27727627,5528536,No
P0212,1626747,6745904,3994785,48789746,12367436,No
P0213,9736064,5912378,3340927,45179789,18989369,No
P0214,9881033,6051550,4984544,33962516,20917127,No
P0215,6717418,7587015,4199795,29445435,18504228,No
P0216,6957320,6559673,2960737,44302628,16477730,No
P0217,4345887,6866389,602245,44813336,11814521,No
P0218,4450962,4387503,1431722,8732351,10270187,Yes
P0219,1546946,3767509,3575942,26124358,8890397,No
P0220,2172836,7237478,516540,45194851,9926854,No
P0221,9079818,4871331,1972836,25503502,15923985,No
P0222,4542788,2012854,4976996,32397572,11532638,No
P0223,6120299,5331530,841066,25086916,12292895,No
P0224,4067834,7898810,4882193,45986768,16848837,No
P0225,5871811,6222142,4423971,8405127,16517924,Yes
P0226,7625376,1152534,1194782,17861909,9972692,No
P0227,9342742,4325020,4185952,30815772,17853714,No
P0228,3176803,6283433,437382,9271985,9897618,Yes
P0229,4993448,1975385,4428984,46971489,11397817,No
P0230,3161778,2262418,3176128,26930191,8600324,No
P0231,1514084,4064219,1754206,11899293,7332509,No
P0232,3010299,5713246,3439306,38739534,12162851,No
P0233,2051236,2509102,1480699,34706650,6041037,No
P0234,1483039,5243634,2119446,19087925,8846119,No
P0235,2137462,6513201,1777621,14856884,10428284,No
P0236,6829470,2906388,2518560,21376580,12254418,No
P0237,8325562,2308948,441151,45311342,11075661,No
P0238,1421004,5305363,3597938,46138118,10324305,No
P0239,4423536,488019,4689364,36528501,9600919,No
P0240,1614902,7342220,2491452,48678299,11448574,No
P0241,5042311,2666625,3112589,14141407,10821525,No
P0242,8266964,1425529,3251792,19069724,12944285,No
P0243,8804907,6206320,1037068,46251823,16048295,No
P0244,2376410,2431632,2695588,21700748,7503630,No
P0245,8245475,3664113,4668234,30710736,16577822,No
P0246,9849265,1932680,1233424,40296777,13015369,No
P0247,8942495,1376959,228022,38913235,10547476,No
P0248,7942962,3663310,407772,40531603,12014044,No
P0249,6211927,7490050,3575607,13041944,17277584,Yes
P0250,6938907,6827573,625880,28848982,14392360,No
P0251,6565876,7257637,3811074,34249904,17634587,No
P0252,3663548,5243232,2243008,47635980,11149788,No
P0253,3299923,934080,527851,32237602,4761854,No
P0254,4149221,2475921,1429665,12978626,8054807,No
P0255,6870168,5062015,437202,47052348,12369385,No
P0256,9202438,6764919,3450969,10502444,19418326,Yes
P0257,9554501,6368998,2551432,48404224,18474931,No
P0258,8952907,2892414,3241020,27242953,15086341,No
P0259,1167345,6322148,118226,26573527,7607719,No
P0260,2377353,6860568,3723504,19347491,12961425,No
P0261,7918750,4164495,878863,9644210,12962108,Yes
P0262,8527227,5679466,4058019,12718179,18264712,Yes
P0263,9482380,4522265,4914296,12979095,18918941,Yes
P0264,3305527,2476401,3988266,13848596,9770194,No
P0265,5841401,1288822,4004531,29073836,11134754,No
P0266,9021435,5906296,1593628,21037212,16521359,No
P0267,7640020,2755504,3475619,31395326,13871143,No
P0268,9294990,3974999,2722617,41723894,15992606,No
P0269,2317082,2286921,1517810,16829508,6121813,No
P0270,5337264,3991607,1339224,42371167,10668095,No
P0271,8725430,5694334,1020820,36799356,15440584,No
P0272,4614479,5537059,1252154,45814036,11403692,No
P0273,893650,5233487,1440882,37945396,7568019,No
P0274,9978572,2670358,2732632,10034015,15381562,Yes
P0275,5549967,7475154,2002914,9709905,15028035,Yes
P0276,8013157,2211299,3593388,34031402,13817844,No
P0277,3569496,4318620,4993128,47281562,12881244,No
P0278,2229963,2621497,1742511,49056438,6593971,No
P0279,1973534,2004553,3059140,6937066,7037227,Yes
P0280,9447704,6982208,2803656,23989308,19233568,No
P0281,5804716,2860453,4847913,22437138,13513082,No
P0282,778433,761269,1832864,22147950,3372566,No
P0283,7422235,7357464,3054184,13983885,17833883,Yes
P0284,6652041,6039693,3783563,48812088,16475297,No
P0285,5173204,2283984,4696529,23196329,12153717,No
P0286,6371372,7326506,1604019,26556948,15301897,No
P0287,4287155,4854237,301795,20164712,9443187,No
P0288,9575370,4610217,4474623,42872422,18660210,No
P0289,6799629,1195890,4860751,36079613,12856270,No
P0290,5939447,3279501,1333138,37669775,10552086,No
P0291,4318176,2832182,4717139,35485352,11867497,No
P0292,9349360,1548133,3747553,31492225,14645046,No
P0293,1995281,4248113,4892405,39987295,11135799,No
P0294,3170701,851941,1892248,48041781,5914890,No
P0295,3986303,1870753,427239,38634756,6284295,No
P0296,8729714,2214049,3814321,34578030,14758084,No
P0297,9690234,1235870,3855575,41166142,14781679,No
P0298,5448737,349227,1533453,22037720,7331417,No
P0299,8602705,7698609,3194533,11928024,19495847,Yes
P0300,3111587,835336,1204752,26991013,5151675,No
P0301,1954506,2000137,4251967,10503121,8206610,No
P0302,5652475,3245018,4709952,8332301,13607445,Yes
P0303,2425910,7334713,2508418,26397394,12269041,No
P0304,5162455,5449518,503652,47489426,11115625,No
P0305,1732438,3487264,1249721,15071781,6469423,No
P0306,7767497,4939513,2485252,24902357,15192262,No
P0307,3848458,6110241,2206604,28404115,12165303,No
P0308,3237626,4389095,773754,32887047,8400475,No
P0309,1574242,5187067,4526496,35653271,11287805,No
P0310,7505286,5486530,1804030,30244440,14795846,No
P0311,6742082,1250996,185349,12415491,8178427,No
P0312,2072393,1681940,472031,43542946,4226364,No
P0313,8237512,3211186,4254298,7929304,15702996,Yes
P0314,6139682,5724312,668055,44054156,12532049,No
P0315,1146279,1881149,3195080,28676878,6222508,No
P0316,2237669,5480753,4407835,34977559,12126257,No
P0317,3078131,3463661,3123757,40779709,9665549,No
P0318,9214460,1365211,2257885,49163714,12837556,No
P0319,4394022,3626783,1306028,45371754,9326833,No
P0320,8984792,6451365,1042985,19010476,16479142,No
P0321,561764,5777268,4436539,37956761,10775571,No
P0322,7312908,347292,3071748,11961266,10731948,No
P0323,1173450,2883160,3734664,8841444,7791274,No
P0324,5024837,5308811,2940583,29993565,13274231,No
P0325,6744420,5407444,4795029,44651978,16946893,No
P0326,2300360,1352788,2820393,19635403,6473541,No
P0327,8413885,4325327,1217071,14994711,13956283,No
P0328,1725808,4072940,2278885,23091983,8077633,No
P0329,7728426,2908539,2554965,15723161,13191930,No
P0330,6120901,7442463,4921606,10150044,18484970,Yes
P0331,1665733,740122,1226714,26508558,3632569,No
P0332,2871318,1416518,910982,49643040,5198818,No
P0333,3139888,6117170,3206633,20319255,12463691,No
P0334,909265,7098772,1711185,22347976,9719222,No
P0335,6711942,6841937,1376823,41373899,14930702,No
P0336,1431521,5494017,2752124,26558852,9677662,No
P0337,8921478,982545,4636638,6583563,14540661,Yes
P0338,7906948,2481279,183845,25716305,10572072,No
P0339,2139410,4246639,922103,38929545,7308152,No
P0340,8480434,7173818,220695,31411313,15874947,No
P0341,4202517,4953879,2004873,25031395,11161269,No
P0342,8153839,4766187,1191615,46681787,14111641,No
P0343,1604381,701947,509093,5108439,2815421,No
P0344,7196871,2687691,4218637,45569668,14103199,No
P0345,6072868,2693177,375324,10644010,9141369,No
P0346,7237138,5861751,4031032,38095268,17129921,No
P0347,815926,6181007,4822551,18278163,11819484,No
P0348,7704138,4784734,2653702,9174101,15142574,Yes
P0349,1588127,760770,1563363,10814329,3912260,No
P0350,5399610,3991219,2391707,48622610,11782536,No
P0351,5618814,3029573,4837569,47934479,13485956,No
P0352,5933245,5325988,4494611,9677523,15753844,Yes
P0353,6957579,6439787,2338875,22904829,15736241,No
P0354,3644217,1131816,1423390,28876956,6199423,No
P0355,4391373,7295308,1506355,34747709,13193036,No
P0356,8765292,6073452,4662584,41079229,19501328,No
P0357,5591865,7283634,2275495,25350587,15150994,No
P0358,3536387,1462922,2780639,17269747,7779948,No
P0359,6400097,5722575,747412,46417696,12870084,No
P0360,796257,3469456,4563032,11500864,8828745,No
P0361,3475753,4054743,1050876,40199928,8581372,No
P0362,9566103,5641917,379692,49375892,15587712,No
P0363,993036,3912719,1243789,5583533,6149544,Yes
P0364,6228566,7643449,2930131,48447495,16802146,No
P0365,4260691,3352328,2630927,35318636,10243946,No
P0366,4735099,3341440,4516830,15778904,12593369,No
P0367,6638401,4293034,3665745,36010616,14597180,No
P0368,5204496,6736058,140382,21810944,12080936,No
P0369,3512514,2742403,3224089,35400625,9479006,No
P0370,6622885,2975267,3156045,25986429,12754197,No
P0371,6252084,4203846,1050671,12264179,11506601,No
P0372,1640546,4554090,3719200,17930230,9913836,No
P0373,3169410,1212535,4998473,44397483,9380418,No
P0374,7432100,3074221,905531,17851420,11411852,No
P0375,1134804,5879202,1892756,45241047,8906762,No
P0376,7321762,4752276,380817,16642408,12454855,No
P0377,4877237,2992905,1497755,30103350,9367897,No
P0378,4429606,842754,2840229,39922134,8112589,No
P0379,8889064,7131807,4847408,19324065,20868279,Yes
P0380,3072589,7499236,3024636,14912189,13596461,No
P0381,4920917,5919413,3106650,45149569,13946980,No
P0382,9368357,4608179,4251505,16336680,18228041,Yes
P0383,1705428,709519,4822444,6151178,7237391,Yes
P0384,3762595,6394549,4038352,22022047,14195496,No
P0385,5566866,4403238,2761042,21684051,12731146,No
P0386,530090,1893984,2352673,23291561,4776747,No
P0387,3098556,4402269,448807,36588855,7949632,No
P0388,3028091,5909414,1390689,45765493,10328194,No
P0389,9551247,4061806,711989,13787603,14325042,Yes
P0390,7326904,3271972,912539,9709838,11511415,Yes
P0391,8327857,5978992,3529378,44302249,17836227,No
P0392,6428129,3653800,880181,7898728,10962110,Yes
P0393,3972402,4171614,1077458,22842228,9221474,No
P0394,6826478,3337581,3177363,32033454,13341422,No
P0395,8979061,4623472,827282,24391954,14429815,No
P0396,5578774,6166690,2627853,11290007,14373317,Yes
P0397,7020766,2076787,696994,17153027,9794547,No
P0398,7917381,3703329,2703970,9458429,14324680,Yes
P0399,7026224,5906518,801251,43981406,13733993,No
P0400,6213663,5309137,4699896,32747826,16222696,No
P0401,8443946,612280,2451920,26178117,11508146,No
P0402,4416780,1855765,2213247,40369847,8485792,No
P0403,2487636,2406015,1679944,46646191,6573595,No
P0404,3427938,7134791,2085665,36920744,12648394,No
P0405,2243765,4419421,3812934,14499395,10476120,No
P0406,4517588,5440169,2934572,22626146,12892329,No
P0407,5499523,6469316,3392336,28836838,15361175,No
P0408,2973866,7826423,2179630,17718361,12979919,No
P0409,937095,2928765,4040072,6913473,7905932,Yes
P0410,8810900,7860736,2570870,32494661,19242506,No
P0411,4563027,3031881,3648375,28678088,11243283,No
P0412,4986055,5922981,1336773,6552621,12245809,Yes
P0413,1126024,6644588,4968533,26831131,12739145,No
P0414,7358528,3818421,3903773,38271400,15080722,No
P0415,5096005,7507438,977275,11917700,13580718,Yes
P0416,6297581,3631229,4136362,35437774,14065172,No
P0417,5910688,6665589,1862509,32920276,14438786,No
P0418,1481050,3873267,4199913,30986313,9554230,No
P0419,5743382,5100711,607850,49611258,11451943,No
P0420,8475715,6493698,958127,37929272,15927540,No
P0421,9438927,1638711,1498143,40364628,12575781,No
P0422,636623,5021925,2997486,29705461,8656034,No
P0423,9843909,606277,4040067,10495549,14490253,Yes
P0424,9275273,916825,1805110,26773363,11997208,No
P0425,9261746,7251900,3134731,37511766,19648377,No
P0426,5876223,5771464,4788326,47088660,16436013,No
P0427,1658567,827823,4802124,14022252,7288514,No
P0428,4602943,2248795,2299476,36068087,9151214,No
P0429,3096892,1043628,661269,22697344,4801789,No
P0430,1631455,5792718,773678,11359613,8197851,No
P0431,4274420,6836060,2376782,23050766,13487262,No
P0432,7911634,4119340,291944,30205230,12322918,No
P0433,7087066,5336572,4415594,46689405,16839232,No
P0434,544350,3715921,1596344,6900936,5856615,No
P0435,9936722,6394323,3491554,40827681,19822599,No
P0436,9617021,3844970,1875127,12869549,15337118,Yes
P0437,7561851,3037432,1011186,40852676,11610469,No
P0438,9601510,7252173,4897800,19010592,21751483,Yes
P0439,7941221,3241565,524783,42448989,11707569,No
P0440,918305,5471024,4616749,9891530,11006078,Yes
P0441,2496312,4932915,1420680,30165284,8849907,No
P0442,9737703,1588184,1273449,26934875,12599336,No
P0443,8986640,7763843,1654246,7476567,18404729,Yes
P0444,5904272,6812411,3087072,37173431,15803755,No
P0445,2119760,470748,1875440,40611170,4465948,No
P0446,5299496,2115830,2638791,6538041,10054117,Yes
P0447,9667278,5762689,2523407,37582441,17953374,No
P0448,4469189,685769,2683051,32140886,7838009,No
P0449,9990138,5451097,1771501,42144552,17212736,No
P0450,4198715,6076926,870974,17195159,11146615,No
P0451,9507281,1011741,1492069,38854111,12011091,No
P0452,8558841,6105182,2628467,43072425,17292490,No
P0453,961052,4241380,3627209,42842332,8829641,No
P0454,9736373,6156919,1485907,21085481,17379199,No
P0455,7141063,2527508,4365649,26609311,14034220,No
P0456,7651035,4146978,4728460,25900131,16526473,No
P0457,4963992,7766079,2675556,14636055,15405627,Yes
P0458,954265,7867547,2881991,46283006,11703803,No
P0459,2515678,1611979,1539361,29859363,5667018,No
P0460,7665080,6184047,803993,40699745,14653120,No
P0461,4347294,947005,4023049,43423568,9317348,No
P0462,6098180,1603829,4765108,18666942,12467117,No
P0463,1115945,7426909,2144999,45719276,10687853,No
P0464,6032001,7129758,3245615,8751633,16407374,Yes
P0465,7760229,1480088,2930784,41691222,12171101,No
P0466,2873230,5244820,1672592,6618367,9790642,Yes
P0467,6550761,2140031,2390712,26303230,11081504,No
P0468,9223196,6164456,1292195,47538335,16679847,No
P0469,3390888,5791123,2479612,34954080,11661623,No
P0470,7347342,1184372,4658668,48053828,13190382,No
P0471,2583145,4178625,1610247,25337134,8372017,No
P0472,1875180,4277618,2059849,26806572,8212647,No
P0473,6660731,2984680,4253711,47991903,13899122,No
P0474,6660946,7573604,3933764,37417920,18168314,No
P0475,6996921,7651127,4183708,27565756,18831756,No
P0476,9982656,7929147,1839471,38199686,19751274,No
P0477,6990869,7712824,3982726,5744956,18686419,Yes
P0478,8644062,3507449,492462,22698715,12643973,No
P0479,3019739,4782478,650943,13903952,8453160,No
P0480,6176818,5582711,3487419,46340611,15246948,No
P0481,5236879,345979,2087386,10587955,7670244,No
P0482,8710234,1525620,1924027,43764482,12159881,No
P0483,9443803,4007935,3761320,30162926,17213058,No
P0484,2894044,1073744,4530441,11129471,8498229,No
P0485,6026765,2421852,4519293,24370263,12967910,No
P0486,9333546,5015991,3635639,46516243,17985176,No
P0487,7202290,5010172,2667523,29526353,14879985,No
P0488,9053714,7500020,3485640,17176784,20039374,Yes
P0489,6744068,2431067,4485627,26223141,13660762,No
P0490,9115540,5255098,2060086,22067611,16430724,No
P0491,1343308,3330366,4792249,35255299,9465923,No
P0492,2117799,2306937,3103980,46754746,7528716,No
P0493,6713186,650215,2221971,47905375,9585372,No
P0494,5433022,1316678,2556473,41160305,9306173,No
P0495,660502,7138781,4765837,10646842,12565120,Yes
P0496,6850880,5121949,3972147,18608223,15944976,No
P0497,4233745,5731172,2124673,22685191,12089590,No
P0498,5919858,3830804,303044,44316348,10053706,No
P0499,2352057,4248799,1820092,31697589,8420948,No
P0500,7055622,5094750,129685,16253205,12280057,No
P0501,6906178,2342387,2267438,40624011,11516003,No
P0502,3782626,1941261,4703426,15778176,10427313,No
P0503,3881281,6602078,2717952,44584790,13201311,No
P0504,4763348,2594189,1214514,31756441,8572051,No
P0505,2208575,444488,4861304,22727774,7514367,No
P0506,6941658,511929,2599712,22063931,10053299,No
P0507,9407454,5670194,367289,33831610,15444937,No
P0508,3879909,7813835,307531,18568404,12001275,No
P0509,4995481,7180540,2548811,24327988,14724832,No
P0510,4892052,1123913,4393380,25723021,10409345,No
P0511,9371193,6270710,1752768,34548438,17394671,No
P0512,6804212,721753,3948118,9309720,11474083,Yes
P0513,6941086,7385238,2824185,27921534,17150509,No
P0514,4592445,3146381,3834886,41910436,11573712,No
P0515,8606633,4685901,4197377,44963957,17489911,No
P0516,1290097,4777109,481553,27753018,6548759,No
P0517,6849136,581632,1248732,19064997,8679500,No
P0518,3865539,6829291,4702949,47286938,15397779,No
P0519,2376697,7290921,3175120,24841187,12842738,No
P0520,5925442,4489575,3390893,47539232,13805910,No
P0521,3436993,5105866,3562016,24167579,12104875,No
P0522,9370145,3455814,1674418,34028875,14500377,No
P0523,3586565,1720014,394873,16463744,5701452,No
P0524,7765924,6862749,4377906,37571888,19006579,No
P0525,9232834,7852062,1077119,22060747,18162015,No
P0526,5723275,3173380,3239729,32722494,12136384,No
P0527,8491634,2166178,1263243,10565611,11921055,Yes
P0528,577587,1604025,1633144,8373474,3814756,No
P0529,9870534,7509574,365826,29782634,17745934,No
P0530,4717996,3574546,2006656,34050422,10299198,No
P0531,1764062,3507417,1840695,26739129,7112174,No
P0532,4608117,1896093,467198,44371901,6971408,No
P0533,2911225,1742504,1124331,20637388,5778060,No
P0534,7110013,7675567,4713364,30605881,19498944,No
P0535,4672755,429615,1472861,25015495,6575231,No
P0536,6579207,4893627,221622,26794875,11694456,No
P0537,9578072,7390628,4316601,28396362,21285301,No
P0538,4706306,5860232,4964697,22131942,15531235,No
P0539,7623673,1927397,2882726,27553222,12433796,No
P0540,7725195,4391930,2744325,31814475,14861450,No
P0541,8128346,6655980,809229,12056234,15593555,Yes
P0542,6297794,4498807,633191,44249556,11429792,No
P0543,3382485,416015,1985078,24474327,5783578,No
P0544,4632980,1462771,4014079,36641596,10109830,No
P0545,4820309,3120630,4065331,41969083,12006270,No
P0546,7788664,872407,4832537,17638279,13493608,No
P0547,6197994,5945302,2584746,29433811,14728042,No
P0548,2144674,6167293,4833612,27078874,13145579,No
P0549,6470031,4464183,120229,35055112,11054443,No
P0550,1473395,7241728,3316751,7615819,12031874,Yes
P0551,9551211,343881,2715771,6613746,12610863,Yes
P0552,8330767,1958549,3362918,32925326,13652234,No
P0553,2632966,2428100,3390288,24765449,8451354,No
P0554,938278,6610819,123458,19246472,7672555,No
P0555,8719503,6208814,3657752,23720802,18586069,No
P0556,912332,5326405,4256234,10740241,10494971,No
P0557,2138790,7554595,2681692,25882094,12375077,No
P0558,1966783,7159957,3167908,25944548,12294648,No
P0559,8853899,5917950,1952057,48521841,16723906,No
P0560,8471843,404776,1769514,19075358,10646133,No
P0561,6844186,2732588,1485501,25117993,11062275,No
P0562,8372916,7706747,377027,13132568,16456690,Yes
P0563,3559312,7517069,1455560,5155397,12531941,Yes
P0564,1963914,2543160,380529,31605851,4887603,No
P0565,6116781,1413063,4904488,19631342,12434332,No
P0566,3106699,3968294,2243557,8240262,9318550,Yes
P0567,599167,2898336,2899629,11042534,6397132,No
P0568,1415174,5184426,3352270,47026278,9951870,No
P0569,9558069,5059930,1508204,19761035,16126203,No
P0570,7539096,2464084,2094870,14819367,12098050,No
P0571,3214102,2211521,902233,37412110,6327856,No
P0572,5163551,5953806,3471599,16986400,14588956,No
P0573,5368873,1571193,4285840,24267008,11225906,No
P0574,5681729,5603591,4466914,10684701,15752234,Yes
P0575,1622754,7435019,1786561,39607856,10844334,No
P0576,4356073,3208124,3430906,5903330,10995103,Yes
P0577,798428,1485399,3294810,19522827,5578637,No
P0578,5005828,4209361,354457,40780473,9569646,No
P0579,5997500,7515838,4927958,9649095,18441296,Yes
P0580,8493854,758019,4572884,37121547,13824757,No
P0581,9658866,3432447,3971740,12775577,17063053,Yes
P0582,9848902,5376332,111998,11458361,15337232,Yes
P0583,8250137,6395329,235638,34100875,14881104,No
P0584,1024420,3121499,3260807,33179975,7406726,No
P0585,8952923,331902,3839202,7490940,13124027,Yes
P0586,7688873,6708083,4783020,42880714,19179976,No
P0587,2935032,6870217,3551547,46156638,13356796,No
P0588,4059039,5772771,3068687,28409553,12900497,No
P0589,8482603,5942911,567496,12311019,14993010,Yes
P0590,4237691,5327053,3879185,42688753,13443929,No
P0591,4676844,4395333,3574247,5961996,12646424,Yes
P0592,7276585,4875442,3856378,39523649,16008405,No
P0593,7740545,6692282,2507090,15828607,16939917,Yes
P0594,8614365,5366348,3551204,16391032,17531917,Yes
P0595,1422243,1682703,533380,41653348,3638326,No
P0596,6235105,7614515,4891937,30012897,18741557,No
P0597,1267782,684470,1126134,47851821,3078386,No
P0598,9179382,1833941,260604,48670892,11273927,No
P0599,872519,5684295,4324292,15529771,10881106,No
P0600,4751592,7269688,4771570,42541839,16792850,No
P0601,2230992,7951148,4606106,43769938,14788246,No
P0602,1172554,7309219,694750,13844779,9176523,No
P0603,5143002,2118198,254920,17878690,7516120,No
P0604,5168104,5418053,2300787,36037928,12886944,No
P0605,705786,2005033,4775625,39112339,7486444,No
P0606,8969275,7199961,4380569,24013586,20549805,No
P0607,9051629,6006111,4799536,44981406,19857276,No
P0608,4538655,1278459,440057,27685684,6257171,No
P0609,4664605,703336,1916946,40631087,7284887,No
P0610,7510978,3353658,858277,6057293,11722913,Yes
P0611,6055402,2036625,1170073,41682662,9262100,No
P0612,1162156,7807316,4093803,38221697,13063275,No
P0613,1228987,4584128,3235208,27709091,9048323,No
P0614,4119913,6236409,4661800,29053049,15018122,No
P0615,5407440,3822776,1276143,43775038,10506359,No
P0616,3965411,2241013,2729018,22914969,8935442,No
P0617,8829729,6381185,3017541,48920312,18228455,No
P0618,6718349,2726515,2994254,7850071,12439118,Yes
P0619,3641428,6668512,1496232,42631617,11806172,No
P0620,8465652,3755031,2663427,29545514,14884110,No
P0621,2996708,2149977,857923,28475854,6004608,No
P0622,877827,7849881,110734,25892746,8838442,No
P0623,1416538,5489427,347244,25452420,7253209,No
P0624,3165569,6114780,4677678,47485724,13958027,No
P0625,5035915,2757557,3482915,28524565,11276387,No
P0626,1764239,4331855,4198844,27913360,10294938,No
P0627,5461572,3267614,4531550,27464457,13260736,No
P0628,6541033,2176109,498899,6720989,9216041,Yes
P0629,1076754,722666,4187636,19561764,5987056,No
P0630,2039495,4722392,3315079,22047498,10076966,No
P0631,9789054,2460933,3061184,12256918,15311171,Yes
P0632,9140203,7504490,2851650,15985823,19496343,Yes
P0633,2867365,4453240,1527678,41967024,8848283,No
P0634,3426680,6596006,1738107,23172532,11760793,No
P0635,7566003,7090376,2221820,10361577,16878199,Yes
P0636,9144762,977006,4845588,25857862,14967356,No
P0637,5818922,6453936,960802,21097736,13233660,No
P0638,9420903,2518682,4836207,7076270,16775792,Yes
P0639,7080848,2059679,2496696,20556458,11637223,No
P0640,2708895,3636781,110224,35900440,6455900,No
P0641,5115989,6014050,1176669,10464790,12306708,Yes
P0642,6508331,7271712,343325,37234993,14123368,No
P0643,2643550,7662163,2629812,30948600,12935525,No
P0644,1337447,5599740,3465675,29452157,10402862,No
P0645,6398399,547235,1336416,16624583,8282050,No
P0646,6167942,2419806,3936860,5462530,12524608,Yes
P0647,3801467,1885584,4884403,41077724,10571454,No
P0648,4283663,2688428,1083982,49879440,8056073,No
P0649,8525892,3654601,1145144,43644327,13325637,No
P0650,4550922,2365620,822589,17262646,7739131,No
P0651,4534930,2255275,937423,44679829,7727628,No
P0652,6298221,1184627,3654954,13217080,11137802,No
P0653,1489809,5893751,221366,27394185,7604926,No
P0654,7462199,6809682,2352953,5374962,16624834,Yes
P0655,1633928,7316915,1305706,42711515,10256549,No
P0656,974511,2768417,1765137,24753337,5508065,No
P0657,5304479,7721011,299793,9359430,13325283,Yes
P0658,2071064,3807283,3754063,10384560,9632410,No
P0659,7734532,6598861,4348306,6688874,18681699,Yes
P0660,8221124,4902658,974526,27402592,14098308,No
P0661,8617123,5351025,1532335,41168887,15500483,No
P0662,2566771,5834778,3294842,27855137,11696391,No
P0663,4622145,7420056,2298924,6123729,14341125,Yes
P0664,9340828,1212733,2802621,35667185,13356182,No
P0665,6699731,624983,3235831,39538790,10560545,No
P0666,932309,2010352,2771118,33745645,5713779,No
P0667,2584355,5052015,1454809,17370709,9091179,No
P0668,6155697,3756739,3172808,33817486,13085244,No
P0669,7245912,5644130,4812776,40828043,17702818,No
P0670,1484086,7106896,860477,17836706,9451459,No
P0671,1070745,1582264,1866388,23714578,4519397,No
P0672,880776,5241701,1247111,39323804,7369588,No
P0673,3994188,1697073,128398,30552867,5819659,No
P0674,7759316,4226818,4748248,42007794,16734382,No
P0675,929195,7338590,503350,24684262,8771135,No
P0676,4054963,6737205,1851472,28050911,12643640,No
P0677,9179902,2884314,2042584,22824640,14106800,No
P0678,8374965,7783593,1648226,46195935,17806784,No
P0679,3221220,4786159,4498081,26519468,12505460,No
P0680,8381236,5150880,326353,26093556,13858469,No
P0681,1575584,3664189,248114,41033404,5487887,No
P0682,5207391,617110,3977080,28529716,9801581,No
P0683,1681953,6294291,4704201,14440287,12680445,No
P0684,3879123,1999417,3231760,43396449,9110300,No
P0685,5449982,770554,1897780,33100654,8118316,No
P0686,6921795,5297553,3498583,27294992,15717931,No
P0687,5258950,3729388,2856050,6817042,11844388,Yes
P0688,6377705,7639336,1851462,24732301,15868503,No
P0689,9785464,4420336,179238,29816355,14385038,No
P0690,5029676,1792285,3927136,12475956,10749097,No
P0691,8349044,5753447,4224741,17874208,18327232,Yes
P0692,4607359,1762394,4461384,30753750,10831137,No
P0693,1966277,1107248,1631521,17300337,4705046,No
P0694,609900,7819035,4273109,38538041,12702044,No
P0695,7385756,2639691,1614330,45284147,11639777,No
P0696,4900814,5030543,4184353,47108881,14115710,No
P0697,2429615,3615085,4498416,39845208,10543116,No
P0698,5093639,6405869,1407402,21986881,12906910,No
P0699,3839291,1748119,3232154,49316083,8819564,No
P0700,3647061,6901177,2429122,38618021,12977360,No
P0701,4535333,5589427,2595748,40875154,12720508,No
P0702,4937940,536393,3195117,13032716,8669450,No
P0703,9484548,3251681,115970,10626760,12852199,Yes
P0704,2629037,6710777,3934971,30054297,13274785,No
P0705,2410950,430254,3256495,12009347,6097699,No
P0706,9771831,2201493,2331863,40541434,14305187,No
P0707,7092688,3946491,4180593,44913336,15219772,No
P0708,1642984,1709744,2471046,23007076,5823774,No
P0709,957355,854788,720425,25057807,2532568,No
P0710,2478484,4572080,1822455,28995275,8873019,No
P0711,3205567,676489,3740829,41535426,7622885,No
P0712,4209602,5648735,764285,17344820,10622622,No
P0713,2747542,7532277,2309812,13750945,12589631,No
P0714,9515467,3360325,3883330,39999656,16759122,No
P0715,3892835,3567736,2779725,48985869,10240296,No
P0716,948268,5045938,3518434,9398835,9512640,Yes
P0717,1087926,791701,3647432,45173602,5527059,No
P0718,5882756,5176303,4283738,28461922,15342797,No
P0719,5134046,5897617,2212745,27341347,13244408,No
P0720,3093485,650857,3434254,42641301,7178596,No
P0721,5154773,3178203,1279894,29707821,9612870,No
P0722,6931404,3091761,2742901,43319016,12766066,No
P0723,6278463,2368570,4271056,15814937,12918089,No
P0724,8689870,5583974,2141342,46452314,16415186,No
P0725,4057487,2544624,620423,38931307,7222534,No
P0726,6555933,5322348,998555,48168023,12876836,No
P0727,6834121,4762999,1832465,7156208,13429585,Yes
P0728,6846795,3342534,949609,47221057,11138938,No
P0729,6893186,5783621,4463116,40475435,17139923,No
P0730,7856541,7198472,192669,23216461,15247682,No
P0731,8373705,2042069,3275870,20994727,13691644,No
P0732,9633915,7689568,4771400,14749398,22094883,Yes
P0733,8440666,2094389,1974298,22283167,12509353,No
P0734,6766506,4269207,640624,34730284,11676337,No
P0735,1089423,7982786,773364,32781478,9845573,No
P0736,5692853,5342611,1988318,38859377,13023782,No
P0737,901634,1428970,1031874,38506485,3362478,No
P0738,3260471,6907435,1098845,16888131,11266751,No
P0739,2207415,2340945,2838381,35389833,7386741,No
P0740,6211740,1192254,2897545,31464569,10301539,No
P0741,5023483,1094323,4317023,46064536,10434829,No
P0742,1652946,3144563,154156,26444405,4951665,No
P0743,1014419,1057182,2676531,35711717,4748132,No
P0744,2488946,4531000,3915099,42881439,10935045,No
P0745,9908288,4549577,2810128,23630717,17267993,No
P0746,4501512,5303901,3372179,5928955,13177592,Yes
P0747,8191481,7238361,2427450,43266903,17857292,No
P0748,6178518,2103096,2061208,42409700,10342822,No
P0749,911094,5319452,2716144,29240119,8946690,No
P0750,5743594,4871235,863185,18772393,11478014,No
P0751,2534418,3707447,4448347,48311421,10690212,No
P0752,9729959,2814743,949685,24701414,13494387,No
P0753,3572404,1414187,2951049,39703595,7937640,No
P0754,7736103,7555530,2549452,6780844,17841085,Yes
P0755,8160779,6624624,4339267,18389403,19124670,Yes
P0756,5111899,6654159,2422054,23173676,14188112,No
P0757,9930484,7009053,4287051,31839395,21226588,No
P0758,6221656,2360579,3151605,8603912,11733840,Yes
P0759,3906837,3721116,1211829,6394903,8839782,Yes
P0760,8682107,7816009,1447584,5685132,17945700,Yes
P0761,3101872,2529286,1710764,38399497,7341922,No
P0762,6966012,6486650,4039259,14764339,17491921,Yes
P0763,1148463,2609063,664287,25476986,4421813,No
P0764,4841573,3904005,2823307,48949315,11568885,No
P0765,6167014,3090826,2518253,31667401,11776093,No
P0766,8865934,1836160,1855132,11326031,12557226,Yes
P0767,6692864,5852596,2168125,44811270,14713585,No
P0768,2018213,4065836,2692144,13132018,8776193,No
P0769,1281031,3565710,903854,28106045,5750595,No
P0770,2061561,2576797,2353146,24133770,6991504,No
P0771,3618147,2427608,1074580,19044211,7120335,No
P0772,5389340,3745074,591932,28326469,9726346,No
P0773,6603477,2351555,4726213,15091673,13681245,No
P0774,3786038,4893002,202260,43065102,8881300,No
P0775,5662116,5658294,2473970,15849847,13794380,No
P0776,816278,2223637,3897987,44104061,6937902,No
P0777,8297520,7710902,1490704,13438424,17499126,Yes
P0778,6202570,6067340,1241597,38047964,13511507,No
P0779,2345824,5616292,3546290,23186064,11508406,No
P0780,9100976,7331566,3461450,31052604,19893992,No
P0781,8289000,2442054,2620525,27339518,13351579,No
P0782,9992787,4729205,216315,44074881,14938307,No
P0783,4363212,2513477,1132498,10813956,8009187,No
P0784,721931,5693015,2311054,36873295,8726000,No
P0785,3595586,985499,4508384,8420021,9089469,Yes
P0786,3986909,5382139,3947649,18437254,13316697,No
P0787,8563846,6130650,1835191,9674124,16529687,Yes
P0788,2631722,2449731,1426320,25149522,6507773,No
P0789,2977443,4818860,4979094,17198851,12775397,No
P0790,8073506,6188696,1740131,34033297,16002333,No
P0791,1219389,3643012,4403490,21934582,9265891,No
P0792,4245933,7736207,392910,32249619,12375050,No
P0793,3263930,4295032,2444981,19123179,10003943,No
P0794,6387103,5262309,4444538,12328392,16093950,Yes
P0795,5813441,478560,4407242,29113103,10699243,No
P0796,3589395,6407947,2815773,26747532,12813115,No
P0797,4038271,941991,4256804,31925599,9237066,No
P0798,5326066,1571526,212769,46899414,7110361,No
P0799,7246595,2282443,1464472,7792993,10993510,Yes
P0800,6335664,5133820,2888771,37936393,14358255,No
P0801,3458740,3393482,255673,6080098,7107895,Yes
P0802,2779065,6419477,3147457,24776860,12345999,No
P0803,1298287,1761311,1082239,43387066,4141837,No
P0804,4951371,6141576,2331596,37085179,13424543,No
P0805,2350220,7497841,3961486,35596353,13809547,No
P0806,8951886,2764992,4393766,19306037,16110644,No
P0807,2369723,1565588,1593669,31713169,5528980,No
P0808,3142515,3016054,589784,13072369,6748353,No
P0809,1353493,7899389,3237935,11726376,12490817,Yes
P0810,8730956,1252439,2517224,5807383,12500619,Yes
P0811,4186108,5471762,605743,49660174,10263613,No
P0812,9755480,993338,1183225,29510086,11932043,No
P0813,919048,3267531,1228302,11469505,5414881,No
P0814,2028361,2548755,1118727,32212944,5695843,No
P0815,912523,5949299,2006135,43916672,8867957,No
P0816,5868018,323401,572841,11279416,6764260,No
P0817,9352878,900652,1216689,20333746,11470219,No
P0818,8522077,599181,3160030,24891926,12281288,No
P0819,1756431,7399345,167915,21286707,9323691,No
P0820,1557980,1131235,2069916,6014735,4759131,No
P0821,6067945,1248574,944261,47853359,8260780,No
P0822,8423743,7596096,4620375,49011550,20640214,No
P0823,4946582,1039985,3871938,13561045,9858505,No
P0824,3273752,1785401,3187966,47514971,8247119,No
P0825,4591864,2197512,2975798,7032867,9765174,Yes
P0826,1532658,2151940,3229597,11064779,6914195,No
P0827,6311763,5612362,3736237,39354876,15660362,No
P0828,1765866,4959339,3859264,25823565,10584469,No
P0829,2198354,2079315,2993772,29734893,7271441,No
P0830,662115,6292081,4739487,23292472,11693683,No
P0831,3936841,731579,2802003,22701939,7470423,No
P0832,2774733,6143369,3688543,43322534,12606645,No
P0833,1074353,7786036,465372,33997918,9325761,No
P0834,3989241,2821556,3427442,33401929,10238239,No
P0835,5992274,6922725,4031823,24554759,16946822,No
P0836,4176029,4138140,4746078,27213443,13060247,No
P0837,5611292,730042,461087,18658152,6802421,No
P0838,1616336,5610301,4811561,43194855,12038198,No
P0839,9314207,5256775,317765,20213865,14888747,No
P0840,1174124,1581546,1531745,14349654,4287415,No
P0841,5481101,6494408,1710333,18002463,13685842,No
P0842,9617625,5085055,881321,32122688,15584001,No
P0843,6154348,6843163,1843891,46328138,14841402,No
P0844,9305248,2795048,2552980,30733098,14653276,No
P0845,9826398,1504522,4832995,21961526,16163915,No
P0846,3104547,632722,174373,35155135,3911642,No
P0847,3418601,1401962,1503602,40263697,6324165,No
P0848,9233288,2610232,1873690,24013466,13717210,No
P0849,632384,3908513,945610,6819320,5486507,No
P0850,1931784,984476,2341449,34464506,5257709,No
P0851,1383303,6621715,1794056,29714598,9799074,No
P0852,5656331,2489645,4564271,20797158,12710247,No
P0853,9919825,4421565,979496,9747699,15320886,Yes
P0854,1578642,6511630,2719166,6668950,10809438,Yes
P0855,2625015,862588,1103817,9469705,4591420,No
P0856,6320554,3830439,3333949,35704802,13484942,No
P0857,5989399,5215627,1284388,18054752,12489414,No
P0858,3278456,2913697,3964480,16299110,10156633,No
P0859,6335008,1749194,3666318,12536467,11750520,No
P0860,7487721,2868198,3409315,33864630,13765234,No
P0861,8046181,5253498,3108759,22295903,16408438,No
P0862,9530585,2422293,1817629,47344942,13770507,No
P0863,2552505,1398060,226778,16862329,4177343,No
P0864,8679117,6465367,2957971,12266588,18102455,Yes
P0865,7820643,2098995,1192538,10327164,11112176,Yes
P0866,9119221,6760489,1846522,28049935,17726232,No
P0867,7891333,774360,4023214,12701885,12688907,No
P0868,4718140,4176070,2891079,45548121,11785289,No
P0869,7759332,1777489,663528,48208977,10200349,No
P0870,3269815,706073,2534474,31836287,6510362,No
P0871,8346404,739706,3861339,45097434,12947449,No
P0872,9574356,1923644,3256301,49599680,14754301,No
P0873,8005756,7821328,1204401,15896266,17031485,Yes
P0874,2722838,6284503,1163559,22985604,10170900,No
P0875,3673274,7154914,2212293,47740881,13040481,No
P0876,1427154,7630491,4996085,36502542,14053730,No
P0877,9847756,619755,920653,17905016,11388164,No
P0878,4709881,7975919,3295788,40845066,15981588,No
P0879,694644,2732543,501681,29666003,3928868,No
P0880,4727091,4134457,4841728,20609637,13703276,No
P0881,782682,4211890,4776248,31450329,9770820,No
P0882,6473373,4813929,4729467,42070745,16016769,No
P0883,8959655,3970033,1512839,20633910,14442527,No
P0884,6933310,5121059,4028553,37571797,16082922,No
P0885,9335382,4698853,2754003,26037534,16788238,No
P0886,9817839,5627110,2734400,14236027,18179349,Yes
P0887,9028681,7242589,3228121,49901182,19499391,No
P0888,9878171,5600792,4161071,11725887,19640034,Yes
P0889,5469179,7529988,4086650,30775168,17085817,No
P0890,3280232,6923672,3016997,31105694,13220901,No
P0891,5652188,2801627,367423,30936234,8821238,No
P0892,7871805,7781761,1528510,9959179,17182076,Yes
P0893,7428121,5587188,1742640,18260669,14757949,No
P0894,7998894,3714804,3974421,37540639,15688119,No
P0895,8975515,2377356,3144144,22962081,14497015,No
P0896,9855811,3466273,2787542,21208402,16109626,No
P0897,9166292,706557,1599839,42723654,11472688,No
P0898,8820755,2648574,2509246,36620643,13978575,No
P0899,6456970,4217214,4769971,22023655,15444155,No
P0900,574628,2029890,270107,22686797,2874625,No
P0901,3086822,2180398,1472852,7533141,6740072,No
P0902,2382853,7157302,2299910,13864654,11840065,No
P0903,7279351,3879266,1346283,8694697,12504900,Yes
P0904,5112268,3028545,3024083,38405885,11164896,No
P0905,6341705,2826748,3499786,38670027,12668239,No
P0906,1271434,5796032,3929014,12227119,10996480,No
P0907,1650560,6757205,2405617,12014535,10813382,No
P0908,5696138,5822181,2188996,24265892,13707315,No
P0909,5118074,1498918,2133360,47178966,8750352,No
P0910,941699,5360755,2396049,44014410,8698503,No
P0911,6273448,4594537,2067776,23007401,12935761,No
P0912,8987046,7309822,2268178,42738408,18565046,No
P0913,5498635,2798900,1104398,42968220,9401933,No
P0914,826111,3275853,1380221,42254972,5482185,No
P0915,3911406,5322148,2550415,34917057,11783969,No
P0916,6850780,4404811,484472,13268500,11740063,No
P0917,9668342,1097049,1948265,26659069,12713656,No
P0918,2242537,6778769,1202709,11843778,10224015,No
P0919,3791251,3821271,260056,7718881,7872578,Yes
P0920,7861594,1807288,4756468,16289915,14425350,No
P0921,5637462,5899424,1244647,37277470,12781533,No
P0922,8226824,2784985,937913,16908061,11949722,No
P0923,4771631,3748854,2033069,27752647,10553554,No
P0924,3089704,4325442,1293722,49413707,8708868,No
P0925,6710458,6181831,1477482,18372134,14369771,No
P0926,7983142,6963258,3277902,37893265,18224302,No
P0927,6969595,6909887,4243511,36202546,18122993,No
P0928,8617691,492674,1746145,21412243,10856510,No
P0929,7909092,676105,2494559,18000916,11079756,No
P0930,3222156,1710564,1149043,12294055,6081763,No
P0931,4718723,4898649,372803,36131203,9990175,No
P0932,1568359,2552842,496766,43584573,4617967,No
P0933,2864304,4898563,961167,25841578,8724034,No
P0934,3846330,1054569,2879429,25299511,7780328,No
P0935,6452516,6723255,1232770,12898692,14408541,Yes
P0936,1465180,3881362,1503358,45575417,6849900,No
P0937,4757774,7147782,4252264,35275815,16157820,No
P0938,3826731,6161026,3339277,42457425,13327034,No
P0939,6864918,6981987,1813044,18192828,15659949,No
P0940,2957020,7870396,3376240,11546666,14203656,Yes
P0941,2837179,760101,4707503,22344239,8304783,No
P0942,2002400,5599113,2057892,27854674,9659405,No
P0943,9549812,1169551,3393158,49847409,14112521,No
P0944,3370495,2554040,4424890,27988447,10349425,No
P0945,3941553,5446294,2727815,35784498,12115662,No
P0946,7834148,4581710,3527583,7755358,15943441,Yes
P0947,643424,2301890,1410739,9833276,4356053,No
P0948,7165019,3292080,2372325,29886387,12829424,No
P0949,3236870,7948072,375224,32820687,11560166,No
P0950,2842020,2441419,4578114,31814660,9861553,No
P0951,3504346,939148,4132285,46204390,8575779,No
P0952,3381273,1778997,3683203,46069058,8843473,No
P0953,7857479,5980992,648268,21561410,14486739,No
P0954,720731,4605464,2473876,16055373,7800071,No
P0955,7597364,5920705,1941833,44072660,15459902,No
P0956,9404623,3623269,3910028,11175247,16937920,Yes
P0957,4016095,1034159,3827617,47242199,8877871,No
P0958,1207732,831892,2125448,7517304,4165072,No
P0959,4876069,493962,4476309,6095822,9846340,Yes
P0960,7284471,7989296,789683,34115961,16063450,No
P0961,813710,7647326,901905,31697961,9362941,No
P0962,5074583,3171399,4936110,29587201,13182092,No
P0963,6582040,534594,3698605,36780147,10815239,No
P0964,8335969,5733432,2691532,42746199,16760933,No
P0965,3158381,507498,4816164,28201163,8482043,No
P0966,733855,2751788,1163577,21635927,4649220,No
P0967,9353730,3835197,201745,27781666,13390672,No
P0968,4595645,2123992,4509712,12105187,11229349,No
P0969,8575572,5500471,3484647,12937749,17560690,Yes
P0970,4760633,7582625,4369645,20457377,16712903,No
P0971,971137,1656719,3619071,26691147,6246927,No
P0972,7879675,7609745,2475822,10643707,17965242,Yes
P0973,4950230,5295565,645467,35446595,10891262,No
P0974,1890975,5175261,2235097,44207338,9301333,No
P0975,8601806,2137080,4621069,5473482,15359955,Yes
P0976,4680427,4030974,3205303,38278759,11916704,No
P0977,6645280,1943108,1138520,6084348,9726908,Yes
P0978,5428186,4999566,4042741,13817490,14470493,Yes
P0979,9458384,3023141,822614,10719548,13304139,Yes
P0980,3954142,5803458,2311536,44813282,12069136,No
P0981,5610333,609608,2065267,20651674,8285208,No
P0982,6455259,3937847,3222329,14732268,13615435,No
P0983,5806136,4113088,3756549,38642383,13675773,No
P0984,9219356,2548051,3285674,48096369,15053081,No
P0985,5571959,5866572,3788099,20862886,15226630,No
P0986,7031845,7849744,1937386,19652115,16818975,No
P0987,6925628,6023327,2128464,24966133,15077419,No
P0988,7474413,2972389,2859829,14847771,13306631,No
P0989,8551517,2685616,3514043,29148601,14751176,No
P0990,4792899,5876747,380557,24415130,11050203,No
P0991,9797292,508442,1279130,25036825,11584864,No
P0992,3801274,1007123,645437,31760585,5453834,No
P0993,1745576,5628307,3385926,7719870,10759809,Yes
P0994,5644063,4742159,3917584,41637180,14303806,No
P0995,7676685,530944,3882720,32501183,12090349,No
P0996,8048533,5259671,1129743,12509493,14437947,Yes
P0997,6853386,2486044,4891812,44752517,14231242,No
P0998,1565739,4103287,2023324,17416368,7692350,No
P0999,516160,3606765,3825200,21734784,7948125,No
P1000,8941969,7146206,1409664,20280539,17497839,No
