Project_ID,Weather,Workers,Budget,Progress,Delay
P0001,Cloudy,109,25080668,84,No
P0002,Rain,105,29236617,96,No
P0003,Sunny,76,10644034,47,Yes
P0004,Rain,73,45294222,87,No
P0005,Sunny,37,11716877,43,Yes
P0006,Sunny,89,33969717,69,Yes
P0007,Rain,76,34717447,16,Yes
P0008,Rain,53,39350404,55,Yes
P0009,Rain,102,47719333,58,No
P0010,Rain,114,45362735,70,Yes
P0011,Rain,94,43795527,11,Yes
P0012,Sunny,114,22918335,91,Yes
P0013,Sunny,117,29960020,23,No
P0014,Rain,79,29793108,46,Yes
P0015,Cloudy,34,12440417,12,Yes
P0016,Rain,113,46681712,19,Yes
P0017,Rain,50,5854296,43,No
P0018,Sunny,32,35786803,35,Yes
P0019,Sunny,52,15294199,53,No
P0020,Rain,119,40872802,50,Yes
P0021,Sunny,108,12792138,72,Yes
P0022,Rain,42,40194825,32,Yes
P0023,Rain,74,42691869,33,Yes
P0024,Cloudy,80,32135353,91,Yes
P0025,Cloudy,115,12918878,63,Yes
P0026,Sunny,25,9916977,27,Yes
P0027,Cloudy,42,30435457,56,Yes
P0028,Sunny,14,5347289,17,Yes
P0029,Cloudy,63,37895928,46,Yes
P0030,Rain,64,8612001,79,Yes
P0031,Cloudy,40,22503365,24,No
P0032,Sunny,103,37974195,96,Yes
P0033,Sunny,55,17690164,32,Yes
P0034,Sunny,91,29063718,75,Yes
P0035,Cloudy,100,49178342,64,No
P0036,Cloudy,107,32124550,58,Yes
P0037,Rain,116,12408218,63,No
P0038,Rain,110,37153894,8,Yes
P0039,Rain,118,39984156,22,Yes
P0040,Rain,115,30789268,69,Yes
P0041,Cloudy,68,47372979,83,Yes
P0042,Sunny,59,49822303,93,Yes
P0043,Sunny,41,8734883,64,No
P0044,Cloudy,107,10957985,33,No
P0045,Cloudy,30,40265655,47,Yes
P0046,Rain,115,6326410,70,No
P0047,Sunny,61,42296061,8,Yes
P0048,Rain,16,42659767,66,No
P0049,Cloudy,72,23237841,41,Yes
P0050,Sunny,30,40690291,82,No
P0051,Rain,23,49580141,82,Yes
P0052,Sunny,81,10441227,84,No
P0053,Cloudy,92,36734379,19,Yes
P0054,Sunny,97,24206688,83,No
P0055,Cloudy,86,35301916,41,No
P0056,Rain,97,40454129,86,Yes
P0057,Sunny,27,14334610,73,Yes
P0058,Sunny,90,18700897,27,Yes
P0059,Rain,81,10080568,43,Yes
P0060,Sunny,11,32474007,73,Yes
P0061,Cloudy,31,12106013,96,No
P0062,Rain,95,13908639,79,Yes
P0063,Rain,120,15426137,87,No
P0064,Sunny,67,13439845,43,No
P0065,Cloudy,105,44766690,82,No
P0066,Rain,33,30958019,81,No
P0067,Sunny,100,5992794,66,No
P0068,Cloudy,106,38868302,11,Yes
P0069,Rain,84,32022691,38,Yes
P0070,Cloudy,64,40655460,15,Yes
P0071,Rain,62,7234433,93,No
P0072,Sunny,86,35316213,10,Yes
P0073,Cloudy,19,48907926,68,Yes
P0074,Sunny,47,45475043,85,Yes
P0075,Cloudy,18,34411414,94,No
P0076,Sunny,114,28933712,60,Yes
P0077,Cloudy,52,35413804,33,No
P0078,Sunny,12,5224717,6,Yes
P0079,Cloudy,14,15496279,27,Yes
P0080,Rain,80,29780938,94,Yes
P0081,Sunny,30,35918273,70,No
P0082,Cloudy,25,17046970,61,Yes
P0083,Sunny,20,47464715,24,Yes
P0084,Cloudy,22,42455260,77,No
P0085,Cloudy,109,25645930,45,Yes
P0086,Rain,45,40497752,64,Yes
P0087,Rain,43,11800783,49,No
P0088,Rain,45,26975738,31,Yes
P0089,Cloudy,96,22075157,72,Yes
P0090,Sunny,29,24219314,93,No
P0091,Rain,104,46164017,32,Yes
P0092,Sunny,117,35977874,8,Yes
P0093,Cloudy,38,28843984,34,Yes
P0094,Rain,20,30376303,12,Yes
P0095,Rain,10,18979743,85,No
P0096,Cloudy,92,39169959,64,Yes
P0097,Cloudy,83,24960678,16,Yes
P0098,Rain,83,7512393,69,Yes
P0099,Sunny,10,28634671,35,Yes
P0100,Sunny,73,28588488,86,No
P0101,Rain,11,11547836,50,Yes
P0102,Cloudy,63,49068090,17,Yes
P0103,Rain,98,21732742,45,Yes
P0104,Rain,119,48402130,23,Yes
P0105,Rain,63,19115497,95,Yes
P0106,Sunny,40,29501096,44,Yes
P0107,Cloudy,29,33968296,43,Yes
P0108,Cloudy,27,34543998,9,Yes
P0109,Cloudy,33,39718854,25,Yes
P0110,Cloudy,97,5141132,13,Yes
P0111,Rain,48,41009622,5,Yes
P0112,Cloudy,117,40918263,53,Yes
P0113,Cloudy,73,14588555,40,Yes
P0114,Cloudy,27,45371886,17,Yes
P0115,Cloudy,119,24605692,18,Yes
P0116,Rain,48,45688595,53,No
P0117,Rain,41,34101039,61,No
P0118,Cloudy,114,37401664,90,Yes
P0119,Sunny,102,48836632,86,Yes
P0120,Sunny,27,35381687,92,Yes
P0121,Rain,25,31345807,92,Yes
P0122,Rain,82,27025660,5,Yes
P0123,Sunny,85,13974632,80,No
P0124,Rain,14,42521009,96,No
P0125,Cloudy,118,44426599,21,Yes
P0126,Cloudy,25,10440952,14,Yes
P0127,Cloudy,91,23248132,22,Yes
P0128,Rain,90,46560656,47,Yes
P0129,Rain,49,32365628,64,Yes
P0130,Rain,14,47404481,59,Yes
P0131,Sunny,48,31907175,58,Yes
P0132,Rain,34,19085446,7,Yes
P0133,Rain,70,29978234,26,Yes
P0134,Cloudy,113,33996360,30,Yes
P0135,Cloudy,73,35489435,31,Yes
P0136,Sunny,10,43081425,88,Yes
P0137,Cloudy,38,24262052,13,Yes
P0138,Sunny,16,6490754,22,Yes
P0139,Rain,56,37218676,57,Yes
P0140,Rain,89,14189662,74,No
P0141,Rain,106,16130558,45,Yes
P0142,Rain,27,17697396,58,Yes
P0143,Cloudy,41,17982885,60,Yes
P0144,Sunny,19,8229642,90,Yes
P0145,Cloudy,98,25302835,100,Yes
P0146,Rain,105,14410470,20,Yes
P0147,Sunny,68,45003103,49,No
P0148,Sunny,61,10508078,7,Yes
P0149,Cloudy,113,31454217,12,Yes
P0150,Rain,113,11428388,42,Yes
P0151,Sunny,78,25850317,97,No
P0152,Rain,23,31145394,14,Yes
P0153,Sunny,92,21563161,62,No
P0154,Rain,10,7767145,93,Yes
P0155,Sunny,52,49161263,88,Yes
P0156,Cloudy,39,21218440,97,Yes
P0157,Cloudy,74,21468485,13,Yes
P0158,Cloudy,37,34348883,7,Yes
P0159,Sunny,103,48478310,57,Yes
P0160,Rain,14,30041563,72,No
P0161,Cloudy,38,37191435,53,Yes
P0162,Sunny,21,9927425,82,Yes
P0163,Rain,85,22336458,23,Yes
P0164,Sunny,89,14683243,84,No
P0165,Sunny,65,47176544,63,No
P0166,Sunny,54,9914994,21,Yes
P0167,Cloudy,96,44725864,91,No
P0168,Cloudy,57,13066145,87,Yes
P0169,Sunny,101,20818781,8,Yes
P0170,Rain,30,6439884,86,No
P0171,Rain,111,27396881,27,Yes
P0172,Rain,37,16814976,39,Yes
P0173,Rain,26,12790211,19,Yes
P0174,Cloudy,87,45861855,78,No
P0175,Rain,51,44765603,92,No
P0176,Rain,109,35511493,19,Yes
P0177,Cloudy,98,28176616,94,No
P0178,Sunny,30,23481545,82,Yes
P0179,Cloudy,78,42057344,58,No
P0180,Rain,51,26259507,10,Yes
P0181,Sunny,56,6263029,33,Yes
P0182,Cloudy,18,12482089,73,No
P0183,Rain,20,32673086,77,No
P0184,Cloudy,15,48459202,52,Yes
P0185,Rain,93,42697460,75,Yes
P0186,Rain,34,42874861,88,No
P0187,Cloudy,19,19566874,19,Yes
P0188,Rain,81,10606788,59,Yes
P0189,Sunny,90,29617269,86,Yes
P0190,Rain,73,35842406,41,No
P0191,Cloudy,41,24078704,65,Yes
P0192,Cloudy,77,34500382,100,No
P0193,Sunny,34,12461063,27,Yes
P0194,Cloudy,107,29392618,8,Yes
P0195,Rain,91,43981208,94,No
P0196,Cloudy,49,11790691,18,Yes
P0197,Sunny,19,14505931,58,No
P0198,Rain,104,31357352,84,Yes
P0199,Cloudy,82,33971687,28,Yes
P0200,Rain,20,33450312,88,Yes
P0201,Rain,71,16564779,47,Yes
P0202,Rain,53,42784170,21,Yes
P0203,Sunny,107,21994873,7,Yes
P0204,Cloudy,24,39154080,87,Yes
P0205,Rain,58,10431891,52,Yes
P0206,Rain,82,40988259,98,Yes
P0207,Rain,120,29802579,47,Yes
P0208,Rain,102,30460991,71,No
P0209,Cloudy,58,41262096,98,No
P0210,Rain,48,18816233,16,Yes
P0211,Cloudy,107,27727627,95,No
P0212,Cloudy,78,48789746,45,Yes
P0213,Rain,85,45179789,36,No
P0214,Cloudy,35,33962516,74,Yes
P0215,Cloudy,33,29445435,46,Yes
P0216,Cloudy,28,44302628,82,Yes
P0217,Cloudy,43,44813336,29,Yes
P0218,Cloudy,12,8732351,33,No
P0219,Sunny,62,26124358,43,Yes
P0220,Rain,40,45194851,44,Yes
P0221,Rain,26,25503502,83,Yes
P0222,Sunny,101,32397572,11,Yes
P0223,Sunny,71,25086916,58,No
P0224,Sunny,105,45986768,86,No
P0225,Sunny,18,8405127,76,No
P0226,Sunny,74,17861909,9,Yes
P0227,Cloudy,101,30815772,85,No
P0228,Sunny,25,9271985,14,Yes
P0229,Sunny,120,46971489,34,Yes
P0230,Sunny,41,26930191,23,No
P0231,Cloudy,118,11899293,33,Yes
P0232,Rain,22,38739534,18,Yes
P0233,Rain,83,34706650,56,No
P0234,Rain,54,19087925,74,No
P0235,Rain,29,14856884,49,Yes
P0236,Cloudy,29,21376580,95,No
P0237,Cloudy,24,45311342,57,Yes
P0238,Rain,33,46138118,55,Yes
P0239,Sunny,38,36528501,9,Yes
P0240,Sunny,79,48678299,83,No
P0241,Rain,19,14141407,21,Yes
P0242,Cloudy,112,19069724,28,Yes
P0243,Cloudy,77,46251823,60,No
P0244,Sunny,72,21700748,98,Yes
P0245,Sunny,101,30710736,84,No
P0246,Sunny,78,40296777,80,Yes
P0247,Sunny,98,38913235,59,Yes
P0248,Cloudy,45,40531603,65,Yes
P0249,Rain,21,13041944,6,Yes
P0250,Sunny,33,28848982,77,Yes
P0251,Cloudy,113,34249904,18,Yes
P0252,Sunny,62,47635980,96,No
P0253,Rain,65,32237602,50,Yes
P0254,Sunny,70,12978626,22,Yes
P0255,Sunny,28,47052348,22,Yes
P0256,Rain,20,10502444,81,No
P0257,Rain,83,48404224,80,Yes
P0258,Sunny,80,27242953,96,Yes
P0259,Sunny,81,26573527,22,Yes
P0260,Sunny,49,19347491,66,Yes
P0261,Rain,72,9644210,11,Yes
P0262,Sunny,49,12718179,13,Yes
P0263,Sunny,64,12979095,55,No
P0264,Cloudy,42,13848596,24,Yes
P0265,Sunny,106,29073836,31,No
P0266,Cloudy,54,21037212,95,Yes
P0267,Sunny,111,31395326,42,No
P0268,Sunny,118,41723894,5,Yes
P0269,Sunny,66,16829508,71,No
P0270,Cloudy,119,42371167,32,Yes
P0271,Cloudy,81,36799356,23,Yes
P0272,Cloudy,35,45814036,65,Yes
P0273,Rain,120,37945396,97,No
P0274,Cloudy,120,10034015,42,No
P0275,Cloudy,70,9709905,87,No
P0276,Cloudy,67,34031402,58,Yes
P0277,Sunny,28,47281562,86,No
P0278,Cloudy,96,49056438,5,Yes
P0279,Rain,66,6937066,99,No
P0280,Cloudy,108,23989308,89,Yes
P0281,Cloudy,36,22437138,91,No
P0282,Rain,100,22147950,52,Yes
P0283,Rain,25,13983885,28,Yes
P0284,Sunny,57,48812088,85,No
P0285,Sunny,22,23196329,20,Yes
P0286,Cloudy,81,26556948,28,No
P0287,Cloudy,13,20164712,36,No
P0288,Rain,112,42872422,73,No
P0289,Cloudy,47,36079613,96,No
P0290,Sunny,48,37669775,82,Yes
P0291,Cloudy,56,35485352,59,No
P0292,Cloudy,73,31492225,13,Yes
P0293,Sunny,64,39987295,100,Yes
P0294,Rain,33,48041781,89,No
P0295,Cloudy,35,38634756,97,No
P0296,Rain,92,34578030,42,No
P0297,Sunny,39,41166142,51,Yes
P0298,Rain,51,22037720,88,No
P0299,Rain,114,11928024,8,Yes
P0300,Cloudy,23,26991013,51,Yes
P0301,Rain,99,10503121,18,Yes
P0302,Cloudy,87,8332301,10,Yes
P0303,Sunny,65,26397394,45,No
P0304,Rain,111,47489426,69,Yes
P0305,Sunny,91,15071781,44,No
P0306,Sunny,85,24902357,74,Yes
P0307,Sunny,105,28404115,60,Yes
P0308,Sunny,41,32887047,36,Yes
P0309,Rain,76,35653271,89,No
P0310,Rain,114,30244440,100,No
P0311,Rain,10,12415491,95,Yes
P0312,Cloudy,49,43542946,81,Yes
P0313,Sunny,16,7929304,28,No
P0314,Rain,105,44054156,38,Yes
P0315,Sunny,10,28676878,83,No
P0316,Rain,74,34977559,42,Yes
P0317,Rain,68,40779709,60,Yes
P0318,Rain,74,49163714,56,No
P0319,Rain,89,45371754,52,No
P0320,Cloudy,94,19010476,97,No
P0321,Rain,14,37956761,94,Yes
P0322,Rain,51,11961266,12,Yes
P0323,Rain,57,8841444,20,Yes
P0324,Rain,64,29993565,7,Yes
P0325,Rain,101,44651978,66,Yes
P0326,Sunny,62,19635403,42,No
P0327,Cloudy,62,14994711,64,Yes
P0328,Cloudy,71,23091983,11,Yes
P0329,Cloudy,38,15723161,59,Yes
P0330,Sunny,21,10150044,53,Yes
P0331,Rain,19,26508558,56,Yes
P0332,Cloudy,63,49643040,14,Yes
P0333,Sunny,14,20319255,99,No
P0334,Sunny,62,22347976,52,Yes
P0335,Cloudy,85,41373899,61,Yes
P0336,Sunny,25,26558852,68,Yes
P0337,Sunny,30,6583563,23,Yes
P0338,Cloudy,46,25716305,13,Yes
P0339,Rain,19,38929545,31,Yes
P0340,Cloudy,102,31411313,77,Yes
P0341,Sunny,94,25031395,72,Yes
P0342,Cloudy,14,46681787,40,Yes
P0343,Sunny,73,5108439,38,Yes
P0344,Sunny,24,45569668,57,Yes
P0345,Rain,11,10644010,99,No
P0346,Cloudy,33,38095268,86,Yes
P0347,Rain,119,18278163,73,No
P0348,Cloudy,116,9174101,31,No
P0349,Rain,62,10814329,94,No
P0350,Cloudy,40,48622610,32,Yes
P0351,Rain,28,47934479,47,No
P0352,Rain,109,9677523,7,Yes
P0353,Sunny,68,22904829,70,Yes
P0354,Rain,116,28876956,81,No
P0355,Sunny,32,34747709,48,No
P0356,Cloudy,37,41079229,84,No
P0357,Sunny,116,25350587,66,No
P0358,Sunny,61,17269747,74,Yes
P0359,Sunny,60,46417696,26,Yes
P0360,Sunny,36,11500864,81,No
P0361,Rain,30,40199928,81,Yes
P0362,Cloudy,93,49375892,30,Yes
P0363,Sunny,83,5583533,48,Yes
P0364,Cloudy,71,48447495,41,Yes
P0365,Rain,52,35318636,61,Yes
P0366,Rain,70,15778904,79,Yes
P0367,Cloudy,55,36010616,59,Yes
P0368,Cloudy,55,21810944,52,Yes
P0369,Cloudy,94,35400625,54,Yes
P0370,Cloudy,10,25986429,7,Yes
P0371,Sunny,77,12264179,38,Yes
P0372,Cloudy,21,17930230,46,No
P0373,Rain,58,44397483,5,Yes
P0374,Sunny,109,17851420,89,Yes
P0375,Cloudy,88,45241047,89,Yes
P0376,Rain,114,16642408,29,Yes
P0377,Cloudy,85,30103350,28,No
P0378,Sunny,92,39922134,91,Yes
P0379,Sunny,44,19324065,54,Yes
P0380,Rain,66,14912189,38,Yes
P0381,Cloudy,14,45149569,62,Yes
P0382,Sunny,57,16336680,64,Yes
P0383,Sunny,55,6151178,68,Yes
P0384,Sunny,108,22022047,12,Yes
P0385,Cloudy,72,21684051,29,Yes
P0386,Rain,36,23291561,5,Yes
P0387,Sunny,87,36588855,61,Yes
P0388,Rain,104,45765493,73,No
P0389,Sunny,22,13787603,34,Yes
P0390,Rain,71,9709838,42,Yes
P0391,Cloudy,13,44302249,47,Yes
P0392,Sunny,120,7898728,67,No
P0393,Cloudy,16,22842228,77,Yes
P0394,Cloudy,67,32033454,94,No
P0395,Cloudy,54,24391954,93,No
P0396,Sunny,37,11290007,44,Yes
P0397,Rain,30,17153027,54,Yes
P0398,Sunny,36,9458429,81,Yes
P0399,Cloudy,24,43981406,84,Yes
P0400,Sunny,104,32747826,45,Yes
P0401,Cloudy,120,26178117,23,No
P0402,Sunny,83,40369847,8,Yes
P0403,Sunny,46,46646191,18,Yes
P0404,Sunny,72,36920744,45,Yes
P0405,Cloudy,83,14499395,46,Yes
P0406,Rain,33,22626146,94,No
P0407,Sunny,116,28836838,18,Yes
P0408,Sunny,69,17718361,43,No
P0409,Rain,18,6913473,56,Yes
P0410,Cloudy,31,32494661,51,Yes
P0411,Rain,42,28678088,81,No
P0412,Cloudy,115,6552621,35,Yes
P0413,Rain,114,26831131,51,Yes
P0414,Cloudy,116,38271400,61,No
P0415,Rain,114,11917700,53,Yes
P0416,Cloudy,120,35437774,43,Yes
P0417,Sunny,52,32920276,40,Yes
P0418,Rain,119,30986313,5,Yes
P0419,Rain,68,49611258,5,Yes
P0420,Cloudy,17,37929272,97,No
P0421,Sunny,63,40364628,34,Yes
P0422,Sunny,66,29705461,16,Yes
P0423,Cloudy,89,10495549,11,Yes
P0424,Rain,38,26773363,35,Yes
P0425,Rain,21,37511766,81,No
P0426,Cloudy,76,47088660,6,Yes
P0427,Sunny,21,14022252,94,Yes
P0428,Rain,101,36068087,90,Yes
P0429,Sunny,99,22697344,22,No
P0430,Rain,30,11359613,71,Yes
P0431,Sunny,20,23050766,61,No
P0432,Cloudy,64,30205230,21,Yes
P0433,Rain,100,46689405,16,Yes
P0434,Rain,98,6900936,27,Yes
P0435,Rain,112,40827681,51,No
P0436,Sunny,87,12869549,92,No
P0437,Cloudy,88,40852676,20,Yes
P0438,Sunny,87,19010592,99,No
P0439,Rain,114,42448989,49,Yes
P0440,Rain,67,9891530,27,No
P0441,Cloudy,70,30165284,54,Yes
P0442,Rain,35,26934875,78,Yes
P0443,Rain,15,7476567,63,No
P0444,Cloudy,78,37173431,57,No
P0445,Cloudy,23,40611170,46,Yes
P0446,Cloudy,33,6538041,81,No
P0447,Sunny,81,37582441,41,Yes
P0448,Sunny,22,32140886,89,Yes
P0449,Sunny,108,42144552,35,No
P0450,Rain,78,17195159,88,No
P0451,Rain,68,38854111,34,Yes
P0452,Sunny,112,43072425,78,Yes
P0453,Cloudy,63,42842332,57,Yes
P0454,Sunny,60,21085481,51,Yes
P0455,Cloudy,28,26609311,91,Yes
P0456,Sunny,119,25900131,95,Yes
P0457,Rain,19,14636055,19,Yes
P0458,Cloudy,53,46283006,52,No
P0459,Sunny,30,29859363,97,No
P0460,Sunny,117,40699745,11,Yes
P0461,Sunny,97,43423568,60,Yes
P0462,Sunny,47,18666942,15,Yes
P0463,Cloudy,66,45719276,79,Yes
P0464,Rain,47,8751633,64,Yes
P0465,Cloudy,103,41691222,65,Yes
P0466,Sunny,50,6618367,30,Yes
P0467,Rain,108,26303230,97,Yes
P0468,Sunny,81,47538335,34,Yes
P0469,Rain,105,34954080,95,No
P0470,Sunny,76,48053828,96,No
P0471,Rain,46,25337134,97,Yes
P0472,Cloudy,72,26806572,12,Yes
P0473,Cloudy,44,47991903,99,No
P0474,Sunny,53,37417920,31,Yes
P0475,Sunny,65,27565756,27,Yes
P0476,Cloudy,65,38199686,61,Yes
P0477,Rain,50,5744956,56,Yes
P0478,Sunny,107,22698715,65,Yes
P0479,Rain,38,13903952,67,Yes
P0480,Sunny,102,46340611,35,Yes
P0481,Rain,108,10587955,92,No
P0482,Rain,88,43764482,63,Yes
P0483,Cloudy,119,30162926,59,Yes
P0484,Rain,87,11129471,17,Yes
P0485,Rain,60,24370263,46,Yes
P0486,Sunny,31,46516243,38,No
P0487,Rain,67,29526353,29,No
P0488,Sunny,16,17176784,85,No
P0489,Rain,19,26223141,49,Yes
P0490,Rain,19,22067611,12,Yes
P0491,Cloudy,120,35255299,93,Yes
P0492,Sunny,26,46754746,43,No
P0493,Sunny,82,47905375,12,Yes
P0494,Sunny,16,41160305,46,No
P0495,Cloudy,26,10646842,62,No
P0496,Cloudy,104,18608223,61,No
P0497,Cloudy,70,22685191,100,No
P0498,Sunny,80,44316348,74,No
P0499,Cloudy,21,31697589,51,Yes
P0500,Sunny,119,16253205,35,Yes
P0501,Cloudy,10,40624011,66,Yes
P0502,Cloudy,40,15778176,35,Yes
P0503,Rain,69,44584790,44,No
P0504,Cloudy,55,31756441,75,Yes
P0505,Sunny,19,22727774,14,Yes
P0506,Sunny,73,22063931,5,Yes
P0507,Rain,80,33831610,36,Yes
P0508,Cloudy,61,18568404,58,Yes
P0509,Rain,57,24327988,12,Yes
P0510,Cloudy,91,25723021,35,Yes
P0511,Rain,100,34548438,58,No
P0512,Cloudy,32,9309720,36,Yes
P0513,Rain,89,27921534,5,Yes
P0514,Sunny,109,41910436,32,Yes
P0515,Cloudy,83,44963957,79,No
P0516,Cloudy,11,27753018,68,No
P0517,Rain,118,19064997,63,Yes
P0518,Sunny,66,47286938,63,No
P0519,Rain,27,24841187,22,Yes
P0520,Cloudy,102,47539232,7,Yes
P0521,Sunny,109,24167579,34,Yes
P0522,Rain,116,34028875,9,Yes
P0523,Sunny,55,16463744,40,Yes
P0524,Rain,36,37571888,78,Yes
P0525,Sunny,35,22060747,43,Yes
P0526,Rain,29,32722494,7,Yes
P0527,Sunny,97,10565611,100,No
P0528,Rain,65,8373474,11,Yes
P0529,Rain,28,29782634,44,Yes
P0530,Sunny,72,34050422,78,No
P0531,Rain,106,26739129,75,Yes
P0532,Cloudy,41,44371901,84,No
P0533,Rain,97,20637388,80,Yes
P0534,Sunny,92,30605881,69,Yes
P0535,Sunny,90,25015495,15,Yes
P0536,Rain,45,26794875,68,No
P0537,Cloudy,32,28396362,54,Yes
P0538,Cloudy,97,22131942,36,Yes
P0539,Cloudy,25,27553222,42,No
P0540,Sunny,56,31814475,23,Yes
P0541,Cloudy,68,12056234,74,No
P0542,Cloudy,101,44249556,25,No
P0543,Sunny,118,24474327,95,Yes
P0544,Sunny,89,36641596,45,Yes
P0545,Cloudy,99,41969083,25,Yes
P0546,Rain,29,17638279,56,No
P0547,Rain,23,29433811,40,Yes
P0548,Sunny,61,27078874,94,No
P0549,Rain,58,35055112,54,Yes
P0550,Rain,75,7615819,7,Yes
P0551,Rain,48,6613746,30,No
P0552,Rain,18,32925326,100,Yes
P0553,Sunny,18,24765449,72,Yes
P0554,Cloudy,87,19246472,42,Yes
P0555,Rain,102,23720802,52,No
P0556,Cloudy,11,10740241,41,Yes
P0557,Cloudy,110,25882094,22,Yes
P0558,Rain,34,25944548,63,No
P0559,Sunny,67,48521841,41,Yes
P0560,Rain,51,19075358,62,Yes
P0561,Cloudy,16,25117993,30,No
P0562,Rain,94,13132568,26,No
P0563,Rain,98,5155397,42,Yes
P0564,Rain,15,31605851,63,No
P0565,Sunny,39,19631342,47,No
P0566,Rain,18,8240262,19,Yes
P0567,Cloudy,61,11042534,80,Yes
P0568,Cloudy,86,47026278,93,No
P0569,Sunny,103,19761035,61,Yes
P0570,Rain,109,14819367,87,Yes
P0571,Cloudy,40,37412110,90,Yes
P0572,Rain,112,16986400,87,Yes
P0573,Rain,11,24267008,91,No
P0574,Sunny,26,10684701,23,Yes
P0575,Sunny,106,39607856,11,Yes
P0576,Cloudy,101,5903330,95,Yes
P0577,Rain,52,19522827,73,No
P0578,Rain,78,40780473,15,Yes
P0579,Sunny,35,9649095,21,Yes
P0580,Cloudy,91,37121547,5,Yes
P0581,Cloudy,62,12775577,18,Yes
P0582,Rain,100,11458361,94,Yes
P0583,Cloudy,54,34100875,97,No
P0584,Sunny,78,33179975,98,Yes
P0585,Rain,20,7490940,60,No
P0586,Rain,34,42880714,75,Yes
P0587,Cloudy,38,46156638,76,Yes
P0588,Rain,108,28409553,88,Yes
P0589,Sunny,28,12311019,17,Yes
P0590,Rain,69,42688753,55,No
P0591,Sunny,78,5961996,79,Yes
P0592,Sunny,15,39523649,60,Yes
P0593,Sunny,117,15828607,75,No
P0594,Rain,79,16391032,27,Yes
P0595,Sunny,20,41653348,85,No
P0596,Rain,84,30012897,21,Yes
P0597,Rain,38,47851821,60,No
P0598,Cloudy,57,48670892,28,Yes
P0599,Sunny,73,15529771,73,Yes
P0600,Cloudy,23,42541839,72,Yes
P0601,Cloudy,37,43769938,83,Yes
P0602,Sunny,23,13844779,98,No
P0603,Sunny,58,17878690,18,Yes
P0604,Sunny,47,36037928,99,No
P0605,Rain,58,39112339,15,Yes
P0606,Sunny,66,24013586,16,Yes
P0607,Rain,115,44981406,79,Yes
P0608,Sunny,66,27685684,24,Yes
P0609,Cloudy,62,40631087,95,Yes
P0610,Rain,61,6057293,43,Yes
P0611,Cloudy,119,41682662,13,Yes
P0612,Sunny,78,38221697,78,Yes
P0613,Sunny,109,27709091,73,Yes
P0614,Cloudy,16,29053049,94,Yes
P0615,Rain,97,43775038,23,Yes
P0616,Cloudy,33,22914969,83,No
P0617,Rain,42,48920312,70,Yes
P0618,Cloudy,29,7850071,37,Yes
P0619,Rain,96,42631617,58,Yes
P0620,Rain,67,29545514,28,Yes
P0621,Rain,108,28475854,80,No
P0622,Sunny,21,25892746,40,Yes
P0623,Rain,71,25452420,20,Yes
P0624,Sunny,102,47485724,38,Yes
P0625,Rain,107,28524565,20,Yes
P0626,Sunny,42,27913360,98,No
P0627,Cloudy,38,27464457,66,No
P0628,Sunny,115,6720989,58,Yes
P0629,Sunny,33,19561764,70,Yes
P0630,Rain,110,22047498,90,Yes
P0631,Sunny,67,12256918,98,No
P0632,Rain,109,15985823,9,Yes
P0633,Rain,86,41967024,53,Yes
P0634,Sunny,65,23172532,19,Yes
P0635,Cloudy,113,10361577,69,Yes
P0636,Sunny,85,25857862,37,Yes
P0637,Cloudy,73,21097736,91,No
P0638,Sunny,77,7076270,41,Yes
P0639,Cloudy,54,20556458,6,Yes
P0640,Sunny,26,35900440,70,Yes
P0641,Sunny,64,10464790,16,Yes
P0642,Sunny,22,37234993,37,Yes
P0643,Sunny,73,30948600,42,No
P0644,Rain,95,29452157,23,No
P0645,Cloudy,37,16624583,9,Yes
P0646,Cloudy,50,5462530,80,Yes
P0647,Cloudy,80,41077724,62,Yes
P0648,Rain,48,49879440,67,Yes
P0649,Cloudy,85,43644327,45,Yes
P0650,Rain,45,17262646,50,Yes
P0651,Rain,119,44679829,25,Yes
P0652,Sunny,103,13217080,82,No
P0653,Sunny,11,27394185,12,Yes
P0654,Sunny,49,5374962,92,Yes
P0655,Cloudy,47,42711515,68,Yes
P0656,Sunny,52,24753337,46,Yes
P0657,Sunny,98,9359430,8,Yes
P0658,Cloudy,64,10384560,58,Yes
P0659,Cloudy,86,6688874,14,Yes
P0660,Rain,105,27402592,98,No
P0661,Sunny,89,41168887,19,Yes
P0662,Cloudy,113,27855137,80,Yes
P0663,Sunny,115,6123729,97,Yes
P0664,Rain,76,35667185,58,Yes
P0665,Rain,117,39538790,47,Yes
P0666,Cloudy,41,33745645,86,No
P0667,Rain,75,17370709,34,Yes
P0668,Cloudy,17,33817486,53,No
P0669,Rain,74,40828043,69,Yes
P0670,Cloudy,34,17836706,89,No
P0671,Rain,29,23714578,20,Yes
P0672,Sunny,105,39323804,95,No
P0673,Cloudy,115,30552867,70,Yes
P0674,Rain,35,42007794,22,Yes
P0675,Sunny,17,24684262,100,Yes
P0676,Rain,62,28050911,79,Yes
P0677,Cloudy,40,22824640,60,Yes
P0678,Cloudy,60,46195935,21,Yes
P0679,Rain,87,26519468,28,Yes
P0680,Cloudy,42,26093556,42,Yes
P0681,Rain,44,41033404,19,Yes
P0682,Cloudy,82,28529716,52,No
P0683,Cloudy,48,14440287,87,Yes
P0684,Rain,76,43396449,15,Yes
P0685,Cloudy,78,33100654,81,Yes
P0686,Sunny,42,27294992,60,Yes
P0687,Cloudy,83,6817042,52,Yes
P0688,Cloudy,106,24732301,90,No
P0689,Rain,47,29816355,80,Yes
P0690,Rain,96,12475956,41,Yes
P0691,Rain,21,17874208,60,Yes
P0692,Sunny,39,30753750,10,Yes
P0693,Sunny,26,17300337,74,Yes
P0694,Rain,19,38538041,84,No
P0695,Cloudy,82,45284147,88,No
P0696,Cloudy,76,47108881,16,Yes
P0697,Rain,94,39845208,12,Yes
P0698,Sunny,45,21986881,45,Yes
P0699,Rain,110,49316083,14,Yes
P0700,Cloudy,55,38618021,59,No
P0701,Cloudy,76,40875154,6,Yes
P0702,Sunny,72,13032716,24,Yes
P0703,Cloudy,55,10626760,36,Yes
P0704,Sunny,61,30054297,82,No
P0705,Cloudy,100,12009347,22,Yes
P0706,Sunny,49,40541434,99,No
P0707,Rain,85,44913336,5,Yes
P0708,Cloudy,97,23007076,98,No
P0709,Cloudy,107,25057807,75,No
P0710,Rain,64,28995275,15,Yes
P0711,Sunny,13,41535426,66,Yes
P0712,Cloudy,12,17344820,20,Yes
P0713,Sunny,61,13750945,17,Yes
P0714,Sunny,86,39999656,88,No
P0715,Rain,16,48985869,51,No
P0716,Rain,111,9398835,92,Yes
P0717,Cloudy,27,45173602,60,Yes
P0718,Sunny,42,28461922,60,No
P0719,Rain,20,27341347,73,Yes
P0720,Rain,49,42641301,30,Yes
P0721,Sunny,104,29707821,32,Yes
P0722,Cloudy,32,43319016,86,Yes
P0723,Rain,30,15814937,98,Yes
P0724,Sunny,58,46452314,33,Yes
P0725,Sunny,111,38931307,24,Yes
P0726,Sunny,50,48168023,5,Yes
P0727,Cloudy,16,7156208,100,No
P0728,Sunny,67,47221057,42,Yes
P0729,Cloudy,106,40475435,41,No
P0730,Cloudy,64,23216461,25,Yes
P0731,Sunny,39,20994727,42,Yes
P0732,Cloudy,19,14749398,64,Yes
P0733,Rain,22,22283167,12,Yes
P0734,Rain,114,34730284,50,No
P0735,Sunny,117,32781478,10,Yes
P0736,Sunny,60,38859377,81,Yes
P0737,Cloudy,108,38506485,87,No
P0738,Cloudy,102,16888131,95,No
P0739,Cloudy,70,35389833,12,Yes
P0740,Cloudy,75,31464569,75,Yes
P0741,Sunny,37,46064536,9,Yes
P0742,Rain,67,26444405,78,Yes
P0743,Rain,77,35711717,39,No
P0744,Rain,77,42881439,75,Yes
P0745,Sunny,49,23630717,43,No
P0746,Rain,37,5928955,33,Yes
P0747,Cloudy,12,43266903,88,Yes
P0748,Sunny,108,42409700,5,Yes
P0749,Cloudy,31,29240119,8,Yes
P0750,Sunny,106,18772393,37,Yes
P0751,Sunny,59,48311421,35,Yes
P0752,Cloudy,97,24701414,84,No
P0753,Cloudy,30,39703595,6,Yes
P0754,Sunny,69,6780844,85,Yes
P0755,Cloudy,50,18389403,30,Yes
P0756,Cloudy,65,23173676,64,Yes
P0757,Cloudy,35,31839395,91,No
P0758,Rain,15,8603912,80,No
P0759,Cloudy,44,6394903,33,Yes
P0760,Rain,88,5685132,51,No
P0761,Cloudy,25,38399497,16,Yes
P0762,Cloudy,27,14764339,10,Yes
P0763,Sunny,42,25476986,5,Yes
P0764,Cloudy,106,48949315,98,Yes
P0765,Rain,60,31667401,50,No
P0766,Cloudy,111,11326031,89,Yes
P0767,Rain,108,44811270,36,Yes
P0768,Rain,17,13132018,14,Yes
P0769,Rain,89,28106045,44,Yes
P0770,Rain,48,24133770,62,Yes
P0771,Rain,88,19044211,50,No
P0772,Rain,79,28326469,86,Yes
P0773,Sunny,73,15091673,61,Yes
P0774,Cloudy,32,43065102,43,Yes
P0775,Cloudy,23,15849847,80,Yes
P0776,Sunny,90,44104061,48,Yes
P0777,Cloudy,46,13438424,70,No
P0778,Sunny,25,38047964,100,No
P0779,Rain,37,23186064,49,No
P0780,Sunny,73,31052604,93,No
P0781,Sunny,120,27339518,15,Yes
P0782,Cloudy,113,44074881,12,Yes
P0783,Cloudy,18,10813956,40,Yes
P0784,Sunny,57,36873295,92,No
P0785,Sunny,107,8420021,12,Yes
P0786,Rain,99,18437254,60,No
P0787,Rain,53,9674124,44,Yes
P0788,Rain,22,25149522,26,No
P0789,Cloudy,68,17198851,73,Yes
P0790,Sunny,47,34033297,25,Yes
P0791,Rain,69,21934582,58,Yes
P0792,Rain,26,32249619,18,Yes
P0793,Cloudy,13,19123179,50,Yes
P0794,Sunny,36,12328392,22,Yes
P0795,Sunny,12,29113103,28,Yes
P0796,Cloudy,115,26747532,87,Yes
P0797,Sunny,106,31925599,19,Yes
P0798,Cloudy,16,46899414,8,Yes
P0799,Sunny,88,7792993,82,No
P0800,Rain,68,37936393,16,Yes
P0801,Rain,79,6080098,81,No
P0802,Sunny,68,24776860,28,Yes
P0803,Sunny,20,43387066,88,Yes
P0804,Sunny,65,37085179,77,Yes
P0805,Sunny,45,35596353,78,Yes
P0806,Cloudy,94,19306037,32,Yes
P0807,Rain,12,31713169,52,No
P0808,Sunny,100,13072369,96,No
P0809,Cloudy,33,11726376,69,No
P0810,Cloudy,37,5807383,13,Yes
P0811,Sunny,65,49660174,41,No
P0812,Cloudy,23,29510086,11,Yes
P0813,Rain,57,11469505,83,No
P0814,Cloudy,119,32212944,72,Yes
P0815,Cloudy,21,43916672,54,Yes
P0816,Cloudy,70,11279416,50,Yes
P0817,Rain,73,20333746,39,Yes
P0818,Sunny,62,24891926,82,Yes
P0819,Cloudy,42,21286707,62,Yes
P0820,Rain,120,6014735,78,No
P0821,Sunny,95,47853359,93,No
P0822,Sunny,50,49011550,47,Yes
P0823,Cloudy,19,13561045,37,Yes
P0824,Sunny,31,47514971,72,Yes
P0825,Rain,90,7032867,59,Yes
P0826,Cloudy,50,11064779,88,No
P0827,Rain,47,39354876,54,No
P0828,Cloudy,11,25823565,53,No
P0829,Rain,60,29734893,42,Yes
P0830,Rain,31,23292472,23,Yes
P0831,Sunny,17,22701939,77,No
P0832,Rain,12,43322534,13,Yes
P0833,Rain,100,33997918,28,Yes
P0834,Sunny,93,33401929,42,Yes
P0835,Rain,58,24554759,71,No
P0836,Sunny,53,27213443,15,Yes
P0837,Rain,71,18658152,45,Yes
P0838,Sunny,26,43194855,99,Yes
P0839,Sunny,12,20213865,14,Yes
P0840,Rain,47,14349654,76,No
P0841,Sunny,55,18002463,10,Yes
P0842,Sunny,79,32122688,98,Yes
P0843,Rain,80,46328138,9,Yes
P0844,Sunny,39,30733098,46,Yes
P0845,Sunny,16,21961526,95,No
P0846,Sunny,72,35155135,79,Yes
P0847,Sunny,73,40263697,70,No
P0848,Sunny,78,24013466,10,Yes
P0849,Cloudy,88,6819320,30,Yes
P0850,Sunny,41,34464506,96,Yes
P0851,Sunny,67,29714598,19,Yes
P0852,Rain,37,20797158,87,No
P0853,Sunny,35,9747699,59,Yes
P0854,Rain,70,6668950,92,No
P0855,Sunny,24,9469705,42,Yes
P0856,Rain,81,35704802,13,Yes
P0857,Sunny,35,18054752,30,Yes
P0858,Cloudy,53,16299110,37,No
P0859,Cloudy,21,12536467,76,No
P0860,Rain,25,33864630,100,No
P0861,Sunny,15,22295903,75,No
P0862,Sunny,56,47344942,22,Yes
P0863,Rain,69,16862329,79,No
P0864,Sunny,87,12266588,17,Yes
P0865,Sunny,11,10327164,9,Yes
P0866,Cloudy,87,28049935,21,Yes
P0867,Cloudy,33,12701885,97,Yes
P0868,Cloudy,48,45548121,100,Yes
P0869,Rain,70,48208977,34,No
P0870,Cloudy,37,31836287,63,Yes
P0871,Cloudy,54,45097434,56,No
P0872,Rain,43,49599680,16,Yes
P0873,Sunny,32,15896266,15,Yes
P0874,Sunny,19,22985604,15,Yes
P0875,Cloudy,94,47740881,39,Yes
P0876,Sunny,109,36502542,19,Yes
P0877,Rain,10,17905016,86,Yes
P0878,Rain,68,40845066,63,No
P0879,Cloudy,18,29666003,49,No
P0880,Sunny,116,20609637,72,Yes
P0881,Rain,67,31450329,9,Yes
P0882,Cloudy,31,42070745,30,Yes
P0883,Cloudy,36,20633910,72,No
P0884,Sunny,91,37571797,100,No
P0885,Rain,57,26037534,10,Yes
P0886,Rain,44,14236027,79,Yes
P0887,Rain,65,49901182,13,Yes
P0888,Sunny,111,11725887,78,Yes
P0889,Cloudy,75,30775168,22,Yes
P0890,Cloudy,77,31105694,56,Yes
P0891,Rain,53,30936234,62,No
P0892,Sunny,49,9959179,23,Yes
P0893,Cloudy,89,18260669,37,Yes
P0894,Rain,83,37540639,25,Yes
P0895,Rain,64,22962081,70,No
P0896,Rain,103,21208402,22,Yes
P0897,Rain,38,42723654,25,Yes
P0898,Rain,117,36620643,9,Yes
P0899,Cloudy,58,22023655,9,Yes
P0900,Rain,58,22686797,17,Yes
P0901,Cloudy,116,7533141,40,Yes
P0902,Cloudy,56,13864654,43,Yes
P0903,Sunny,105,8694697,94,Yes
P0904,Sunny,86,38405885,62,Yes
P0905,Sunny,40,38670027,59,Yes
P0906,Sunny,93,12227119,88,Yes
P0907,Sunny,14,12014535,16,Yes
P0908,Cloudy,50,24265892,55,No
P0909,Cloudy,48,47178966,92,No
P0910,Sunny,56,44014410,57,No
P0911,Rain,97,23007401,30,Yes
P0912,Cloudy,10,42738408,39,Yes
P0913,Sunny,51,42968220,87,No
P0914,Rain,62,42254972,45,Yes
P0915,Sunny,97,34917057,14,Yes
P0916,Rain,21,13268500,55,Yes
P0917,Rain,43,26659069,42,Yes
P0918,Cloudy,110,11843778,90,No
P0919,Cloudy,52,7718881,46,Yes
P0920,Cloudy,16,16289915,86,No
P0921,Sunny,70,37277470,49,No
P0922,Cloudy,119,16908061,29,Yes
P0923,Sunny,61,27752647,64,Yes
P0924,Cloudy,103,49413707,76,Yes
P0925,Rain,33,18372134,74,No
P0926,Cloudy,66,37893265,47,Yes
P0927,Cloudy,30,36202546,53,No
P0928,Sunny,16,21412243,79,No
P0929,Cloudy,33,18000916,74,Yes
P0930,Sunny,98,12294055,75,No
P0931,Sunny,105,36131203,56,Yes
P0932,Cloudy,58,43584573,16,Yes
P0933,Rain,19,25841578,87,Yes
P0934,Rain,22,25299511,45,Yes
P0935,Rain,12,12898692,71,No
P0936,Cloudy,86,45575417,6,Yes
P0937,Rain,82,35275815,23,Yes
P0938,Sunny,30,42457425,95,Yes
P0939,Cloudy,104,18192828,97,Yes
P0940,Cloudy,110,11546666,50,Yes
P0941,Sunny,14,22344239,41,No
P0942,Sunny,111,27854674,62,Yes
P0943,Cloudy,28,49847409,86,Yes
P0944,Cloudy,76,27988447,49,Yes
P0945,Rain,93,35784498,31,Yes
P0946,Cloudy,109,7755358,48,Yes
P0947,Cloudy,63,9833276,89,No
P0948,Cloudy,15,29886387,35,Yes
P0949,Cloudy,30,32820687,100,No
P0950,Rain,56,31814660,71,Yes
P0951,Rain,36,46204390,43,Yes
P0952,Rain,45,46069058,29,Yes
P0953,Rain,63,21561410,51,No
P0954,Sunny,70,16055373,37,Yes
P0955,Cloudy,60,44072660,49,Yes
P0956,Cloudy,119,11175247,97,No
P0957,Rain,16,47242199,53,Yes
P0958,Sunny,41,7517304,97,No
P0959,Cloudy,50,6095822,38,No
P0960,Rain,10,34115961,26,Yes
P0961,Rain,59,31697961,56,No
P0962,Rain,48,29587201,95,No
P0963,Sunny,81,36780147,17,Yes
P0964,Cloudy,75,42746199,20,Yes
P0965,Sunny,100,28201163,62,No
P0966,Rain,34,21635927,63,Yes
P0967,Rain,51,27781666,83,Yes
P0968,Sunny,107,12105187,41,Yes
P0969,Cloudy,91,12937749,64,Yes
P0970,Sunny,29,20457377,56,No
P0971,Rain,78,26691147,66,No
P0972,Cloudy,113,10643707,28,Yes
P0973,Sunny,36,35446595,99,Yes
P0974,Cloudy,69,44207338,56,Yes
P0975,Cloudy,18,5473482,37,Yes
P0976,Rain,66,38278759,52,No
P0977,Sunny,79,6084348,85,No
P0978,Rain,86,13817490,40,Yes
P0979,Sunny,32,10719548,5,Yes
P0980,Rain,78,44813282,30,Yes
P0981,Cloudy,41,20651674,7,Yes
P0982,Rain,73,14732268,64,No
P0983,Sunny,12,38642383,37,Yes
P0984,Cloudy,69,48096369,27,Yes
P0985,Rain,36,20862886,27,Yes
P0986,Cloudy,18,19652115,64,Yes
P0987,Rain,43,24966133,10,Yes
P0988,Cloudy,96,14847771,78,Yes
P0989,Rain,100,29148601,12,Yes
P0990,Sunny,53,24415130,36,Yes
P0991,Cloudy,86,25036825,45,Yes
P0992,Cloudy,22,31760585,83,No
P0993,Rain,59,7719870,90,Yes
P0994,Cloudy,30,41637180,33,Yes
P0995,Cloudy,91,32501183,20,Yes
P0996,Cloudy,44,12509493,82,No
P0997,Sunny,26,44752517,14,Yes
P0998,Cloudy,32,17416368,41,No
P0999,Sunny,85,21734784,18,Yes
P1000,Rain,91,20280539,40,Yes
