Project_ID,Equipment,Working,Maintenance,Failure,Age
P0001,Bulldozer,Yes,Yes,No,10
P0002,Crane,No,Yes,Yes,3
P0003,Crane,No,No,Yes,15
P0004,Loader,Yes,Yes,No,6
P0005,Mixer,No,No,No,5
P0006,Bulldozer,Yes,No,No,9
P0007,Bulldozer,Yes,Yes,No,8
P0008,Mixer,Yes,Yes,Yes,13
P0009,Bulldozer,No,No,No,14
P0010,Loader,Yes,Yes,No,4
P0011,Mixer,No,Yes,No,8
P0012,Excavator,Yes,No,No,7
P0013,Loader,Yes,Yes,No,10
P0014,Bulldozer,No,Yes,No,5
P0015,Bulldozer,Yes,No,Yes,6
P0016,Excavator,No,No,Yes,15
P0017,Mixer,No,Yes,No,14
P0018,Excavator,Yes,No,No,9
P0019,Excavator,No,Yes,Yes,9
P0020,Mixer,Yes,No,No,10
P0021,Mixer,Yes,No,No,7
P0022,Excavator,Yes,No,Yes,6
P0023,Mixer,Yes,Yes,Yes,14
P0024,Excavator,No,Yes,No,3
P0025,Crane,Yes,No,No,12
P0026,Bulldozer,No,Yes,No,14
P0027,Bulldozer,Yes,No,Yes,9
P0028,Crane,No,No,Yes,1
P0029,Loader,Yes,Yes,Yes,4
P0030,Crane,No,No,No,7
P0031,Bulldozer,Yes,No,Yes,3
P0032,Crane,Yes,No,Yes,6
P0033,Excavator,Yes,Yes,No,5
P0034,Loader,Yes,No,No,1
P0035,Loader,Yes,Yes,Yes,8
P0036,Bulldozer,No,No,No,5
P0037,Mixer,No,No,No,1
P0038,Bulldozer,Yes,No,Yes,9
P0039,Excavator,Yes,No,No,12
P0040,Loader,Yes,Yes,Yes,10
P0041,Excavator,Yes,No,Yes,2
P0042,Loader,No,Yes,Yes,15
P0043,Mixer,No,No,Yes,13
P0044,Loader,No,No,No,8
P0045,Loader,No,Yes,Yes,7
P0046,Loader,No,No,Yes,10
P0047,Loader,No,Yes,No,7
P0048,Excavator,Yes,Yes,Yes,5
P0049,Excavator,Yes,Yes,No,6
P0050,Bulldozer,Yes,No,Yes,8
P0051,Bulldozer,No,Yes,Yes,10
P0052,Excavator,Yes,No,Yes,4
P0053,Mixer,Yes,No,No,13
P0054,Crane,Yes,Yes,Yes,6
P0055,Crane,No,Yes,No,14
P0056,Mixer,Yes,No,Yes,11
P0057,Mixer,No,Yes,Yes,6
P0058,Excavator,No,No,No,7
P0059,Mixer,Yes,No,Yes,7
P0060,Bulldozer,No,Yes,Yes,1
P0061,Excavator,Yes,Yes,No,3
P0062,Loader,Yes,No,Yes,1
P0063,Crane,Yes,Yes,Yes,10
P0064,Mixer,No,Yes,No,15
P0065,Excavator,Yes,Yes,Yes,15
P0066,Mixer,Yes,Yes,Yes,15
P0067,Excavator,Yes,No,No,7
P0068,Mixer,No,No,No,12
P0069,Bulldozer,Yes,No,No,7
P0070,Excavator,No,No,Yes,7
P0071,Bulldozer,Yes,Yes,No,9
P0072,Mixer,No,No,No,1
P0073,Loader,No,Yes,No,15
P0074,Mixer,No,No,No,12
P0075,Bulldozer,No,Yes,No,14
P0076,Bulldozer,Yes,Yes,No,1
P0077,Bulldozer,No,Yes,No,7
P0078,Mixer,Yes,No,No,1
P0079,Mixer,Yes,No,Yes,1
P0080,Bulldozer,No,Yes,Yes,2
P0081,Loader,No,No,Yes,9
P0082,Loader,No,No,No,14
P0083,Crane,No,Yes,No,2
P0084,Excavator,Yes,Yes,No,8
P0085,Bulldozer,No,Yes,Yes,12
P0086,Mixer,No,No,Yes,15
P0087,Loader,Yes,Yes,No,10
P0088,Crane,Yes,No,Yes,6
P0089,Excavator,No,No,No,5
P0090,Mixer,Yes,No,Yes,13
P0091,Loader,Yes,Yes,Yes,15
P0092,Loader,No,Yes,No,10
P0093,Mixer,Yes,No,Yes,14
P0094,Loader,Yes,No,No,13
P0095,Excavator,Yes,No,Yes,4
P0096,Bulldozer,Yes,No,No,13
P0097,Crane,No,Yes,No,8
P0098,Excavator,Yes,No,Yes,10
P0099,Excavator,No,Yes,No,8
P0100,Mixer,No,Yes,Yes,14
P0101,Mixer,No,Yes,Yes,4
P0102,Loader,Yes,No,Yes,11
P0103,Bulldozer,No,Yes,No,10
P0104,Crane,Yes,Yes,Yes,14
P0105,Excavator,Yes,Yes,Yes,5
P0106,Crane,No,No,No,8
P0107,Mixer,No,No,Yes,3
P0108,Excavator,No,Yes,Yes,11
P0109,Mixer,No,No,No,5
P0110,Bulldozer,Yes,No,Yes,15
P0111,Excavator,Yes,Yes,No,12
P0112,Bulldozer,Yes,No,Yes,11
P0113,Bulldozer,Yes,No,Yes,7
P0114,Excavator,No,Yes,No,10
P0115,Loader,No,Yes,Yes,8
P0116,Excavator,Yes,No,Yes,3
P0117,Bulldozer,No,No,No,11
P0118,Loader,No,No,No,12
P0119,Loader,Yes,Yes,Yes,6
P0120,Bulldozer,No,No,Yes,3
P0121,Mixer,Yes,No,No,15
P0122,Mixer,Yes,No,Yes,10
P0123,Loader,No,No,Yes,13
P0124,Mixer,Yes,Yes,No,12
P0125,Bulldozer,No,No,Yes,11
P0126,Bulldozer,No,No,Yes,1
P0127,Mixer,No,No,Yes,3
P0128,Loader,No,Yes,Yes,5
P0129,Loader,Yes,Yes,Yes,13
P0130,Mixer,Yes,Yes,No,3
P0131,Crane,No,Yes,No,13
P0132,Excavator,Yes,Yes,Yes,1
P0133,Excavator,Yes,Yes,Yes,15
P0134,Mixer,No,Yes,Yes,11
P0135,Excavator,Yes,No,Yes,14
P0136,Mixer,Yes,Yes,Yes,14
P0137,Excavator,Yes,No,No,4
P0138,Mixer,Yes,No,Yes,11
P0139,Crane,Yes,No,No,15
P0140,Excavator,No,No,Yes,3
P0141,Crane,No,No,No,6
P0142,Mixer,Yes,No,No,12
P0143,Bulldozer,No,No,Yes,3
P0144,Crane,No,Yes,Yes,6
P0145,Loader,Yes,No,No,6
P0146,Excavator,Yes,No,No,13
P0147,Loader,No,Yes,Yes,2
P0148,Bulldozer,No,Yes,No,6
P0149,Excavator,Yes,Yes,No,4
P0150,Excavator,Yes,No,Yes,15
P0151,Loader,Yes,Yes,No,6
P0152,Loader,No,No,No,6
P0153,Excavator,Yes,Yes,Yes,11
P0154,Mixer,Yes,No,No,11
P0155,Mixer,No,Yes,No,5
P0156,Crane,Yes,Yes,No,9
P0157,Loader,No,No,No,14
P0158,Bulldozer,No,No,Yes,7
P0159,Excavator,Yes,Yes,Yes,13
P0160,Loader,No,Yes,No,10
P0161,Crane,Yes,No,No,3
P0162,Mixer,No,Yes,No,11
P0163,Loader,No,Yes,No,8
P0164,Bulldozer,No,Yes,Yes,10
P0165,Crane,No,No,Yes,12
P0166,Bulldozer,Yes,Yes,No,9
P0167,Mixer,No,No,No,14
P0168,Crane,No,No,Yes,4
P0169,Mixer,Yes,Yes,Yes,6
P0170,Crane,Yes,No,No,10
P0171,Excavator,No,No,Yes,10
P0172,Loader,Yes,No,No,12
P0173,Crane,No,Yes,No,3
P0174,Excavator,No,No,No,8
P0175,Mixer,No,No,Yes,13
P0176,Crane,Yes,No,No,5
P0177,Bulldozer,Yes,No,No,6
P0178,Crane,No,Yes,Yes,4
P0179,Bulldozer,No,Yes,Yes,15
P0180,Crane,Yes,Yes,No,2
P0181,Loader,No,No,No,6
P0182,Loader,Yes,No,Yes,15
P0183,Excavator,No,No,Yes,2
P0184,Crane,Yes,Yes,No,5
P0185,Mixer,Yes,No,No,1
P0186,Crane,No,No,Yes,10
P0187,Loader,Yes,Yes,Yes,5
P0188,Bulldozer,No,Yes,No,10
P0189,Crane,Yes,No,No,9
P0190,Excavator,No,Yes,Yes,8
P0191,Excavator,No,Yes,Yes,4
P0192,Excavator,No,Yes,No,8
P0193,Excavator,No,Yes,No,11
P0194,Excavator,Yes,Yes,No,3
P0195,Crane,Yes,Yes,No,8
P0196,Excavator,No,Yes,No,8
P0197,Mixer,No,No,Yes,9
P0198,Crane,No,No,No,1
P0199,Loader,No,No,Yes,2
P0200,Excavator,Yes,No,No,9
P0201,Crane,Yes,Yes,No,8
P0202,Loader,No,Yes,Yes,2
P0203,Bulldozer,Yes,No,No,6
P0204,Excavator,Yes,No,No,9
P0205,Bulldozer,Yes,No,No,9
P0206,Loader,Yes,No,Yes,8
P0207,Crane,No,No,Yes,15
P0208,Loader,Yes,Yes,No,10
P0209,Mixer,No,Yes,No,9
P0210,Mixer,No,Yes,Yes,5
P0211,Excavator,No,Yes,Yes,13
P0212,Crane,No,No,Yes,5
P0213,Crane,No,Yes,Yes,3
P0214,Bulldozer,No,Yes,Yes,3
P0215,Mixer,Yes,Yes,No,3
P0216,Loader,No,Yes,No,11
P0217,Crane,No,Yes,No,4
P0218,Excavator,Yes,No,No,5
P0219,Crane,Yes,No,No,13
P0220,Excavator,Yes,Yes,No,6
P0221,Loader,Yes,No,Yes,4
P0222,Mixer,No,Yes,Yes,6
P0223,Bulldozer,Yes,No,Yes,4
P0224,Loader,Yes,No,No,1
P0225,Bulldozer,Yes,No,No,11
P0226,Excavator,Yes,Yes,No,7
P0227,Mixer,Yes,No,No,3
P0228,Mixer,No,Yes,No,6
P0229,Loader,No,Yes,No,3
P0230,Bulldozer,No,No,Yes,10
P0231,Bulldozer,Yes,Yes,Yes,13
P0232,Loader,No,Yes,No,8
P0233,Bulldozer,No,No,No,6
P0234,Bulldozer,Yes,Yes,Yes,8
P0235,Bulldozer,Yes,No,No,8
P0236,Excavator,No,Yes,No,15
P0237,Excavator,No,No,No,13
P0238,Bulldozer,No,No,Yes,6
P0239,Mixer,No,Yes,No,15
P0240,Loader,No,No,No,1
P0241,Loader,No,Yes,No,1
P0242,Crane,Yes,No,Yes,12
P0243,Crane,Yes,No,No,13
P0244,Excavator,Yes,Yes,Yes,11
P0245,Crane,No,Yes,No,4
P0246,Crane,No,Yes,No,8
P0247,Crane,No,Yes,Yes,4
P0248,Crane,No,No,Yes,15
P0249,Crane,No,No,Yes,2
P0250,Loader,Yes,Yes,No,3
P0251,Excavator,Yes,No,Yes,6
P0252,Mixer,Yes,Yes,Yes,2
P0253,Crane,No,No,No,10
P0254,Loader,No,Yes,No,1
P0255,Crane,Yes,No,Yes,2
P0256,Crane,No,No,No,13
P0257,Bulldozer,Yes,No,No,11
P0258,Bulldozer,No,Yes,No,2
P0259,Mixer,No,No,Yes,1
P0260,Loader,No,Yes,Yes,1
P0261,Mixer,No,Yes,Yes,15
P0262,Mixer,Yes,No,Yes,5
P0263,Mixer,Yes,Yes,Yes,9
P0264,Crane,No,No,No,10
P0265,Loader,No,Yes,No,1
P0266,Mixer,Yes,Yes,No,14
P0267,Crane,No,No,No,10
P0268,Crane,No,Yes,Yes,11
P0269,Crane,Yes,No,No,13
P0270,Excavator,Yes,No,No,5
P0271,Crane,Yes,Yes,Yes,15
P0272,Crane,No,Yes,Yes,8
P0273,Loader,Yes,Yes,Yes,10
P0274,Mixer,No,No,Yes,8
P0275,Crane,No,No,No,12
P0276,Bulldozer,Yes,Yes,No,11
P0277,Crane,Yes,No,Yes,11
P0278,Mixer,Yes,Yes,Yes,6
P0279,Loader,Yes,Yes,Yes,13
P0280,Excavator,Yes,No,Yes,8
P0281,Excavator,No,Yes,Yes,10
P0282,Crane,Yes,Yes,Yes,3
P0283,Mixer,Yes,No,No,8
P0284,Bulldozer,No,No,No,3
P0285,Bulldozer,Yes,No,No,12
P0286,Crane,Yes,Yes,No,3
P0287,Loader,Yes,Yes,No,3
P0288,Mixer,No,No,No,4
P0289,Loader,No,Yes,No,15
P0290,Loader,Yes,No,Yes,15
P0291,Excavator,Yes,No,Yes,4
P0292,Loader,No,No,Yes,4
P0293,Crane,No,No,No,12
P0294,Mixer,Yes,Yes,No,7
P0295,Mixer,Yes,No,No,10
P0296,Mixer,Yes,Yes,No,5
P0297,Bulldozer,No,Yes,No,11
P0298,Excavator,No,No,No,7
P0299,Crane,Yes,No,Yes,5
P0300,Loader,Yes,Yes,Yes,5
P0301,Loader,No,Yes,Yes,11
P0302,Loader,Yes,No,No,1
P0303,Mixer,Yes,Yes,Yes,15
P0304,Bulldozer,Yes,No,No,12
P0305,Bulldozer,No,No,No,2
P0306,Crane,No,No,No,13
P0307,Bulldozer,Yes,No,Yes,1
P0308,Bulldozer,No,Yes,No,11
P0309,Mixer,Yes,No,No,8
P0310,Bulldozer,No,Yes,No,10
P0311,Excavator,Yes,Yes,No,10
P0312,Bulldozer,Yes,No,Yes,14
P0313,Loader,Yes,Yes,No,6
P0314,Mixer,Yes,No,Yes,4
P0315,Bulldozer,Yes,No,No,7
P0316,Crane,No,Yes,Yes,10
P0317,Excavator,Yes,Yes,Yes,8
P0318,Crane,No,Yes,Yes,5
P0319,Bulldozer,No,No,No,2
P0320,Crane,No,Yes,No,10
P0321,Bulldozer,No,No,Yes,13
P0322,Crane,No,Yes,Yes,3
P0323,Crane,Yes,Yes,No,4
P0324,Excavator,Yes,No,No,7
P0325,Crane,Yes,No,Yes,15
P0326,Bulldozer,No,Yes,Yes,3
P0327,Bulldozer,Yes,No,No,7
P0328,Bulldozer,Yes,No,No,2
P0329,Loader,No,No,No,9
P0330,Mixer,No,Yes,No,4
P0331,Excavator,No,No,Yes,7
P0332,Bulldozer,Yes,No,No,7
P0333,Mixer,No,Yes,No,13
P0334,Bulldozer,Yes,Yes,Yes,4
P0335,Bulldozer,Yes,No,No,11
P0336,Mixer,No,Yes,Yes,8
P0337,Excavator,No,No,No,3
P0338,Loader,No,Yes,Yes,10
P0339,Excavator,No,Yes,Yes,12
P0340,Bulldozer,Yes,Yes,Yes,3
P0341,Mixer,Yes,No,Yes,5
P0342,Bulldozer,No,Yes,Yes,8
P0343,Excavator,Yes,Yes,No,13
P0344,Bulldozer,No,No,No,13
P0345,Loader,No,No,No,11
P0346,Bulldozer,No,Yes,No,13
P0347,Bulldozer,Yes,No,No,7
P0348,Crane,No,No,No,14
P0349,Excavator,Yes,No,No,6
P0350,Excavator,No,No,No,13
P0351,Bulldozer,No,Yes,Yes,14
P0352,Mixer,Yes,Yes,Yes,6
P0353,Excavator,No,Yes,No,3
P0354,Mixer,Yes,Yes,Yes,3
P0355,Bulldozer,No,No,No,4
P0356,Bulldozer,No,No,Yes,9
P0357,Bulldozer,No,Yes,Yes,9
P0358,Excavator,No,No,No,7
P0359,Loader,No,Yes,No,13
P0360,Loader,Yes,No,No,15
P0361,Bulldozer,Yes,Yes,Yes,15
P0362,Loader,No,Yes,Yes,14
P0363,Bulldozer,Yes,Yes,No,2
P0364,Mixer,No,No,No,14
P0365,Crane,No,No,Yes,15
P0366,Bulldozer,Yes,Yes,No,14
P0367,Bulldozer,No,No,No,13
P0368,Loader,Yes,Yes,No,2
P0369,Crane,Yes,No,No,8
P0370,Excavator,Yes,Yes,No,2
P0371,Loader,Yes,Yes,Yes,4
P0372,Bulldozer,No,Yes,No,1
P0373,Crane,Yes,No,No,2
P0374,Loader,No,No,Yes,15
P0375,Mixer,Yes,Yes,Yes,14
P0376,Loader,No,No,No,7
P0377,Mixer,No,Yes,Yes,15
P0378,Excavator,No,Yes,Yes,8
P0379,Mixer,No,No,No,4
P0380,Mixer,Yes,No,Yes,9
P0381,Loader,Yes,No,Yes,8
P0382,Bulldozer,No,No,Yes,11
P0383,Excavator,No,No,No,13
P0384,Crane,Yes,Yes,No,6
P0385,Excavator,No,Yes,No,2
P0386,Bulldozer,Yes,No,No,3
P0387,Bulldozer,Yes,No,No,6
P0388,Bulldozer,Yes,No,No,8
P0389,Mixer,No,Yes,Yes,15
P0390,Crane,No,No,No,12
P0391,Excavator,Yes,Yes,Yes,2
P0392,Excavator,Yes,No,Yes,3
P0393,Loader,Yes,No,Yes,9
P0394,Bulldozer,Yes,Yes,No,11
P0395,Mixer,Yes,Yes,No,6
P0396,Loader,No,No,No,13
P0397,Bulldozer,Yes,Yes,No,1
P0398,Excavator,No,No,Yes,11
P0399,Excavator,No,Yes,No,6
P0400,Crane,No,No,No,6
P0401,Loader,Yes,Yes,No,8
P0402,Loader,Yes,No,Yes,2
P0403,Loader,Yes,Yes,No,14
P0404,Loader,No,Yes,Yes,11
P0405,Mixer,Yes,Yes,No,4
P0406,Excavator,No,Yes,No,10
P0407,Mixer,No,No,No,13
P0408,Loader,No,No,No,13
P0409,Bulldozer,No,Yes,No,10
P0410,Bulldozer,No,No,No,12
P0411,Crane,No,No,No,5
P0412,Loader,Yes,No,Yes,8
P0413,Mixer,Yes,No,No,4
P0414,Bulldozer,No,No,Yes,7
P0415,Excavator,No,Yes,No,12
P0416,Mixer,Yes,Yes,Yes,12
P0417,Crane,Yes,No,No,8
P0418,Loader,No,No,No,12
P0419,Loader,Yes,No,No,4
P0420,Excavator,Yes,No,No,15
P0421,Excavator,No,Yes,No,14
P0422,Mixer,No,No,No,3
P0423,Mixer,Yes,No,Yes,8
P0424,Bulldozer,No,Yes,Yes,10
P0425,Crane,No,Yes,No,10
P0426,Crane,No,No,Yes,11
P0427,Excavator,Yes,No,Yes,14
P0428,Mixer,Yes,Yes,No,11
P0429,Crane,Yes,No,No,12
P0430,Excavator,No,No,Yes,8
P0431,Mixer,Yes,Yes,No,6
P0432,Loader,Yes,Yes,No,12
P0433,Excavator,No,No,No,6
P0434,Excavator,Yes,No,Yes,5
P0435,Bulldozer,Yes,Yes,No,14
P0436,Mixer,No,No,Yes,13
P0437,Crane,No,Yes,Yes,7
P0438,Mixer,No,Yes,No,2
P0439,Bulldozer,No,No,No,5
P0440,Mixer,No,Yes,Yes,11
P0441,Mixer,No,Yes,Yes,13
P0442,Bulldozer,No,No,Yes,5
P0443,Bulldozer,No,Yes,No,2
P0444,Crane,Yes,Yes,No,7
P0445,Loader,No,No,No,3
P0446,Crane,Yes,No,No,11
P0447,Loader,No,No,No,10
P0448,Mixer,No,Yes,Yes,10
P0449,Excavator,Yes,No,Yes,15
P0450,Crane,No,Yes,Yes,6
P0451,Mixer,Yes,Yes,Yes,3
P0452,Crane,Yes,No,Yes,9
P0453,Crane,Yes,Yes,No,7
P0454,Mixer,Yes,No,No,5
P0455,Excavator,No,No,Yes,11
P0456,Excavator,No,No,Yes,10
P0457,Mixer,No,No,No,15
P0458,Excavator,No,Yes,No,10
P0459,Excavator,No,No,Yes,11
P0460,Excavator,Yes,No,Yes,8
P0461,Crane,No,Yes,Yes,1
P0462,Mixer,Yes,Yes,Yes,6
P0463,Loader,Yes,No,Yes,2
P0464,Loader,No,Yes,Yes,13
P0465,Loader,No,Yes,Yes,4
P0466,Crane,Yes,Yes,No,6
P0467,Crane,Yes,No,No,4
P0468,Crane,No,Yes,Yes,13
P0469,Mixer,Yes,No,No,4
P0470,Loader,No,No,No,12
P0471,Crane,Yes,Yes,No,8
P0472,Crane,No,No,Yes,1
P0473,Bulldozer,No,No,Yes,10
P0474,Excavator,No,Yes,No,1
P0475,Crane,No,No,No,11
P0476,Bulldozer,Yes,Yes,Yes,10
P0477,Excavator,No,Yes,No,1
P0478,Crane,Yes,Yes,No,8
P0479,Mixer,Yes,Yes,No,7
P0480,Bulldozer,No,Yes,No,2
P0481,Loader,No,No,No,11
P0482,Excavator,No,Yes,Yes,9
P0483,Bulldozer,Yes,Yes,No,8
P0484,Loader,No,Yes,Yes,9
P0485,Excavator,No,No,No,9
P0486,Bulldozer,No,Yes,No,15
P0487,Bulldozer,No,No,No,10
P0488,Crane,Yes,Yes,Yes,15
P0489,Loader,No,No,No,3
P0490,Mixer,No,No,Yes,15
P0491,Crane,Yes,Yes,No,11
P0492,Bulldozer,No,No,No,4
P0493,Excavator,No,No,Yes,14
P0494,Excavator,Yes,Yes,Yes,13
P0495,Crane,No,Yes,No,12
P0496,Loader,Yes,Yes,Yes,10
P0497,Bulldozer,No,Yes,No,7
P0498,Mixer,No,No,Yes,15
P0499,Crane,No,Yes,No,4
P0500,Bulldozer,Yes,Yes,Yes,8
P0501,Crane,No,No,No,1
P0502,Excavator,Yes,No,Yes,3
P0503,Crane,Yes,Yes,No,4
P0504,Crane,No,No,No,6
P0505,Bulldozer,No,No,Yes,7
P0506,Bulldozer,Yes,Yes,No,11
P0507,Bulldozer,Yes,Yes,Yes,10
P0508,Crane,No,No,No,14
P0509,Loader,Yes,Yes,Yes,3
P0510,Excavator,Yes,No,Yes,15
P0511,Bulldozer,No,Yes,No,6
P0512,Crane,No,No,No,2
P0513,Bulldozer,Yes,No,Yes,11
P0514,Crane,Yes,No,Yes,11
P0515,Bulldozer,Yes,No,No,7
P0516,Bulldozer,Yes,Yes,Yes,10
P0517,Mixer,No,No,Yes,1
P0518,Excavator,Yes,No,Yes,7
P0519,Crane,No,Yes,No,3
P0520,Loader,Yes,Yes,Yes,6
P0521,Excavator,Yes,No,Yes,9
P0522,Crane,Yes,No,Yes,13
P0523,Mixer,No,Yes,Yes,11
P0524,Crane,Yes,No,Yes,14
P0525,Mixer,No,No,Yes,5
P0526,Loader,No,No,Yes,2
P0527,Mixer,No,No,Yes,1
P0528,Mixer,No,No,No,3
P0529,Loader,Yes,Yes,Yes,2
P0530,Crane,No,Yes,Yes,14
P0531,Mixer,Yes,Yes,No,10
P0532,Bulldozer,No,No,Yes,1
P0533,Crane,Yes,No,Yes,14
P0534,Loader,Yes,No,Yes,3
P0535,Mixer,Yes,No,No,10
P0536,Bulldozer,No,Yes,No,8
P0537,Crane,No,Yes,No,3
P0538,Mixer,Yes,Yes,No,10
P0539,Bulldozer,No,No,Yes,7
P0540,Crane,Yes,No,Yes,6
P0541,Loader,Yes,No,No,13
P0542,Loader,No,Yes,No,10
P0543,Loader,Yes,Yes,Yes,3
P0544,Crane,No,Yes,No,10
P0545,Mixer,No,Yes,Yes,11
P0546,Crane,No,No,No,2
P0547,Loader,No,No,Yes,11
P0548,Bulldozer,No,Yes,No,15
P0549,Excavator,Yes,Yes,No,6
P0550,Excavator,Yes,Yes,Yes,4
P0551,Mixer,No,No,Yes,4
P0552,Excavator,No,Yes,No,6
P0553,Bulldozer,Yes,Yes,No,8
P0554,Excavator,No,No,Yes,3
P0555,Crane,No,Yes,Yes,11
P0556,Crane,Yes,No,Yes,8
P0557,Bulldozer,Yes,Yes,Yes,6
P0558,Excavator,No,Yes,Yes,14
P0559,Crane,Yes,Yes,No,4
P0560,Crane,Yes,Yes,Yes,14
P0561,Mixer,No,No,No,6
P0562,Mixer,Yes,Yes,No,13
P0563,Mixer,Yes,No,No,8
P0564,Mixer,Yes,No,Yes,3
P0565,Excavator,No,No,No,1
P0566,Bulldozer,Yes,Yes,No,5
P0567,Bulldozer,No,No,Yes,9
P0568,Crane,Yes,No,No,8
P0569,Mixer,No,Yes,No,15
P0570,Crane,No,Yes,Yes,12
P0571,Mixer,Yes,No,Yes,15
P0572,Mixer,Yes,Yes,No,8
P0573,Excavator,Yes,No,Yes,15
P0574,Excavator,Yes,Yes,Yes,4
P0575,Excavator,No,Yes,Yes,10
P0576,Loader,Yes,Yes,No,2
P0577,Excavator,No,Yes,No,8
P0578,Mixer,Yes,No,No,9
P0579,Mixer,No,No,Yes,15
P0580,Crane,No,Yes,No,6
P0581,Bulldozer,No,No,No,2
P0582,Loader,Yes,Yes,Yes,5
P0583,Crane,Yes,No,Yes,4
P0584,Loader,Yes,Yes,No,6
P0585,Mixer,No,No,Yes,13
P0586,Bulldozer,Yes,Yes,No,8
P0587,Crane,No,No,Yes,12
P0588,Loader,Yes,No,No,11
P0589,Mixer,No,No,Yes,7
P0590,Bulldozer,No,No,Yes,10
P0591,Loader,No,Yes,Yes,12
P0592,Crane,No,No,No,4
P0593,Mixer,No,No,No,11
P0594,Bulldozer,No,No,Yes,14
P0595,Mixer,Yes,No,Yes,9
P0596,Excavator,No,No,No,7
P0597,Loader,No,No,No,3
P0598,Mixer,Yes,No,Yes,9
P0599,Loader,No,Yes,Yes,13
P0600,Crane,Yes,Yes,Yes,13
P0601,Crane,No,Yes,No,4
P0602,Loader,No,No,Yes,10
P0603,Mixer,Yes,Yes,No,7
P0604,Crane,Yes,Yes,No,11
P0605,Mixer,No,Yes,Yes,4
P0606,Bulldozer,No,Yes,No,13
P0607,Mixer,No,Yes,Yes,5
P0608,Mixer,No,No,Yes,2
P0609,Crane,No,Yes,Yes,10
P0610,Bulldozer,No,Yes,No,2
P0611,Crane,Yes,Yes,Yes,7
P0612,Loader,No,Yes,Yes,9
P0613,Excavator,No,No,Yes,13
P0614,Crane,No,Yes,No,11
P0615,Mixer,No,Yes,Yes,1
P0616,Crane,No,Yes,Yes,7
P0617,Excavator,No,Yes,Yes,7
P0618,Excavator,No,No,Yes,4
P0619,Crane,No,Yes,No,4
P0620,Loader,No,Yes,No,7
P0621,Excavator,No,No,Yes,12
P0622,Loader,Yes,Yes,No,10
P0623,Excavator,Yes,No,No,11
P0624,Excavator,Yes,Yes,Yes,12
P0625,Mixer,No,No,Yes,6
P0626,Bulldozer,Yes,Yes,No,8
P0627,Mixer,No,Yes,Yes,12
P0628,Bulldozer,Yes,Yes,Yes,1
P0629,Loader,No,Yes,Yes,5
P0630,Crane,No,No,No,13
P0631,Crane,No,No,Yes,6
P0632,Bulldozer,No,Yes,Yes,14
P0633,Crane,No,Yes,No,6
P0634,Mixer,Yes,Yes,No,9
P0635,Excavator,No,Yes,Yes,5
P0636,Excavator,No,Yes,Yes,14
P0637,Mixer,Yes,Yes,No,12
P0638,Crane,Yes,Yes,Yes,10
P0639,Mixer,No,No,No,3
P0640,Excavator,No,No,Yes,13
P0641,Crane,No,Yes,No,7
P0642,Excavator,No,No,Yes,5
P0643,Mixer,Yes,No,Yes,13
P0644,Mixer,No,Yes,Yes,6
P0645,Excavator,Yes,No,No,2
P0646,Mixer,Yes,Yes,Yes,7
P0647,Bulldozer,Yes,Yes,Yes,12
P0648,Crane,No,No,Yes,5
P0649,Loader,Yes,No,No,6
P0650,Loader,Yes,Yes,No,4
P0651,Crane,No,No,Yes,14
P0652,Bulldozer,No,Yes,No,13
P0653,Crane,Yes,No,No,7
P0654,Mixer,No,Yes,No,3
P0655,Mixer,Yes,Yes,No,14
P0656,Crane,No,No,Yes,4
P0657,Crane,Yes,Yes,Yes,7
P0658,Mixer,Yes,No,No,3
P0659,Bulldozer,No,Yes,No,15
P0660,Crane,Yes,No,Yes,1
P0661,Excavator,Yes,No,No,1
P0662,Loader,Yes,No,No,9
P0663,Loader,No,Yes,Yes,3
P0664,Excavator,No,No,Yes,4
P0665,Loader,No,No,Yes,6
P0666,Bulldozer,Yes,Yes,No,1
P0667,Excavator,No,Yes,No,15
P0668,Excavator,No,Yes,No,11
P0669,Crane,No,No,Yes,10
P0670,Mixer,Yes,No,No,14
P0671,Bulldozer,No,No,Yes,1
P0672,Bulldozer,No,Yes,Yes,7
P0673,Excavator,Yes,Yes,No,8
P0674,Mixer,Yes,No,Yes,6
P0675,Excavator,No,Yes,No,15
P0676,Excavator,No,Yes,Yes,9
P0677,Mixer,Yes,No,No,10
P0678,Excavator,Yes,No,No,4
P0679,Crane,No,No,No,4
P0680,Bulldozer,Yes,No,No,1
P0681,Bulldozer,Yes,No,No,13
P0682,Bulldozer,Yes,No,Yes,8
P0683,Bulldozer,No,Yes,Yes,7
P0684,Bulldozer,Yes,No,No,8
P0685,Excavator,No,Yes,No,6
P0686,Loader,Yes,Yes,No,8
P0687,Bulldozer,Yes,Yes,Yes,15
P0688,Mixer,No,No,No,6
P0689,Mixer,Yes,No,Yes,3
P0690,Excavator,No,Yes,No,1
P0691,Loader,Yes,No,Yes,6
P0692,Mixer,Yes,No,Yes,11
P0693,Loader,No,No,Yes,13
P0694,Crane,No,Yes,Yes,5
P0695,Mixer,Yes,No,No,5
P0696,Excavator,No,Yes,No,15
P0697,Crane,No,Yes,Yes,15
P0698,Crane,Yes,No,No,4
P0699,Mixer,No,Yes,Yes,10
P0700,Crane,No,No,Yes,11
P0701,Crane,Yes,Yes,No,11
P0702,Crane,No,No,Yes,10
P0703,Crane,Yes,No,No,14
P0704,Bulldozer,Yes,No,No,7
P0705,Excavator,Yes,No,Yes,6
P0706,Excavator,Yes,No,Yes,11
P0707,Crane,No,No,Yes,8
P0708,Mixer,Yes,No,No,9
P0709,Loader,No,No,No,7
P0710,Mixer,No,No,Yes,8
P0711,Loader,No,No,No,9
P0712,Bulldozer,Yes,No,No,6
P0713,Crane,Yes,No,Yes,6
P0714,Excavator,Yes,Yes,Yes,11
P0715,Bulldozer,Yes,No,Yes,5
P0716,Bulldozer,No,No,No,9
P0717,Mixer,Yes,Yes,No,13
P0718,Bulldozer,Yes,No,No,10
P0719,Bulldozer,Yes,Yes,Yes,14
P0720,Bulldozer,No,Yes,No,15
P0721,Mixer,No,No,Yes,5
P0722,Excavator,Yes,Yes,Yes,2
P0723,Loader,No,No,No,13
P0724,Excavator,Yes,Yes,No,2
P0725,Loader,Yes,No,Yes,15
P0726,Crane,Yes,No,No,11
P0727,Mixer,No,Yes,Yes,2
P0728,Excavator,Yes,Yes,Yes,15
P0729,Mixer,No,Yes,No,14
P0730,Bulldozer,No,No,Yes,10
P0731,Bulldozer,Yes,Yes,No,1
P0732,Loader,No,No,No,5
P0733,Mixer,Yes,Yes,No,4
P0734,Mixer,Yes,No,No,8
P0735,Excavator,No,Yes,No,2
P0736,Bulldozer,Yes,Yes,No,6
P0737,Crane,Yes,Yes,No,5
P0738,Mixer,Yes,Yes,Yes,4
P0739,Excavator,No,No,No,12
P0740,Bulldozer,Yes,No,No,7
P0741,Excavator,No,Yes,Yes,6
P0742,Excavator,Yes,Yes,No,12
P0743,Crane,No,No,No,14
P0744,Bulldozer,Yes,Yes,Yes,5
P0745,Crane,Yes,No,No,1
P0746,Loader,Yes,Yes,Yes,10
P0747,Excavator,Yes,No,No,6
P0748,Crane,No,Yes,Yes,9
P0749,Mixer,No,No,No,8
P0750,Mixer,Yes,Yes,Yes,6
P0751,Mixer,No,Yes,No,12
P0752,Bulldozer,Yes,No,No,13
P0753,Bulldozer,Yes,No,Yes,13
P0754,Mixer,Yes,Yes,Yes,4
P0755,Mixer,No,No,Yes,13
P0756,Excavator,No,No,Yes,7
P0757,Loader,Yes,Yes,No,1
P0758,Mixer,No,Yes,No,2
P0759,Crane,Yes,Yes,No,11
P0760,Crane,No,No,No,10
P0761,Loader,Yes,No,Yes,14
P0762,Loader,No,No,No,4
P0763,Excavator,Yes,Yes,Yes,11
P0764,Excavator,No,No,No,2
P0765,Crane,No,No,No,7
P0766,Loader,No,No,Yes,11
P0767,Crane,No,No,Yes,15
P0768,Bulldozer,Yes,Yes,Yes,10
P0769,Excavator,No,No,Yes,15
P0770,Excavator,No,No,Yes,12
P0771,Bulldozer,No,Yes,No,7
P0772,Bulldozer,Yes,No,Yes,15
P0773,Mixer,No,No,No,13
P0774,Mixer,No,Yes,No,8
P0775,Mixer,No,Yes,No,9
P0776,Loader,Yes,No,Yes,14
P0777,Excavator,Yes,Yes,No,1
P0778,Crane,No,Yes,Yes,13
P0779,Bulldozer,Yes,Yes,Yes,13
P0780,Loader,No,Yes,Yes,11
P0781,Excavator,No,No,No,11
P0782,Mixer,Yes,Yes,Yes,8
P0783,Bulldozer,No,No,Yes,13
P0784,Loader,No,No,No,3
P0785,Excavator,No,Yes,Yes,9
P0786,Loader,Yes,Yes,No,14
P0787,Bulldozer,Yes,No,Yes,7
P0788,Loader,Yes,No,Yes,15
P0789,Excavator,No,No,No,8
P0790,Excavator,No,No,Yes,1
P0791,Loader,No,Yes,Yes,4
P0792,Bulldozer,No,No,No,1
P0793,Excavator,No,No,No,15
P0794,Bulldozer,No,Yes,No,6
P0795,Loader,Yes,No,Yes,12
P0796,Bulldozer,Yes,No,Yes,12
P0797,Bulldozer,No,No,Yes,5
P0798,Bulldozer,Yes,Yes,Yes,15
P0799,Excavator,No,Yes,Yes,9
P0800,Excavator,No,Yes,Yes,2
P0801,Excavator,No,Yes,No,8
P0802,Loader,Yes,Yes,No,10
P0803,Excavator,No,No,Yes,15
P0804,Bulldozer,Yes,No,No,9
P0805,Excavator,No,No,No,10
P0806,Excavator,No,No,Yes,14
P0807,Excavator,No,Yes,Yes,13
P0808,Crane,No,No,No,9
P0809,Crane,No,Yes,Yes,13
P0810,Excavator,No,Yes,Yes,6
P0811,Bulldozer,Yes,Yes,Yes,9
P0812,Loader,No,No,No,4
P0813,Mixer,No,No,No,1
P0814,Crane,No,No,Yes,14
P0815,Crane,Yes,No,Yes,1
P0816,Excavator,No,Yes,No,6
P0817,Mixer,Yes,No,No,4
P0818,Mixer,No,No,No,2
P0819,Bulldozer,Yes,Yes,No,7
P0820,Bulldozer,No,Yes,No,1
P0821,Bulldozer,No,No,No,13
P0822,Loader,Yes,Yes,No,15
P0823,Loader,Yes,No,No,10
P0824,Excavator,No,Yes,Yes,10
P0825,Loader,Yes,Yes,Yes,6
P0826,Bulldozer,No,No,No,6
P0827,Excavator,No,No,Yes,7
P0828,Loader,No,Yes,No,12
P0829,Mixer,Yes,Yes,No,13
P0830,Excavator,Yes,No,No,2
P0831,Crane,Yes,No,No,4
P0832,Loader,Yes,Yes,Yes,6
P0833,Bulldozer,No,Yes,Yes,4
P0834,Excavator,Yes,No,Yes,1
P0835,Crane,Yes,No,No,5
P0836,Excavator,No,No,No,11
P0837,Bulldozer,No,Yes,Yes,14
P0838,Bulldozer,No,No,Yes,11
P0839,Crane,Yes,No,Yes,6
P0840,Mixer,Yes,No,Yes,12
P0841,Bulldozer,No,Yes,No,7
P0842,Excavator,No,Yes,No,1
P0843,Bulldozer,No,Yes,Yes,10
P0844,Crane,No,No,Yes,13
P0845,Loader,No,Yes,Yes,4
P0846,Excavator,Yes,No,No,8
P0847,Mixer,No,No,Yes,12
P0848,Excavator,No,No,Yes,14
P0849,Crane,No,No,No,3
P0850,Mixer,No,No,No,9
P0851,Mixer,No,No,No,10
P0852,Excavator,No,Yes,No,15
P0853,Bulldozer,No,No,No,3
P0854,Excavator,Yes,Yes,No,2
P0855,Excavator,Yes,Yes,Yes,8
P0856,Crane,Yes,No,No,10
P0857,Crane,No,No,No,13
P0858,Bulldozer,Yes,No,No,11
P0859,Loader,Yes,Yes,Yes,3
P0860,Mixer,Yes,Yes,Yes,13
P0861,Mixer,Yes,No,No,6
P0862,Bulldozer,No,Yes,Yes,6
P0863,Loader,Yes,No,Yes,13
P0864,Mixer,No,Yes,No,7
P0865,Excavator,No,Yes,Yes,10
P0866,Bulldozer,Yes,Yes,Yes,2
P0867,Crane,No,Yes,No,6
P0868,Bulldozer,Yes,No,Yes,13
P0869,Crane,No,No,No,3
P0870,Crane,No,No,No,4
P0871,Bulldozer,Yes,Yes,No,13
P0872,Loader,No,Yes,No,12
P0873,Crane,No,No,Yes,5
P0874,Crane,No,Yes,Yes,6
P0875,Bulldozer,Yes,Yes,Yes,4
P0876,Loader,Yes,Yes,Yes,11
P0877,Bulldozer,No,No,No,12
P0878,Excavator,Yes,Yes,No,4
P0879,Bulldozer,Yes,Yes,No,5
P0880,Bulldozer,No,No,Yes,14
P0881,Mixer,Yes,No,No,6
P0882,Crane,No,Yes,Yes,9
P0883,Mixer,No,Yes,No,11
P0884,Excavator,No,Yes,No,10
P0885,Excavator,No,Yes,No,3
P0886,Mixer,No,No,No,12
P0887,Bulldozer,Yes,No,No,11
P0888,Bulldozer,Yes,Yes,No,11
P0889,Excavator,No,No,No,12
P0890,Mixer,Yes,Yes,No,14
P0891,Loader,No,No,No,15
P0892,Crane,No,Yes,Yes,13
P0893,Excavator,Yes,Yes,No,1
P0894,Loader,No,No,Yes,12
P0895,Mixer,No,Yes,No,4
P0896,Bulldozer,Yes,Yes,Yes,14
P0897,Bulldozer,Yes,No,Yes,8
P0898,Crane,No,Yes,No,15
P0899,Loader,No,No,No,8
P0900,Bulldozer,Yes,No,No,10
P0901,Loader,Yes,No,Yes,8
P0902,Excavator,No,Yes,Yes,6
P0903,Excavator,No,No,Yes,13
P0904,Excavator,Yes,Yes,No,14
P0905,Mixer,Yes,Yes,No,2
P0906,Crane,No,Yes,No,5
P0907,Bulldozer,No,Yes,No,2
P0908,Crane,No,Yes,No,6
P0909,Loader,No,No,Yes,14
P0910,Excavator,Yes,No,Yes,6
P0911,Excavator,Yes,No,Yes,6
P0912,Crane,Yes,No,No,13
P0913,Crane,Yes,No,Yes,3
P0914,Bulldozer,Yes,No,Yes,6
P0915,Mixer,Yes,No,Yes,8
P0916,Mixer,Yes,Yes,No,12
P0917,Loader,Yes,Yes,No,15
P0918,Crane,Yes,No,No,7
P0919,Loader,No,No,Yes,10
P0920,Mixer,No,No,Yes,3
P0921,Crane,Yes,No,Yes,1
P0922,Bulldozer,No,No,Yes,9
P0923,Crane,No,No,No,5
P0924,Mixer,Yes,No,Yes,14
P0925,Loader,No,Yes,No,5
P0926,Excavator,No,No,Yes,11
P0927,Excavator,Yes,Yes,No,2
P0928,Mixer,Yes,No,Yes,1
P0929,Crane,No,No,No,15
P0930,Bulldozer,No,No,No,15
P0931,Mixer,No,Yes,No,11
P0932,Mixer,Yes,No,Yes,5
P0933,Crane,No,No,No,15
P0934,Excavator,Yes,No,No,10
P0935,Excavator,Yes,No,No,12
P0936,Mixer,Yes,No,No,11
P0937,Loader,Yes,Yes,No,9
P0938,Mixer,Yes,No,No,14
P0939,Bulldozer,No,Yes,No,13
P0940,Bulldozer,No,No,No,10
P0941,Loader,No,No,Yes,8
P0942,Excavator,No,Yes,No,13
P0943,Excavator,Yes,Yes,No,11
P0944,Excavator,Yes,Yes,Yes,12
P0945,Mixer,No,Yes,Yes,3
P0946,Excavator,No,Yes,No,3
P0947,Loader,No,No,Yes,3
P0948,Excavator,No,No,No,8
P0949,Excavator,No,Yes,No,3
P0950,Loader,Yes,Yes,No,6
P0951,Crane,No,Yes,No,4
P0952,Excavator,Yes,No,No,9
P0953,Bulldozer,No,Yes,Yes,8
P0954,Loader,Yes,Yes,No,5
P0955,Excavator,Yes,No,No,10
P0956,Crane,No,Yes,Yes,7
P0957,Excavator,No,No,No,7
P0958,Loader,No,Yes,No,5
P0959,Mixer,No,Yes,No,6
P0960,Mixer,No,Yes,No,15
P0961,Bulldozer,Yes,Yes,No,7
P0962,Excavator,Yes,No,No,5
P0963,Excavator,No,No,No,12
P0964,Excavator,Yes,No,Yes,14
P0965,Bulldozer,No,No,Yes,14
P0966,Mixer,No,Yes,Yes,5
P0967,Mixer,No,Yes,No,13
P0968,Crane,Yes,Yes,Yes,4
P0969,Crane,Yes,No,No,13
P0970,Mixer,Yes,Yes,No,7
P0971,Loader,No,Yes,No,3
P0972,Crane,No,No,No,9
P0973,Bulldozer,Yes,Yes,Yes,11
P0974,Loader,No,Yes,Yes,7
P0975,Loader,Yes,No,Yes,5
P0976,Bulldozer,No,No,Yes,11
P0977,Crane,Yes,No,No,10
P0978,Loader,No,Yes,No,3
P0979,Mixer,Yes,Yes,No,14
P0980,Excavator,No,Yes,No,3
P0981,Bulldozer,No,Yes,No,5
P0982,Loader,No,No,Yes,7
P0983,Excavator,No,Yes,Yes,12
P0984,Excavator,Yes,No,Yes,10
P0985,Crane,Yes,Yes,No,10
P0986,Loader,No,No,Yes,3
P0987,Loader,Yes,No,Yes,11
P0988,Crane,Yes,No,No,14
P0989,Excavator,No,Yes,No,11
P0990,Loader,No,Yes,Yes,3
P0991,Bulldozer,Yes,Yes,No,3
P0992,Bulldozer,Yes,Yes,No,1
P0993,Excavator,No,Yes,Yes,14
P0994,Mixer,No,No,No,14
P0995,Crane,No,Yes,No,12
P0996,Loader,Yes,No,Yes,3
P0997,Bulldozer,No,Yes,Yes,2
P0998,Crane,Yes,Yes,Yes,15
P0999,Excavator,Yes,Yes,No,6
P1000,Crane,No,No,No,5
