Project_ID,Concrete_Strength,Steel_Quality,Cracks,Quality_Risk
P0001,20,Poor,Yes,Medium
P0002,25,Average,No,Low
P0003,31,Good,Yes,Low
P0004,24,Good,Yes,High
P0005,34,Average,Yes,High
P0006,25,Average,Yes,High
P0007,33,Good,Yes,Low
P0008,25,Average,No,Low
P0009,47,Good,No,High
P0010,50,Poor,No,Medium
P0011,36,Average,No,Medium
P0012,24,Good,No,High
P0013,37,Poor,No,Medium
P0014,33,Poor,Yes,Medium
P0015,43,Average,Yes,High
P0016,22,Average,Yes,Low
P0017,47,Average,Yes,Low
P0018,27,Good,No,Low
P0019,27,Poor,Yes,Low
P0020,33,Poor,Yes,Medium
P0021,31,Average,No,High
P0022,33,Poor,No,Medium
P0023,44,Poor,Yes,High
P0024,24,Poor,No,Medium
P0025,35,Good,Yes,High
P0026,28,Good,No,Low
P0027,34,Good,No,Medium
P0028,32,Average,No,Medium
P0029,47,Good,Yes,Low
P0030,30,Average,No,Low
P0031,45,Average,No,High
P0032,24,Good,Yes,Low
P0033,39,Average,Yes,Medium
P0034,42,Good,Yes,Low
P0035,29,Average,Yes,Medium
P0036,38,Good,No,Medium
P0037,49,Good,Yes,High
P0038,20,Average,No,Low
P0039,44,Good,No,High
P0040,27,Average,Yes,Low
P0041,40,Good,No,Medium
P0042,31,Poor,No,High
P0043,34,Poor,No,Medium
P0044,37,Average,No,Medium
P0045,39,Average,No,Medium
P0046,49,Poor,Yes,Medium
P0047,20,Average,Yes,Medium
P0048,38,Average,Yes,Low
P0049,24,Average,Yes,Low
P0050,48,Average,No,Low
P0051,27,Poor,No,High
P0052,36,Good,No,High
P0053,43,Average,Yes,Medium
P0054,26,Average,Yes,High
P0055,47,Poor,No,High
P0056,46,Poor,Yes,Low
P0057,46,Average,No,High
P0058,50,Poor,Yes,High
P0059,25,Average,Yes,Medium
P0060,30,Good,No,High
P0061,33,Poor,No,Low
P0062,41,Average,Yes,Low
P0063,26,Average,Yes,Low
P0064,29,Good,No,Medium
P0065,40,Good,No,High
P0066,46,Poor,Yes,Low
P0067,48,Average,No,Low
P0068,37,Average,No,Medium
P0069,41,Good,No,Low
P0070,23,Poor,No,High
P0071,31,Average,No,Low
P0072,25,Good,Yes,High
P0073,38,Average,No,Low
P0074,46,Average,Yes,High
P0075,29,Good,No,Low
P0076,41,Good,Yes,Low
P0077,45,Average,No,Low
P0078,43,Good,No,High
P0079,39,Poor,No,High
P0080,32,Poor,Yes,High
P0081,50,Poor,No,High
P0082,39,Good,No,High
P0083,50,Poor,No,Medium
P0084,43,Average,No,Medium
P0085,21,Poor,No,Medium
P0086,30,Average,No,Medium
P0087,36,Good,Yes,Low
P0088,28,Poor,No,Low
P0089,38,Poor,Yes,Medium
P0090,26,Average,No,High
P0091,36,Average,Yes,High
P0092,40,Poor,No,Medium
P0093,36,Good,Yes,Medium
P0094,34,Good,No,Low
P0095,23,Poor,Yes,Medium
P0096,27,Average,No,High
P0097,34,Good,No,High
P0098,26,Good,Yes,Medium
P0099,35,Poor,Yes,High
P0100,22,Average,No,Medium
P0101,44,Average,Yes,High
P0102,21,Average,Yes,High
P0103,44,Good,No,High
P0104,47,Average,No,High
P0105,37,Good,Yes,High
P0106,28,Good,No,Medium
P0107,42,Poor,Yes,Low
P0108,38,Good,No,High
P0109,44,Good,No,High
P0110,39,Average,No,High
P0111,28,Good,No,Medium
P0112,47,Poor,No,Medium
P0113,22,Poor,Yes,High
P0114,44,Average,Yes,Medium
P0115,46,Poor,Yes,Low
P0116,46,Average,Yes,Low
P0117,24,Good,Yes,High
P0118,45,Poor,No,High
P0119,28,Average,Yes,Low
P0120,46,Poor,No,High
P0121,22,Poor,Yes,Low
P0122,31,Poor,Yes,Medium
P0123,21,Average,Yes,Low
P0124,24,Poor,No,Low
P0125,50,Average,No,High
P0126,35,Average,Yes,High
P0127,46,Good,No,Medium
P0128,38,Average,Yes,High
P0129,35,Average,No,High
P0130,47,Poor,No,Medium
P0131,36,Average,Yes,Medium
P0132,45,Good,No,Low
P0133,47,Average,Yes,Low
P0134,28,Poor,Yes,High
P0135,48,Average,No,High
P0136,43,Poor,No,Low
P0137,46,Poor,No,Medium
P0138,39,Average,Yes,Medium
P0139,22,Good,Yes,Medium
P0140,45,Good,Yes,Medium
P0141,25,Poor,No,Medium
P0142,27,Good,Yes,Low
P0143,42,Poor,No,Low
P0144,48,Good,Yes,High
P0145,39,Average,No,High
P0146,38,Good,Yes,Medium
P0147,48,Poor,Yes,Medium
P0148,20,Poor,No,Medium
P0149,26,Average,Yes,Medium
P0150,26,Good,Yes,Low
P0151,28,Poor,Yes,High
P0152,35,Average,Yes,Medium
P0153,38,Average,No,Low
P0154,28,Average,Yes,High
P0155,47,Poor,Yes,High
P0156,38,Poor,No,High
P0157,26,Poor,Yes,Low
P0158,49,Poor,No,High
P0159,33,Average,Yes,High
P0160,28,Good,No,High
P0161,32,Average,Yes,High
P0162,47,Good,Yes,Medium
P0163,21,Poor,No,Medium
P0164,42,Poor,Yes,Low
P0165,34,Average,No,Low
P0166,42,Average,Yes,Medium
P0167,47,Good,Yes,Medium
P0168,28,Good,Yes,Low
P0169,42,Poor,Yes,High
P0170,37,Average,No,Medium
P0171,46,Average,Yes,Low
P0172,28,Poor,Yes,Low
P0173,37,Poor,Yes,Medium
P0174,28,Average,Yes,Low
P0175,49,Average,No,Medium
P0176,36,Good,No,Medium
P0177,45,Average,Yes,Medium
P0178,36,Good,No,Medium
P0179,29,Poor,No,High
P0180,32,Average,No,Low
P0181,32,Average,No,Low
P0182,26,Poor,No,Low
P0183,33,Average,Yes,Low
P0184,20,Poor,Yes,High
P0185,33,Good,Yes,High
P0186,22,Average,Yes,Medium
P0187,35,Average,Yes,High
P0188,38,Average,No,Low
P0189,21,Poor,Yes,Low
P0190,26,Good,Yes,Medium
P0191,48,Poor,Yes,Low
P0192,34,Average,Yes,High
P0193,50,Average,No,Low
P0194,41,Good,Yes,High
P0195,36,Average,Yes,Low
P0196,41,Average,Yes,High
P0197,44,Poor,Yes,Low
P0198,34,Good,No,Medium
P0199,22,Poor,No,Medium
P0200,41,Average,Yes,Medium
P0201,43,Good,No,Medium
P0202,47,Good,No,High
P0203,36,Average,No,High
P0204,42,Average,No,Low
P0205,42,Good,No,Medium
P0206,45,Good,No,Medium
P0207,30,Good,No,High
P0208,27,Poor,Yes,Medium
P0209,33,Poor,Yes,Medium
P0210,46,Good,No,Low
P0211,24,Good,Yes,High
P0212,46,Good,No,High
P0213,32,Good,Yes,High
P0214,35,Average,Yes,Medium
P0215,48,Poor,No,Low
P0216,35,Good,Yes,Low
P0217,34,Average,Yes,High
P0218,38,Poor,No,High
P0219,35,Poor,No,High
P0220,32,Poor,Yes,Medium
P0221,41,Average,Yes,High
P0222,38,Good,Yes,High
P0223,28,Good,No,Medium
P0224,28,Good,No,Medium
P0225,45,Good,Yes,High
P0226,46,Good,No,High
P0227,33,Average,No,Medium
P0228,41,Average,No,Medium
P0229,36,Poor,No,Medium
P0230,26,Good,Yes,High
P0231,37,Average,Yes,Medium
P0232,41,Poor,No,High
P0233,23,Poor,Yes,High
P0234,35,Poor,No,High
P0235,45,Good,Yes,High
P0236,38,Average,No,High
P0237,25,Good,No,Medium
P0238,49,Poor,Yes,High
P0239,42,Poor,No,High
P0240,35,Poor,No,Medium
P0241,27,Good,No,High
P0242,49,Poor,No,High
P0243,24,Poor,Yes,High
P0244,23,Good,No,High
P0245,28,Average,No,Medium
P0246,50,Average,Yes,Low
P0247,34,Good,Yes,Medium
P0248,48,Poor,Yes,Medium
P0249,35,Average,Yes,Medium
P0250,48,Good,Yes,High
P0251,23,Good,Yes,Medium
P0252,29,Average,Yes,High
P0253,44,Good,No,Low
P0254,35,Poor,No,High
P0255,25,Average,Yes,Low
P0256,33,Good,Yes,Low
P0257,29,Good,Yes,Medium
P0258,38,Good,Yes,Low
P0259,33,Average,No,Low
P0260,48,Good,Yes,Low
P0261,49,Good,No,High
P0262,48,Good,No,High
P0263,26,Average,Yes,Low
P0264,41,Average,Yes,Medium
P0265,20,Good,No,Medium
P0266,35,Average,No,Low
P0267,27,Good,Yes,High
P0268,33,Poor,Yes,Medium
P0269,49,Average,No,Medium
P0270,47,Poor,No,High
P0271,46,Average,Yes,Low
P0272,44,Good,No,High
P0273,50,Average,Yes,Low
P0274,49,Good,No,Low
P0275,26,Average,Yes,High
P0276,23,Average,No,High
P0277,28,Poor,Yes,High
P0278,50,Average,No,High
P0279,35,Poor,No,Medium
P0280,45,Good,Yes,High
P0281,30,Good,No,Low
P0282,31,Average,Yes,Medium
P0283,43,Poor,Yes,Low
P0284,21,Poor,No,Medium
P0285,48,Average,No,High
P0286,25,Poor,Yes,Medium
P0287,26,Poor,Yes,Medium
P0288,43,Poor,No,Medium
P0289,36,Average,Yes,High
P0290,37,Good,No,Low
P0291,44,Average,No,Low
P0292,26,Good,Yes,High
P0293,23,Good,Yes,Low
P0294,40,Poor,Yes,Low
P0295,32,Poor,No,High
P0296,37,Average,No,High
P0297,21,Poor,No,Medium
P0298,22,Average,Yes,Medium
P0299,21,Poor,No,High
P0300,33,Average,No,Low
P0301,49,Poor,No,Medium
P0302,41,Average,No,Low
P0303,34,Poor,No,Medium
P0304,28,Good,Yes,Low
P0305,32,Poor,Yes,Medium
P0306,39,Good,Yes,Low
P0307,20,Average,No,High
P0308,35,Average,No,Low
P0309,29,Poor,Yes,High
P0310,37,Poor,No,Low
P0311,31,Poor,Yes,Low
P0312,22,Poor,No,High
P0313,27,Good,No,Medium
P0314,33,Poor,Yes,Low
P0315,21,Poor,No,Low
P0316,49,Poor,Yes,Medium
P0317,24,Average,No,Low
P0318,33,Average,No,Medium
P0319,31,Good,Yes,Low
P0320,21,Average,No,High
P0321,46,Good,Yes,High
P0322,44,Good,Yes,Medium
P0323,28,Good,Yes,High
P0324,48,Poor,Yes,Low
P0325,20,Poor,Yes,Low
P0326,43,Poor,Yes,Low
P0327,32,Poor,Yes,High
P0328,22,Poor,No,Medium
P0329,25,Average,No,High
P0330,46,Good,Yes,Low
P0331,27,Good,No,Low
P0332,39,Good,No,Low
P0333,22,Poor,Yes,Low
P0334,34,Good,Yes,High
P0335,42,Average,No,Low
P0336,25,Poor,Yes,High
P0337,24,Average,No,High
P0338,27,Poor,Yes,High
P0339,44,Good,No,Medium
P0340,32,Average,Yes,Medium
P0341,44,Poor,Yes,Medium
P0342,48,Average,Yes,Low
P0343,45,Average,No,Low
P0344,27,Poor,No,Low
P0345,36,Poor,Yes,Low
P0346,30,Average,No,Low
P0347,48,Poor,Yes,Medium
P0348,37,Good,Yes,High
P0349,24,Good,Yes,Medium
P0350,21,Average,No,Low
P0351,48,Good,Yes,High
P0352,26,Poor,No,Medium
P0353,26,Good,No,Medium
P0354,20,Good,Yes,Medium
P0355,22,Average,Yes,Medium
P0356,29,Average,Yes,Medium
P0357,27,Poor,No,Medium
P0358,25,Poor,No,High
P0359,30,Good,No,Medium
P0360,27,Average,No,High
P0361,34,Average,No,High
P0362,23,Good,Yes,High
P0363,46,Poor,Yes,Low
P0364,36,Average,No,Low
P0365,32,Average,No,Medium
P0366,37,Poor,No,Low
P0367,38,Poor,Yes,Medium
P0368,25,Good,No,Medium
P0369,29,Poor,Yes,Medium
P0370,44,Poor,Yes,Low
P0371,47,Average,No,High
P0372,43,Good,No,High
P0373,40,Good,Yes,Low
P0374,46,Good,No,Medium
P0375,32,Average,No,Low
P0376,43,Poor,No,Low
P0377,47,Average,No,High
P0378,20,Poor,Yes,Medium
P0379,34,Poor,No,Medium
P0380,26,Average,Yes,High
P0381,20,Poor,No,High
P0382,28,Poor,Yes,High
P0383,25,Average,Yes,Low
P0384,37,Poor,No,High
P0385,20,Average,Yes,High
P0386,24,Good,No,Low
P0387,23,Good,No,High
P0388,41,Good,No,Medium
P0389,45,Average,No,High
P0390,38,Good,Yes,Low
P0391,42,Poor,No,Low
P0392,23,Good,Yes,High
P0393,45,Average,Yes,High
P0394,34,Poor,No,Medium
P0395,41,Poor,Yes,High
P0396,37,Good,No,Low
P0397,45,Poor,No,Low
P0398,35,Good,Yes,Medium
P0399,40,Good,Yes,Low
P0400,31,Poor,No,Low
P0401,30,Poor,Yes,Medium
P0402,44,Average,Yes,High
P0403,29,Average,No,High
P0404,32,Average,Yes,High
P0405,20,Poor,Yes,Medium
P0406,36,Poor,No,Medium
P0407,21,Good,No,Low
P0408,36,Good,No,Medium
P0409,21,Good,Yes,High
P0410,50,Good,No,Low
P0411,34,Average,No,Medium
P0412,49,Poor,Yes,Medium
P0413,31,Good,Yes,Medium
P0414,41,Poor,No,Low
P0415,47,Average,Yes,Medium
P0416,27,Average,Yes,High
P0417,46,Average,Yes,Low
P0418,49,Average,No,High
P0419,49,Average,No,High
P0420,20,Poor,Yes,High
P0421,37,Poor,No,Low
P0422,31,Poor,Yes,Medium
P0423,33,Poor,No,Medium
P0424,41,Poor,No,Medium
P0425,39,Average,Yes,Medium
P0426,43,Good,Yes,Medium
P0427,37,Average,Yes,Medium
P0428,46,Good,Yes,High
P0429,44,Average,No,Medium
P0430,45,Good,Yes,Low
P0431,22,Good,Yes,High
P0432,44,Average,Yes,High
P0433,20,Good,Yes,Low
P0434,40,Poor,No,Medium
P0435,28,Good,No,High
P0436,22,Good,No,High
P0437,48,Poor,No,Low
P0438,50,Good,Yes,Medium
P0439,23,Average,No,High
P0440,21,Good,Yes,Low
P0441,32,Good,No,High
P0442,43,Poor,Yes,Low
P0443,50,Poor,No,High
P0444,25,Good,No,Medium
P0445,47,Good,Yes,Medium
P0446,50,Poor,Yes,Medium
P0447,50,Poor,Yes,Low
P0448,24,Good,No,Medium
P0449,22,Average,Yes,Medium
P0450,30,Poor,No,Low
P0451,21,Average,Yes,Medium
P0452,46,Good,Yes,Medium
P0453,37,Poor,Yes,Low
P0454,38,Average,No,Medium
P0455,48,Poor,Yes,High
P0456,24,Poor,No,Medium
P0457,24,Average,Yes,Low
P0458,29,Average,No,Low
P0459,26,Average,Yes,Low
P0460,22,Poor,Yes,Low
P0461,40,Good,Yes,Medium
P0462,29,Poor,Yes,Low
P0463,23,Poor,Yes,High
P0464,43,Good,Yes,Medium
P0465,33,Good,No,Low
P0466,42,Good,No,High
P0467,38,Poor,Yes,Low
P0468,38,Average,Yes,High
P0469,22,Good,Yes,High
P0470,24,Average,No,High
P0471,25,Good,No,Medium
P0472,42,Average,No,High
P0473,28,Good,No,High
P0474,38,Average,Yes,Medium
P0475,29,Poor,No,Medium
P0476,24,Good,Yes,High
P0477,43,Good,Yes,Medium
P0478,38,Poor,Yes,Medium
P0479,41,Good,Yes,High
P0480,27,Average,No,Medium
P0481,32,Good,No,Medium
P0482,48,Poor,Yes,High
P0483,21,Average,No,Low
P0484,48,Good,No,Low
P0485,30,Poor,Yes,High
P0486,43,Poor,No,Medium
P0487,29,Good,Yes,Medium
P0488,37,Average,No,Medium
P0489,48,Poor,No,Medium
P0490,37,Good,Yes,Low
P0491,39,Average,No,High
P0492,30,Poor,Yes,Medium
P0493,39,Good,Yes,Low
P0494,36,Poor,No,Low
P0495,34,Poor,Yes,High
P0496,41,Poor,No,Low
P0497,25,Good,Yes,Low
P0498,34,Poor,Yes,High
P0499,33,Average,No,Medium
P0500,44,Average,No,High
P0501,47,Good,No,Low
P0502,40,Good,No,High
P0503,20,Good,No,Medium
P0504,39,Poor,No,High
P0505,49,Average,Yes,Low
P0506,30,Average,Yes,High
P0507,23,Average,No,Low
P0508,26,Good,Yes,Medium
P0509,46,Good,Yes,Medium
P0510,48,Good,No,High
P0511,45,Good,No,Medium
P0512,47,Good,Yes,High
P0513,31,Poor,Yes,High
P0514,47,Good,Yes,Medium
P0515,25,Good,Yes,High
P0516,43,Good,No,High
P0517,39,Good,No,Medium
P0518,38,Average,Yes,Low
P0519,32,Poor,Yes,Low
P0520,48,Poor,No,High
P0521,25,Average,No,High
P0522,40,Poor,No,Medium
P0523,45,Average,Yes,Medium
P0524,26,Poor,No,High
P0525,37,Good,Yes,Low
P0526,36,Poor,Yes,Low
P0527,36,Average,Yes,Medium
P0528,38,Good,Yes,High
P0529,27,Poor,Yes,Low
P0530,47,Average,Yes,Low
P0531,25,Average,Yes,High
P0532,29,Good,No,Low
P0533,38,Poor,Yes,Low
P0534,47,Average,Yes,High
P0535,39,Average,Yes,Medium
P0536,42,Average,Yes,Medium
P0537,34,Poor,No,Low
P0538,28,Good,Yes,High
P0539,34,Average,Yes,Medium
P0540,21,Poor,Yes,Medium
P0541,22,Average,Yes,Medium
P0542,37,Poor,Yes,Medium
P0543,32,Poor,No,High
P0544,27,Poor,Yes,Medium
P0545,36,Average,No,High
P0546,34,Good,Yes,High
P0547,40,Average,Yes,Medium
P0548,36,Good,Yes,Medium
P0549,39,Good,No,Medium
P0550,31,Poor,No,High
P0551,42,Poor,Yes,High
P0552,29,Good,Yes,High
P0553,20,Average,Yes,High
P0554,46,Good,No,Medium
P0555,39,Average,Yes,High
P0556,49,Poor,No,Medium
P0557,41,Good,No,High
P0558,41,Good,Yes,Low
P0559,20,Poor,Yes,Medium
P0560,34,Good,No,High
P0561,38,Average,No,High
P0562,42,Average,No,High
P0563,37,Average,No,High
P0564,24,Poor,No,High
P0565,34,Poor,Yes,Low
P0566,34,Poor,No,Low
P0567,24,Average,No,High
P0568,31,Good,Yes,Medium
P0569,22,Poor,Yes,High
P0570,44,Good,Yes,High
P0571,25,Poor,Yes,High
P0572,41,Average,No,Low
P0573,39,Good,Yes,Low
P0574,50,Poor,No,Low
P0575,43,Poor,No,Low
P0576,34,Average,No,Low
P0577,49,Poor,No,High
P0578,39,Poor,Yes,Low
P0579,35,Average,Yes,High
P0580,39,Average,Yes,High
P0581,21,Average,Yes,High
P0582,47,Average,Yes,Medium
P0583,45,Average,No,Medium
P0584,38,Average,Yes,Medium
P0585,35,Average,Yes,Low
P0586,50,Poor,No,Low
P0587,28,Average,Yes,High
P0588,24,Average,Yes,High
P0589,48,Good,No,Low
P0590,29,Average,No,Low
P0591,23,Poor,Yes,Medium
P0592,23,Average,No,Low
P0593,47,Average,No,Low
P0594,22,Poor,Yes,Medium
P0595,37,Poor,Yes,High
P0596,26,Good,No,High
P0597,31,Good,No,High
P0598,41,Average,No,Medium
P0599,28,Average,No,High
P0600,50,Average,No,Low
P0601,44,Good,Yes,Low
P0602,50,Good,No,High
P0603,42,Good,Yes,Low
P0604,40,Good,Yes,Low
P0605,33,Poor,Yes,Medium
P0606,22,Good,Yes,Low
P0607,40,Good,Yes,High
P0608,29,Average,Yes,Low
P0609,40,Poor,No,Low
P0610,28,Poor,No,High
P0611,34,Good,No,Low
P0612,49,Good,Yes,Medium
P0613,20,Good,No,Medium
P0614,45,Poor,No,Medium
P0615,30,Average,No,Low
P0616,38,Good,Yes,Medium
P0617,39,Poor,Yes,Low
P0618,25,Good,No,Medium
P0619,23,Good,No,High
P0620,43,Poor,No,Low
P0621,39,Poor,Yes,Medium
P0622,41,Average,Yes,Medium
P0623,23,Good,Yes,Low
P0624,35,Poor,No,Medium
P0625,48,Poor,No,High
P0626,43,Good,Yes,Medium
P0627,45,Poor,No,Low
P0628,26,Good,No,Medium
P0629,39,Good,No,Low
P0630,47,Good,Yes,High
P0631,23,Good,Yes,Medium
P0632,44,Average,Yes,Low
P0633,24,Poor,No,Low
P0634,49,Good,Yes,Low
P0635,20,Average,No,Low
P0636,26,Poor,Yes,High
P0637,50,Poor,Yes,Medium
P0638,27,Good,No,High
P0639,48,Good,Yes,Medium
P0640,30,Good,Yes,High
P0641,39,Poor,Yes,Medium
P0642,37,Good,Yes,Medium
P0643,46,Average,Yes,High
P0644,45,Poor,Yes,Medium
P0645,39,Poor,Yes,Low
P0646,38,Poor,Yes,Medium
P0647,24,Poor,No,High
P0648,44,Poor,Yes,Low
P0649,28,Good,Yes,Low
P0650,26,Poor,Yes,Low
P0651,22,Poor,No,High
P0652,47,Good,No,High
P0653,31,Good,Yes,Low
P0654,46,Good,No,High
P0655,37,Poor,Yes,Medium
P0656,22,Good,No,Medium
P0657,29,Poor,Yes,Low
P0658,38,Average,No,Low
P0659,30,Average,Yes,Low
P0660,29,Average,No,Medium
P0661,37,Average,No,High
P0662,35,Good,No,High
P0663,43,Average,Yes,Medium
P0664,37,Poor,No,High
P0665,44,Average,No,High
P0666,36,Good,Yes,Medium
P0667,21,Poor,Yes,Medium
P0668,32,Average,No,High
P0669,31,Good,No,Low
P0670,32,Good,No,High
P0671,49,Poor,Yes,Low
P0672,22,Good,No,Medium
P0673,26,Good,Yes,Low
P0674,48,Poor,Yes,Low
P0675,27,Average,No,High
P0676,20,Poor,Yes,High
P0677,37,Poor,No,Low
P0678,44,Poor,No,High
P0679,39,Average,Yes,Low
P0680,49,Average,No,Medium
P0681,35,Average,No,High
P0682,46,Good,Yes,Medium
P0683,20,Good,No,Low
P0684,35,Good,No,High
P0685,36,Average,No,Medium
P0686,47,Poor,No,High
P0687,39,Average,Yes,Low
P0688,37,Average,Yes,High
P0689,43,Poor,No,Low
P0690,47,Good,No,Medium
P0691,49,Good,No,High
P0692,36,Poor,No,High
P0693,22,Poor,No,High
P0694,34,Good,No,Low
P0695,50,Average,Yes,High
P0696,50,Average,No,High
P0697,25,Good,Yes,High
P0698,50,Poor,No,Medium
P0699,20,Average,Yes,High
P0700,46,Poor,No,High
P0701,49,Good,Yes,Medium
P0702,29,Poor,No,Medium
P0703,45,Poor,No,Medium
P0704,23,Good,Yes,High
P0705,48,Average,No,High
P0706,39,Poor,Yes,High
P0707,25,Poor,Yes,High
P0708,26,Good,No,Medium
P0709,46,Good,No,Low
P0710,37,Poor,Yes,Low
P0711,21,Poor,Yes,High
P0712,35,Poor,No,Medium
P0713,50,Good,Yes,High
P0714,20,Average,No,Low
P0715,37,Good,Yes,High
P0716,21,Poor,No,Medium
P0717,28,Poor,No,Low
P0718,27,Poor,Yes,Medium
P0719,24,Average,Yes,High
P0720,47,Average,No,Low
P0721,29,Good,Yes,Low
P0722,38,Good,Yes,Low
P0723,49,Average,Yes,Low
P0724,37,Good,No,High
P0725,21,Average,Yes,Low
P0726,21,Poor,No,Low
P0727,26,Good,Yes,High
P0728,23,Poor,Yes,High
P0729,35,Poor,Yes,High
P0730,29,Good,No,High
P0731,26,Poor,Yes,High
P0732,46,Poor,No,High
P0733,33,Average,Yes,Medium
P0734,40,Average,Yes,Medium
P0735,50,Average,Yes,High
P0736,49,Good,Yes,Medium
P0737,50,Poor,No,High
P0738,28,Good,Yes,Low
P0739,48,Good,No,Low
P0740,22,Poor,No,High
P0741,27,Good,Yes,Medium
P0742,42,Average,Yes,High
P0743,20,Average,No,High
P0744,31,Average,Yes,Medium
P0745,32,Average,No,High
P0746,37,Average,Yes,Low
P0747,31,Good,No,Low
P0748,29,Poor,Yes,High
P0749,23,Poor,No,High
P0750,23,Poor,No,Low
P0751,20,Poor,No,High
P0752,37,Average,No,Medium
P0753,28,Good,No,High
P0754,41,Good,No,High
P0755,41,Good,No,Medium
P0756,31,Average,Yes,Medium
P0757,32,Poor,Yes,High
P0758,50,Average,No,High
P0759,34,Poor,Yes,Medium
P0760,29,Average,No,Medium
P0761,35,Good,No,Low
P0762,38,Average,No,High
P0763,37,Poor,Yes,Medium
P0764,24,Average,No,Low
P0765,21,Average,Yes,High
P0766,28,Good,Yes,Medium
P0767,36,Good,No,Low
P0768,42,Poor,Yes,High
P0769,36,Poor,No,High
P0770,26,Good,Yes,Medium
P0771,37,Average,No,Medium
P0772,26,Average,No,Medium
P0773,29,Average,Yes,Low
P0774,49,Poor,Yes,High
P0775,28,Poor,No,Low
P0776,26,Average,Yes,Low
P0777,48,Average,Yes,Medium
P0778,23,Good,Yes,High
P0779,36,Poor,Yes,Medium
P0780,23,Average,No,Low
P0781,28,Poor,No,Medium
P0782,50,Good,No,Medium
P0783,25,Poor,Yes,Low
P0784,30,Poor,No,Low
P0785,35,Average,No,Medium
P0786,34,Average,No,High
P0787,29,Poor,Yes,High
P0788,28,Poor,No,Low
P0789,23,Good,Yes,Low
P0790,29,Average,No,Low
P0791,46,Average,No,High
P0792,36,Good,Yes,High
P0793,26,Poor,Yes,Medium
P0794,49,Average,Yes,High
P0795,38,Good,No,Low
P0796,28,Good,No,Low
P0797,34,Good,Yes,Medium
P0798,42,Average,No,High
P0799,34,Poor,No,Low
P0800,49,Good,Yes,High
P0801,44,Average,No,Medium
P0802,47,Average,Yes,High
P0803,36,Average,Yes,Medium
P0804,48,Poor,No,Low
P0805,39,Good,No,Low
P0806,47,Average,Yes,High
P0807,43,Average,Yes,Low
P0808,24,Poor,No,Low
P0809,45,Average,Yes,Medium
P0810,38,Average,Yes,Medium
P0811,49,Good,Yes,Low
P0812,35,Average,Yes,Medium
P0813,37,Average,No,Low
P0814,47,Good,No,High
P0815,26,Average,No,Medium
P0816,50,Average,No,High
P0817,43,Average,Yes,Medium
P0818,20,Good,No,High
P0819,23,Poor,No,Medium
P0820,42,Good,No,Low
P0821,50,Average,No,Medium
P0822,37,Poor,No,High
P0823,44,Poor,Yes,Low
P0824,30,Poor,No,Low
P0825,30,Average,No,Low
P0826,23,Poor,No,Low
P0827,44,Average,Yes,High
P0828,37,Poor,No,Low
P0829,29,Good,No,Low
P0830,26,Average,Yes,Low
P0831,40,Poor,Yes,High
P0832,27,Average,Yes,High
P0833,38,Good,Yes,High
P0834,26,Average,Yes,High
P0835,23,Good,Yes,High
P0836,46,Average,Yes,Medium
P0837,20,Good,Yes,High
P0838,38,Average,No,Low
P0839,33,Poor,Yes,Low
P0840,45,Average,No,High
P0841,43,Poor,No,Low
P0842,28,Average,No,High
P0843,48,Poor,No,Medium
P0844,35,Poor,No,Low
P0845,49,Average,No,High
P0846,37,Average,No,Low
P0847,41,Average,No,Low
P0848,47,Average,No,High
P0849,31,Good,Yes,Medium
P0850,49,Poor,Yes,Low
P0851,33,Average,No,Low
P0852,45,Good,Yes,High
P0853,39,Average,No,Medium
P0854,24,Poor,No,Medium
P0855,40,Poor,No,High
P0856,25,Poor,No,Medium
P0857,42,Poor,No,High
P0858,28,Poor,No,Low
P0859,40,Good,No,Medium
P0860,37,Average,No,Low
P0861,33,Poor,No,Medium
P0862,31,Good,No,Medium
P0863,48,Good,No,Medium
P0864,38,Good,No,Low
P0865,46,Good,Yes,High
P0866,32,Good,Yes,Medium
P0867,28,Average,Yes,High
P0868,48,Good,Yes,Medium
P0869,27,Poor,No,High
P0870,44,Poor,Yes,Low
P0871,33,Good,No,Low
P0872,24,Average,Yes,Low
P0873,22,Poor,No,High
P0874,42,Good,Yes,Low
P0875,38,Good,No,Medium
P0876,25,Poor,Yes,Medium
P0877,49,Good,Yes,Medium
P0878,46,Average,Yes,High
P0879,50,Good,No,Low
P0880,46,Good,No,Medium
P0881,34,Average,Yes,Low
P0882,28,Good,Yes,High
P0883,46,Poor,No,High
P0884,32,Good,Yes,Low
P0885,47,Good,No,High
P0886,39,Poor,Yes,Low
P0887,26,Average,No,Medium
P0888,27,Good,No,Medium
P0889,28,Poor,Yes,Medium
P0890,49,Poor,No,High
P0891,32,Average,Yes,Medium
P0892,49,Average,No,Medium
P0893,30,Poor,Yes,High
P0894,43,Poor,No,High
P0895,40,Good,Yes,High
P0896,36,Average,Yes,Low
P0897,44,Poor,Yes,Medium
P0898,28,Good,Yes,Low
P0899,34,Good,Yes,Medium
P0900,46,Good,Yes,High
P0901,35,Average,No,Low
P0902,37,Average,No,High
P0903,21,Good,No,Medium
P0904,37,Poor,No,Low
P0905,45,Good,Yes,Low
P0906,39,Poor,No,High
P0907,25,Average,No,High
P0908,39,Average,Yes,Medium
P0909,33,Poor,No,Low
P0910,49,Average,No,High
P0911,29,Poor,Yes,High
P0912,40,Poor,Yes,High
P0913,36,Poor,Yes,Low
P0914,28,Poor,Yes,High
P0915,25,Good,No,High
P0916,28,Poor,No,High
P0917,36,Good,Yes,Medium
P0918,24,Poor,Yes,High
P0919,26,Average,Yes,Low
P0920,36,Good,Yes,High
P0921,37,Average,Yes,Low
P0922,41,Good,No,High
P0923,32,Good,No,Medium
P0924,22,Average,No,Medium
P0925,25,Good,Yes,Medium
P0926,39,Good,No,High
P0927,37,Good,No,Low
P0928,20,Poor,Yes,High
P0929,38,Average,No,High
P0930,24,Good,Yes,Low
P0931,36,Poor,No,High
P0932,20,Poor,No,High
P0933,33,Good,Yes,Medium
P0934,39,Average,Yes,Medium
P0935,38,Average,Yes,High
P0936,40,Good,Yes,Low
P0937,32,Average,Yes,Low
P0938,42,Good,Yes,Medium
P0939,44,Good,Yes,Low
P0940,39,Poor,Yes,High
P0941,43,Good,Yes,Medium
P0942,50,Average,No,High
P0943,26,Poor,Yes,Low
P0944,33,Poor,Yes,High
P0945,32,Average,No,Low
P0946,21,Poor,Yes,Medium
P0947,34,Poor,Yes,Low
P0948,34,Poor,No,Medium
P0949,45,Average,No,Medium
P0950,21,Average,Yes,Low
P0951,40,Poor,Yes,Low
P0952,25,Poor,No,Medium
P0953,34,Average,No,Medium
P0954,24,Average,Yes,Low
P0955,30,Average,Yes,Low
P0956,33,Good,Yes,High
P0957,34,Good,Yes,High
P0958,37,Good,No,Low
P0959,47,Average,Yes,Low
P0960,44,Poor,No,Low
P0961,22,Average,Yes,Low
P0962,22,Poor,No,Medium
P0963,41,Poor,No,Low
P0964,41,Poor,No,Low
P0965,27,Average,No,Medium
P0966,50,Good,Yes,Low
P0967,49,Average,Yes,Medium
P0968,42,Average,Yes,Low
P0969,47,Good,No,Medium
P0970,24,Good,Yes,Low
P0971,24,Good,No,High
P0972,34,Poor,Yes,Medium
P0973,31,Good,No,High
P0974,21,Good,Yes,Low
P0975,21,Good,No,Low
P0976,29,Poor,No,Low
P0977,46,Average,No,High
P0978,29,Poor,No,High
P0979,41,Poor,No,Low
P0980,21,Average,Yes,High
P0981,44,Average,Yes,High
P0982,40,Poor,No,Low
P0983,28,Average,No,Medium
P0984,27,Good,No,Low
P0985,34,Poor,No,Medium
P0986,24,Poor,Yes,High
P0987,36,Poor,Yes,High
P0988,27,Poor,No,Low
P0989,25,Good,No,Low
P0990,49,Average,Yes,High
P0991,20,Poor,No,High
P0992,40,Average,No,Low
P0993,41,Good,No,Medium
P0994,40,Poor,Yes,Low
P0995,29,Average,Yes,Medium
P0996,37,Good,Yes,High
P0997,45,Average,No,Low
P0998,46,Average,Yes,Low
P0999,25,Average,No,Low
P1000,34,Good,No,Low
