Project_ID,Project_Name,Location,Progress,Budget,Spent,Workers,Delay
P0001,Project_P0001,Hyderabad,84,25080668,12196604,109,No
P0002,Project_P0002,Mumbai,96,29236617,13699086,105,No
P0003,Project_P0003,Chennai,47,10644034,8046329,76,Yes
P0004,Project_P0004,Hyderabad,87,45294222,41694798,73,No
P0005,Project_P0005,Delhi,43,11716877,10568669,37,Yes
P0006,Project_P0006,Hyderabad,69,33969717,14053461,89,Yes
P0007,Project_P0007,Chennai,16,34717447,38440052,76,Yes
P0008,Project_P0008,Delhi,55,39350404,17642799,53,Yes
P0009,Project_P0009,Mumbai,58,47719333,56940581,102,No
P0010,Project_P0010,Bengaluru,70,45362735,48487928,114,Yes
P0011,Project_P0011,Mumbai,11,43795527,22831048,94,Yes
P0012,Project_P0012,Hyderabad,91,22918335,17187199,114,Yes
P0013,Project_P0013,Bengaluru,23,29960020,9810878,117,No
P0014,Project_P0014,Hyderabad,46,29793108,33090216,79,Yes
P0015,Project_P0015,Delhi,12,12440417,12277283,34,Yes
P0016,Project_P0016,Delhi,19,46681712,25642233,113,Yes
P0017,Project_P0017,Hyderabad,43,5854296,6111698,50,No
P0018,Project_P0018,Bengaluru,35,35786803,27748630,32,Yes
P0019,Project_P0019,Delhi,53,15294199,12003087,52,No
P0020,Project_P0020,Hyderabad,50,40872802,48673351,119,Yes
P0021,Project_P0021,Hyderabad,72,12792138,5510669,108,Yes
P0022,Project_P0022,Delhi,32,40194825,21383871,42,Yes
P0023,Project_P0023,Hyderabad,33,42691869,49025001,74,Yes
P0024,Project_P0024,Chennai,91,32135353,33537004,80,Yes
P0025,Project_P0025,Delhi,63,12918878,6382115,115,Yes
P0026,Project_P0026,Mumbai,27,9916977,3232797,25,Yes
P0027,Project_P0027,Bengaluru,56,30435457,16015517,42,Yes
P0028,Project_P0028,Delhi,17,5347289,4564721,14,Yes
P0029,Project_P0029,Hyderabad,46,37895928,30771355,63,Yes
P0030,Project_P0030,Chennai,79,8612001,6059259,64,Yes
P0031,Project_P0031,Mumbai,24,22503365,7007837,40,No
P0032,Project_P0032,Mumbai,96,37974195,28523845,103,Yes
P0033,Project_P0033,Delhi,32,17690164,18994167,55,Yes
P0034,Project_P0034,Chennai,75,29063718,11691382,91,Yes
P0035,Project_P0035,Chennai,64,49178342,29171700,100,No
P0036,Project_P0036,Mumbai,58,32124550,12585417,107,Yes
P0037,Project_P0037,Delhi,63,12408218,11380641,116,No
P0038,Project_P0038,Hyderabad,8,37153894,34858309,110,Yes
P0039,Project_P0039,Mumbai,22,39984156,24256758,118,Yes
P0040,Project_P0040,Mumbai,69,30789268,19821225,115,Yes
P0041,Project_P0041,Chennai,83,47372979,23594278,68,Yes
P0042,Project_P0042,Bengaluru,93,49822303,32200658,59,Yes
P0043,Project_P0043,Hyderabad,64,8734883,3970932,41,No
P0044,Project_P0044,Bengaluru,33,10957985,6848101,107,No
P0045,Project_P0045,Bengaluru,47,40265655,19165365,30,Yes
P0046,Project_P0046,Mumbai,70,6326410,4701501,115,No
P0047,Project_P0047,Bengaluru,8,42296061,31328473,61,Yes
P0048,Project_P0048,Mumbai,66,42659767,19486310,16,No
P0049,Project_P0049,Mumbai,41,23237841,15836957,72,Yes
P0050,Project_P0050,Mumbai,82,40690291,41171994,30,No
P0051,Project_P0051,Chennai,82,49580141,15333862,23,Yes
P0052,Project_P0052,Bengaluru,84,10441227,9137904,81,No
P0053,Project_P0053,Hyderabad,19,36734379,43907147,92,Yes
P0054,Project_P0054,Chennai,83,24206688,26485352,97,No
P0055,Project_P0055,Hyderabad,41,35301916,27529938,86,No
P0056,Project_P0056,Chennai,86,40454129,33484383,97,Yes
P0057,Project_P0057,Mumbai,73,14334610,5525771,27,Yes
P0058,Project_P0058,Chennai,27,18700897,21414309,90,Yes
P0059,Project_P0059,Delhi,43,10080568,4524937,81,Yes
P0060,Project_P0060,Bengaluru,73,32474007,27400603,11,Yes
P0061,Project_P0061,Hyderabad,96,12106013,14231192,31,No
P0062,Project_P0062,Chennai,79,13908639,7408208,95,Yes
P0063,Project_P0063,Hyderabad,87,15426137,4864655,120,No
P0064,Project_P0064,Hyderabad,43,13439845,12622500,67,No
P0065,Project_P0065,Bengaluru,82,44766690,42883420,105,No
P0066,Project_P0066,Bengaluru,81,30958019,10019973,33,No
P0067,Project_P0067,Mumbai,66,5992794,5129418,100,No
P0068,Project_P0068,Chennai,11,38868302,12528711,106,Yes
P0069,Project_P0069,Bengaluru,38,32022691,11490997,84,Yes
P0070,Project_P0070,Delhi,15,40655460,26183086,64,Yes
P0071,Project_P0071,Mumbai,93,7234433,8351905,62,No
P0072,Project_P0072,Mumbai,10,35316213,15437358,86,Yes
P0073,Project_P0073,Mumbai,68,48907926,47585964,19,Yes
P0074,Project_P0074,Chennai,85,45475043,27080288,47,Yes
P0075,Project_P0075,Delhi,94,34411414,23448236,18,No
P0076,Project_P0076,Hyderabad,60,28933712,14234264,114,Yes
P0077,Project_P0077,Bengaluru,33,35413804,16911047,52,No
P0078,Project_P0078,Bengaluru,6,5224717,1951953,12,Yes
P0079,Project_P0079,Bengaluru,27,15496279,10703587,14,Yes
P0080,Project_P0080,Delhi,94,29780938,19118020,80,Yes
P0081,Project_P0081,Delhi,70,35918273,15596030,30,No
P0082,Project_P0082,Chennai,61,17046970,5588950,25,Yes
P0083,Project_P0083,Bengaluru,24,47464715,56690692,20,Yes
P0084,Project_P0084,Hyderabad,77,42455260,36563493,22,No
P0085,Project_P0085,Mumbai,45,25645930,13366990,109,Yes
P0086,Project_P0086,Hyderabad,64,40497752,48121473,45,Yes
P0087,Project_P0087,Chennai,49,11800783,9964270,43,No
P0088,Project_P0088,Mumbai,31,26975738,17373260,45,Yes
P0089,Project_P0089,Chennai,72,22075157,25249696,96,Yes
P0090,Project_P0090,Chennai,93,24219314,20747254,29,No
P0091,Project_P0091,Chennai,32,46164017,17385599,104,Yes
P0092,Project_P0092,Bengaluru,8,35977874,11784370,117,Yes
P0093,Project_P0093,Hyderabad,34,28843984,27310529,38,Yes
P0094,Project_P0094,Bengaluru,12,30376303,36285725,20,Yes
P0095,Project_P0095,Chennai,85,18979743,7551525,10,No
P0096,Project_P0096,Delhi,64,39169959,42892205,92,Yes
P0097,Project_P0097,Mumbai,16,24960678,19612220,83,Yes
P0098,Project_P0098,Delhi,69,7512393,2683880,83,Yes
P0099,Project_P0099,Mumbai,35,28634671,11717766,10,Yes
P0100,Project_P0100,Mumbai,86,28588488,28391649,73,No
P0101,Project_P0101,Hyderabad,50,11547836,5587556,11,Yes
P0102,Project_P0102,Delhi,17,49068090,20630472,63,Yes
P0103,Project_P0103,Hyderabad,45,21732742,18371601,98,Yes
P0104,Project_P0104,Bengaluru,23,48402130,48137642,119,Yes
P0105,Project_P0105,Bengaluru,95,19115497,11414046,63,Yes
P0106,Project_P0106,Chennai,44,29501096,21836277,40,Yes
P0107,Project_P0107,Delhi,43,33968296,34531253,29,Yes
P0108,Project_P0108,Mumbai,9,34543998,40892842,27,Yes
P0109,Project_P0109,Delhi,25,39718854,28905353,33,Yes
P0110,Project_P0110,Delhi,13,5141132,3445430,97,Yes
P0111,Project_P0111,Chennai,5,41009622,35051945,48,Yes
P0112,Project_P0112,Mumbai,53,40918263,26561801,117,Yes
P0113,Project_P0113,Bengaluru,40,14588555,10853020,73,Yes
P0114,Project_P0114,Delhi,17,45371886,35503506,27,Yes
P0115,Project_P0115,Delhi,18,24605692,26336565,119,Yes
P0116,Project_P0116,Hyderabad,53,45688595,23786715,48,No
P0117,Project_P0117,Chennai,61,34101039,39247010,41,No
P0118,Project_P0118,Hyderabad,90,37401664,35159641,114,Yes
P0119,Project_P0119,Mumbai,86,48836632,29094250,102,Yes
P0120,Project_P0120,Hyderabad,92,35381687,22242790,27,Yes
P0121,Project_P0121,Bengaluru,92,31345807,29688810,25,Yes
P0122,Project_P0122,Hyderabad,5,27025660,29050893,82,Yes
P0123,Project_P0123,Delhi,80,13974632,11140773,85,No
P0124,Project_P0124,Delhi,96,42521009,20406607,14,No
P0125,Project_P0125,Hyderabad,21,44426599,37544303,118,Yes
P0126,Project_P0126,Delhi,14,10440952,11899971,25,Yes
P0127,Project_P0127,Mumbai,22,23248132,27626350,91,Yes
P0128,Project_P0128,Delhi,47,46560656,34334298,90,Yes
P0129,Project_P0129,Chennai,64,32365628,25852330,49,Yes
P0130,Project_P0130,Hyderabad,59,47404481,35714088,14,Yes
P0131,Project_P0131,Delhi,58,31907175,12374446,48,Yes
P0132,Project_P0132,Mumbai,7,19085446,9534988,34,Yes
P0133,Project_P0133,Mumbai,26,29978234,26647678,70,Yes
P0134,Project_P0134,Hyderabad,30,33996360,23574234,113,Yes
P0135,Project_P0135,Hyderabad,31,35489435,34693159,73,Yes
P0136,Project_P0136,Bengaluru,88,43081425,22730588,10,Yes
P0137,Project_P0137,Chennai,13,24262052,18775995,38,Yes
P0138,Project_P0138,Chennai,22,6490754,4003492,16,Yes
P0139,Project_P0139,Mumbai,57,37218676,17653131,56,Yes
P0140,Project_P0140,Mumbai,74,14189662,6665257,89,No
P0141,Project_P0141,Mumbai,45,16130558,10131183,106,Yes
P0142,Project_P0142,Chennai,58,17697396,15138194,27,Yes
P0143,Project_P0143,Hyderabad,60,17982885,6158893,41,Yes
P0144,Project_P0144,Bengaluru,90,8229642,2933243,19,Yes
P0145,Project_P0145,Delhi,100,25302835,29250182,98,Yes
P0146,Project_P0146,Mumbai,20,14410470,6443359,105,Yes
P0147,Project_P0147,Hyderabad,49,45003103,36362591,68,No
P0148,Project_P0148,Mumbai,7,10508078,8212409,61,Yes
P0149,Project_P0149,Hyderabad,12,31454217,33348804,113,Yes
P0150,Project_P0150,Hyderabad,42,11428388,13644981,113,Yes
P0151,Project_P0151,Bengaluru,97,25850317,18598230,78,No
P0152,Project_P0152,Mumbai,14,31145394,25548447,23,Yes
P0153,Project_P0153,Delhi,62,21563161,10539957,92,No
P0154,Project_P0154,Hyderabad,93,7767145,3064965,10,Yes
P0155,Project_P0155,Chennai,88,49161263,56772932,52,Yes
P0156,Project_P0156,Mumbai,97,21218440,13504210,39,Yes
P0157,Project_P0157,Bengaluru,13,21468485,15955924,74,Yes
P0158,Project_P0158,Bengaluru,7,34348883,27775262,37,Yes
P0159,Project_P0159,Delhi,57,48478310,15801244,103,Yes
P0160,Project_P0160,Hyderabad,72,30041563,17306057,14,No
P0161,Project_P0161,Hyderabad,53,37191435,39734404,38,Yes
P0162,Project_P0162,Delhi,82,9927425,11346965,21,Yes
P0163,Project_P0163,Bengaluru,23,22336458,23781426,85,Yes
P0164,Project_P0164,Hyderabad,84,14683243,6475371,89,No
P0165,Project_P0165,Hyderabad,63,47176544,15264624,65,No
P0166,Project_P0166,Mumbai,21,9914994,4364595,54,Yes
P0167,Project_P0167,Chennai,91,44725864,26488898,96,No
P0168,Project_P0168,Hyderabad,87,13066145,8098587,57,Yes
P0169,Project_P0169,Bengaluru,8,20818781,18544998,101,Yes
P0170,Project_P0170,Mumbai,86,6439884,6861880,30,No
P0171,Project_P0171,Hyderabad,27,27396881,15062049,111,Yes
P0172,Project_P0172,Chennai,39,16814976,5899715,37,Yes
P0173,Project_P0173,Chennai,19,12790211,9154209,26,Yes
P0174,Project_P0174,Bengaluru,78,45861855,46668623,87,No
P0175,Project_P0175,Bengaluru,92,44765603,29290367,51,No
P0176,Project_P0176,Hyderabad,19,35511493,13000479,109,Yes
P0177,Project_P0177,Mumbai,94,28176616,25855802,98,No
P0178,Project_P0178,Hyderabad,82,23481545,19163452,30,Yes
P0179,Project_P0179,Delhi,58,42057344,39982048,78,No
P0180,Project_P0180,Delhi,10,26259507,13960380,51,Yes
P0181,Project_P0181,Mumbai,33,6263029,6326768,56,Yes
P0182,Project_P0182,Mumbai,73,12482089,8635932,18,No
P0183,Project_P0183,Hyderabad,77,32673086,19118417,20,No
P0184,Project_P0184,Delhi,52,48459202,42477998,15,Yes
P0185,Project_P0185,Hyderabad,75,42697460,32744391,93,Yes
P0186,Project_P0186,Bengaluru,88,42874861,40807030,34,No
P0187,Project_P0187,Bengaluru,19,19566874,10789388,19,Yes
P0188,Project_P0188,Delhi,59,10606788,4301038,81,Yes
P0189,Project_P0189,Delhi,86,29617269,27837880,90,Yes
P0190,Project_P0190,Bengaluru,41,35842406,30004277,73,No
P0191,Project_P0191,Delhi,65,24078704,24290885,41,Yes
P0192,Project_P0192,Delhi,100,34500382,21686391,77,No
P0193,Project_P0193,Delhi,27,12461063,9974077,34,Yes
P0194,Project_P0194,Bengaluru,8,29392618,30064776,107,Yes
P0195,Project_P0195,Hyderabad,94,43981208,26263215,91,No
P0196,Project_P0196,Mumbai,18,11790691,7565541,49,Yes
P0197,Project_P0197,Mumbai,58,14505931,8836152,19,No
P0198,Project_P0198,Hyderabad,84,31357352,20865292,104,Yes
P0199,Project_P0199,Mumbai,28,33971687,20675695,82,Yes
P0200,Project_P0200,Delhi,88,33450312,37594859,20,Yes
P0201,Project_P0201,Delhi,47,16564779,12549764,71,Yes
P0202,Project_P0202,Delhi,21,42784170,39079418,53,Yes
P0203,Project_P0203,Bengaluru,7,21994873,20571134,107,Yes
P0204,Project_P0204,Hyderabad,87,39154080,31328917,24,Yes
P0205,Project_P0205,Delhi,52,10431891,5991330,58,Yes
P0206,Project_P0206,Mumbai,98,40988259,16095960,82,Yes
P0207,Project_P0207,Mumbai,47,29802579,33076252,120,Yes
P0208,Project_P0208,Chennai,71,30460991,33302234,102,No
P0209,Project_P0209,Chennai,98,41262096,21290101,58,No
P0210,Project_P0210,Bengaluru,16,18816233,9897207,48,Yes
P0211,Project_P0211,Hyderabad,95,27727627,12286894,107,No
P0212,Project_P0212,Delhi,45,48789746,57614851,78,Yes
P0213,Project_P0213,Bengaluru,36,45179789,32103661,85,No
P0214,Project_P0214,Delhi,74,33962516,27307244,35,Yes
P0215,Project_P0215,Chennai,46,29445435,29104727,33,Yes
P0216,Project_P0216,Chennai,82,44302628,24315157,28,Yes
P0217,Project_P0217,Bengaluru,29,44813336,22221046,43,Yes
P0218,Project_P0218,Delhi,33,8732351,8767819,12,No
P0219,Project_P0219,Chennai,43,26124358,8177799,62,Yes
P0220,Project_P0220,Bengaluru,44,45194851,33488827,40,Yes
P0221,Project_P0221,Delhi,83,25503502,21484304,26,Yes
P0222,Project_P0222,Mumbai,11,32397572,19464292,101,Yes
P0223,Project_P0223,Bengaluru,58,25086916,14957814,71,No
P0224,Project_P0224,Bengaluru,86,45986768,22069349,105,No
P0225,Project_P0225,Hyderabad,76,8405127,2696462,18,No
P0226,Project_P0226,Chennai,9,17861909,13960067,74,Yes
P0227,Project_P0227,Delhi,85,30815772,21009861,101,No
P0228,Project_P0228,Mumbai,14,9271985,10258161,25,Yes
P0229,Project_P0229,Hyderabad,34,46971489,31275899,120,Yes
P0230,Project_P0230,Mumbai,23,26930191,25487209,41,No
P0231,Project_P0231,Chennai,33,11899293,4519685,118,Yes
P0232,Project_P0232,Chennai,18,38739534,19394837,22,Yes
P0233,Project_P0233,Bengaluru,56,34706650,39616268,83,No
P0234,Project_P0234,Hyderabad,74,19087925,11524345,54,No
P0235,Project_P0235,Chennai,49,14856884,6931300,29,Yes
P0236,Project_P0236,Mumbai,95,21376580,10730747,29,No
P0237,Project_P0237,Chennai,57,45311342,23427191,24,Yes
P0238,Project_P0238,Chennai,55,46138118,38709679,33,Yes
P0239,Project_P0239,Delhi,9,36528501,38576804,38,Yes
P0240,Project_P0240,Delhi,83,48678299,27753489,79,No
P0241,Project_P0241,Delhi,21,14141407,12736823,19,Yes
P0242,Project_P0242,Chennai,28,19069724,10051142,112,Yes
P0243,Project_P0243,Delhi,60,46251823,49929178,77,No
P0244,Project_P0244,Chennai,98,21700748,15407226,72,Yes
P0245,Project_P0245,Mumbai,84,30710736,34434721,101,No
P0246,Project_P0246,Bengaluru,80,40296777,31019199,78,Yes
P0247,Project_P0247,Hyderabad,59,38913235,23065228,98,Yes
P0248,Project_P0248,Delhi,65,40531603,47238160,45,Yes
P0249,Project_P0249,Delhi,6,13041944,7850868,21,Yes
P0250,Project_P0250,Chennai,77,28848982,9066467,33,Yes
P0251,Project_P0251,Hyderabad,18,34249904,23551988,113,Yes
P0252,Project_P0252,Delhi,96,47635980,30631736,62,No
P0253,Project_P0253,Chennai,50,32237602,32975661,65,Yes
P0254,Project_P0254,Delhi,22,12978626,7098704,70,Yes
P0255,Project_P0255,Chennai,22,47052348,33259698,28,Yes
P0256,Project_P0256,Hyderabad,81,10502444,7498695,20,No
P0257,Project_P0257,Chennai,80,48404224,15842242,83,Yes
P0258,Project_P0258,Mumbai,96,27242953,10979318,80,Yes
P0259,Project_P0259,Delhi,22,26573527,18205967,81,Yes
P0260,Project_P0260,Mumbai,66,19347491,12072373,49,Yes
P0261,Project_P0261,Chennai,11,9644210,7859551,72,Yes
P0262,Project_P0262,Mumbai,13,12718179,6335692,49,Yes
P0263,Project_P0263,Delhi,55,12979095,8273641,64,No
P0264,Project_P0264,Hyderabad,24,13848596,8366659,42,Yes
P0265,Project_P0265,Hyderabad,31,29073836,16696881,106,No
P0266,Project_P0266,Delhi,95,21037212,11886436,54,Yes
P0267,Project_P0267,Mumbai,42,31395326,37552156,111,No
P0268,Project_P0268,Mumbai,5,41723894,49145476,118,Yes
P0269,Project_P0269,Chennai,71,16829508,10218875,66,No
P0270,Project_P0270,Mumbai,32,42371167,43642445,119,Yes
P0271,Project_P0271,Hyderabad,23,36799356,37271273,81,Yes
P0272,Project_P0272,Delhi,65,45814036,40900657,35,Yes
P0273,Project_P0273,Hyderabad,97,37945396,24902657,120,No
P0274,Project_P0274,Hyderabad,42,10034015,8152673,120,No
P0275,Project_P0275,Delhi,87,9709905,6396780,70,No
P0276,Project_P0276,Hyderabad,58,34031402,24595852,67,Yes
P0277,Project_P0277,Delhi,86,47281562,27060568,28,No
P0278,Project_P0278,Mumbai,5,49056438,28941898,96,Yes
P0279,Project_P0279,Bengaluru,99,6937066,7122869,66,No
P0280,Project_P0280,Delhi,89,23989308,10292406,108,Yes
P0281,Project_P0281,Bengaluru,91,22437138,10367153,36,No
P0282,Project_P0282,Chennai,52,22147950,7079394,100,Yes
P0283,Project_P0283,Bengaluru,28,13983885,13066885,25,Yes
P0284,Project_P0284,Delhi,85,48812088,45779035,57,No
P0285,Project_P0285,Mumbai,20,23196329,25021325,22,Yes
P0286,Project_P0286,Mumbai,28,26556948,12815840,81,No
P0287,Project_P0287,Hyderabad,36,20164712,13581991,13,No
P0288,Project_P0288,Bengaluru,73,42872422,13512866,112,No
P0289,Project_P0289,Mumbai,96,36079613,11624679,47,No
P0290,Project_P0290,Mumbai,82,37669775,18301974,48,Yes
P0291,Project_P0291,Mumbai,59,35485352,14282881,56,No
P0292,Project_P0292,Hyderabad,13,31492225,25696007,73,Yes
P0293,Project_P0293,Mumbai,100,39987295,44790075,64,Yes
P0294,Project_P0294,Bengaluru,89,48041781,20858651,33,No
P0295,Project_P0295,Bengaluru,97,38634756,27874579,35,No
P0296,Project_P0296,Chennai,42,34578030,39983890,92,No
P0297,Project_P0297,Mumbai,51,41166142,33510647,39,Yes
P0298,Project_P0298,Bengaluru,88,22037720,21777336,51,No
P0299,Project_P0299,Delhi,8,11928024,9460580,114,Yes
P0300,Project_P0300,Mumbai,51,26991013,22695672,23,Yes
P0301,Project_P0301,Chennai,18,10503121,11142215,99,Yes
P0302,Project_P0302,Bengaluru,10,8332301,6910000,87,Yes
P0303,Project_P0303,Mumbai,45,26397394,24039451,65,No
P0304,Project_P0304,Delhi,69,47489426,31394036,111,Yes
P0305,Project_P0305,Hyderabad,44,15071781,18064377,91,No
P0306,Project_P0306,Delhi,74,24902357,21229528,85,Yes
P0307,Project_P0307,Hyderabad,60,28404115,25226393,105,Yes
P0308,Project_P0308,Chennai,36,32887047,15565309,41,Yes
P0309,Project_P0309,Mumbai,89,35653271,21219230,76,No
P0310,Project_P0310,Chennai,100,30244440,25741171,114,No
P0311,Project_P0311,Delhi,95,12415491,12939073,10,Yes
P0312,Project_P0312,Bengaluru,81,43542946,45971869,49,Yes
P0313,Project_P0313,Chennai,28,7929304,9269639,16,No
P0314,Project_P0314,Chennai,38,44054156,26854007,105,Yes
P0315,Project_P0315,Hyderabad,83,28676878,16927733,10,No
P0316,Project_P0316,Chennai,42,34977559,20216612,74,Yes
P0317,Project_P0317,Mumbai,60,40779709,20719445,68,Yes
P0318,Project_P0318,Chennai,56,49163714,16678670,74,No
P0319,Project_P0319,Hyderabad,52,45371754,41892080,89,No
P0320,Project_P0320,Mumbai,97,19010476,22549579,94,No
P0321,Project_P0321,Mumbai,94,37956761,43822575,14,Yes
P0322,Project_P0322,Hyderabad,12,11961266,10453112,51,Yes
P0323,Project_P0323,Bengaluru,20,8841444,9164158,57,Yes
P0324,Project_P0324,Chennai,7,29993565,33649421,64,Yes
P0325,Project_P0325,Delhi,66,44651978,41105289,101,Yes
P0326,Project_P0326,Mumbai,42,19635403,20007515,62,No
P0327,Project_P0327,Mumbai,64,14994711,17755886,62,Yes
P0328,Project_P0328,Mumbai,11,23091983,19232119,71,Yes
P0329,Project_P0329,Mumbai,59,15723161,12557925,38,Yes
P0330,Project_P0330,Chennai,53,10150044,9928219,21,Yes
P0331,Project_P0331,Delhi,56,26508558,21458606,19,Yes
P0332,Project_P0332,Bengaluru,14,49643040,53373351,63,Yes
P0333,Project_P0333,Chennai,99,20319255,11459248,14,No
P0334,Project_P0334,Bengaluru,52,22347976,13419150,62,Yes
P0335,Project_P0335,Chennai,61,41373899,32076779,85,Yes
P0336,Project_P0336,Bengaluru,68,26558852,9029674,25,Yes
P0337,Project_P0337,Bengaluru,23,6583563,7241292,30,Yes
P0338,Project_P0338,Mumbai,13,25716305,11194583,46,Yes
P0339,Project_P0339,Chennai,31,38929545,16551914,19,Yes
P0340,Project_P0340,Chennai,77,31411313,25088723,102,Yes
P0341,Project_P0341,Bengaluru,72,25031395,7555920,94,Yes
P0342,Project_P0342,Mumbai,40,46681787,52259204,14,Yes
P0343,Project_P0343,Delhi,38,5108439,4496454,73,Yes
P0344,Project_P0344,Bengaluru,57,45569668,26848276,24,Yes
P0345,Project_P0345,Chennai,99,10644010,4305799,11,No
P0346,Project_P0346,Mumbai,86,38095268,38668052,33,Yes
P0347,Project_P0347,Bengaluru,73,18278163,5527811,119,No
P0348,Project_P0348,Hyderabad,31,9174101,9653132,116,No
P0349,Project_P0349,Mumbai,94,10814329,3646958,62,No
P0350,Project_P0350,Mumbai,32,48622610,36780079,40,Yes
P0351,Project_P0351,Chennai,47,47934479,36790707,28,No
P0352,Project_P0352,Delhi,7,9677523,7794945,109,Yes
P0353,Project_P0353,Hyderabad,70,22904829,23540111,68,Yes
P0354,Project_P0354,Chennai,81,28876956,23695461,116,No
P0355,Project_P0355,Bengaluru,48,34747709,15832318,32,No
P0356,Project_P0356,Bengaluru,84,41079229,13081835,37,No
P0357,Project_P0357,Delhi,66,25350587,12247379,116,No
P0358,Project_P0358,Chennai,74,17269747,7862391,61,Yes
P0359,Project_P0359,Hyderabad,26,46417696,20111755,60,Yes
P0360,Project_P0360,Hyderabad,81,11500864,10109898,36,No
P0361,Project_P0361,Mumbai,81,40199928,44095979,30,Yes
P0362,Project_P0362,Chennai,30,49375892,31589325,93,Yes
P0363,Project_P0363,Delhi,48,5583533,2469827,83,Yes
P0364,Project_P0364,Delhi,41,48447495,33177992,71,Yes
P0365,Project_P0365,Bengaluru,61,35318636,27727652,52,Yes
P0366,Project_P0366,Chennai,79,15778904,11376659,70,Yes
P0367,Project_P0367,Bengaluru,59,36010616,26542071,55,Yes
P0368,Project_P0368,Chennai,52,21810944,8122880,55,Yes
P0369,Project_P0369,Bengaluru,54,35400625,16317757,94,Yes
P0370,Project_P0370,Bengaluru,7,25986429,21907042,10,Yes
P0371,Project_P0371,Chennai,38,12264179,11940359,77,Yes
P0372,Project_P0372,Chennai,46,17930230,9031783,21,No
P0373,Project_P0373,Bengaluru,5,44397483,37785008,58,Yes
P0374,Project_P0374,Hyderabad,89,17851420,16883734,109,Yes
P0375,Project_P0375,Mumbai,89,45241047,21017642,88,Yes
P0376,Project_P0376,Mumbai,29,16642408,10109415,114,Yes
P0377,Project_P0377,Bengaluru,28,30103350,35274786,85,No
P0378,Project_P0378,Hyderabad,91,39922134,39087194,92,Yes
P0379,Project_P0379,Hyderabad,54,19324065,7473028,44,Yes
P0380,Project_P0380,Bengaluru,38,14912189,10789651,66,Yes
P0381,Project_P0381,Mumbai,62,45149569,52313102,14,Yes
P0382,Project_P0382,Hyderabad,64,16336680,10568113,57,Yes
P0383,Project_P0383,Bengaluru,68,6151178,7064694,55,Yes
P0384,Project_P0384,Delhi,12,22022047,13551509,108,Yes
P0385,Project_P0385,Chennai,29,21684051,14205172,72,Yes
P0386,Project_P0386,Bengaluru,5,23291561,25780252,36,Yes
P0387,Project_P0387,Chennai,61,36588855,25472895,87,Yes
P0388,Project_P0388,Hyderabad,73,45765493,42777029,104,No
P0389,Project_P0389,Hyderabad,34,13787603,10055125,22,Yes
P0390,Project_P0390,Bengaluru,42,9709838,6618023,71,Yes
P0391,Project_P0391,Mumbai,47,44302249,23157758,13,Yes
P0392,Project_P0392,Delhi,67,7898728,2720644,120,No
P0393,Project_P0393,Hyderabad,77,22842228,7666182,16,Yes
P0394,Project_P0394,Bengaluru,94,32033454,10524252,67,No
P0395,Project_P0395,Chennai,93,24391954,10037474,54,No
P0396,Project_P0396,Hyderabad,44,11290007,7634597,37,Yes
P0397,Project_P0397,Bengaluru,54,17153027,11906342,30,Yes
P0398,Project_P0398,Chennai,81,9458429,7806105,36,Yes
P0399,Project_P0399,Hyderabad,84,43981406,38090392,24,Yes
P0400,Project_P0400,Bengaluru,45,32747826,36324760,104,Yes
P0401,Project_P0401,Delhi,23,26178117,30108880,120,No
P0402,Project_P0402,Bengaluru,8,40369847,46260096,83,Yes
P0403,Project_P0403,Delhi,18,46646191,50964402,46,Yes
P0404,Project_P0404,Chennai,45,36920744,30103463,72,Yes
P0405,Project_P0405,Bengaluru,46,14499395,17394619,83,Yes
P0406,Project_P0406,Hyderabad,94,22626146,26643876,33,No
P0407,Project_P0407,Bengaluru,18,28836838,27490172,116,Yes
P0408,Project_P0408,Hyderabad,43,17718361,15255988,69,No
P0409,Project_P0409,Hyderabad,56,6913473,4528358,18,Yes
P0410,Project_P0410,Chennai,51,32494661,15717541,31,Yes
P0411,Project_P0411,Hyderabad,81,28678088,24902422,42,No
P0412,Project_P0412,Chennai,35,6552621,6678073,115,Yes
P0413,Project_P0413,Mumbai,51,26831131,9252932,114,Yes
P0414,Project_P0414,Mumbai,61,38271400,31860287,116,No
P0415,Project_P0415,Delhi,53,11917700,3782608,114,Yes
P0416,Project_P0416,Delhi,43,35437774,39985586,120,Yes
P0417,Project_P0417,Bengaluru,40,32920276,35045692,52,Yes
P0418,Project_P0418,Hyderabad,5,30986313,11504418,119,Yes
P0419,Project_P0419,Mumbai,5,49611258,16214418,68,Yes
P0420,Project_P0420,Bengaluru,97,37929272,43306657,17,No
P0421,Project_P0421,Hyderabad,34,40364628,25296001,63,Yes
P0422,Project_P0422,Bengaluru,16,29705461,17041580,66,Yes
P0423,Project_P0423,Mumbai,11,10495549,7091518,89,Yes
P0424,Project_P0424,Hyderabad,35,26773363,26913333,38,Yes
P0425,Project_P0425,Delhi,81,37511766,15308040,21,No
P0426,Project_P0426,Hyderabad,6,47088660,44867243,76,Yes
P0427,Project_P0427,Delhi,94,14022252,9048067,21,Yes
P0428,Project_P0428,Mumbai,90,36068087,32084080,101,Yes
P0429,Project_P0429,Hyderabad,22,22697344,14920635,99,No
P0430,Project_P0430,Chennai,71,11359613,6093076,30,Yes
P0431,Project_P0431,Chennai,61,23050766,8332125,20,No
P0432,Project_P0432,Bengaluru,21,30205230,29581589,64,Yes
P0433,Project_P0433,Hyderabad,16,46689405,46363019,100,Yes
P0434,Project_P0434,Mumbai,27,6900936,2624093,98,Yes
P0435,Project_P0435,Hyderabad,51,40827681,43381873,112,No
P0436,Project_P0436,Delhi,92,12869549,5338153,87,No
P0437,Project_P0437,Mumbai,20,40852676,22977129,88,Yes
P0438,Project_P0438,Chennai,99,19010592,6637917,87,No
P0439,Project_P0439,Bengaluru,49,42448989,31202233,114,Yes
P0440,Project_P0440,Bengaluru,27,9891530,6991673,67,No
P0441,Project_P0441,Delhi,54,30165284,28613280,70,Yes
P0442,Project_P0442,Mumbai,78,26934875,14239815,35,Yes
P0443,Project_P0443,Bengaluru,63,7476567,4388392,15,No
P0444,Project_P0444,Mumbai,57,37173431,42841489,78,No
P0445,Project_P0445,Delhi,46,40611170,16225566,23,Yes
P0446,Project_P0446,Chennai,81,6538041,4063567,33,No
P0447,Project_P0447,Mumbai,41,37582441,27243210,81,Yes
P0448,Project_P0448,Delhi,89,32140886,9836371,22,Yes
P0449,Project_P0449,Hyderabad,35,42144552,20291142,108,No
P0450,Project_P0450,Delhi,88,17195159,5427807,78,No
P0451,Project_P0451,Delhi,34,38854111,30719274,68,Yes
P0452,Project_P0452,Mumbai,78,43072425,51070593,112,Yes
P0453,Project_P0453,Bengaluru,57,42842332,33875105,63,Yes
P0454,Project_P0454,Bengaluru,51,21085481,10673964,60,Yes
P0455,Project_P0455,Delhi,91,26609311,14407309,28,Yes
P0456,Project_P0456,Chennai,95,25900131,26334202,119,Yes
P0457,Project_P0457,Delhi,19,14636055,13736861,19,Yes
P0458,Project_P0458,Bengaluru,52,46283006,38313580,53,No
P0459,Project_P0459,Chennai,97,29859363,28168438,30,No
P0460,Project_P0460,Bengaluru,11,40699745,29539516,117,Yes
P0461,Project_P0461,Mumbai,60,43423568,46019432,97,Yes
P0462,Project_P0462,Bengaluru,15,18666942,10433499,47,Yes
P0463,Project_P0463,Mumbai,79,45719276,16096822,66,Yes
P0464,Project_P0464,Delhi,64,8751633,10291003,47,Yes
P0465,Project_P0465,Delhi,65,41691222,31457700,103,Yes
P0466,Project_P0466,Chennai,30,6618367,2719744,50,Yes
P0467,Project_P0467,Delhi,97,26303230,16735387,108,Yes
P0468,Project_P0468,Bengaluru,34,47538335,47689326,81,Yes
P0469,Project_P0469,Delhi,95,34954080,29285072,105,No
P0470,Project_P0470,Delhi,96,48053828,15335490,76,No
P0471,Project_P0471,Hyderabad,97,25337134,26603621,46,Yes
P0472,Project_P0472,Hyderabad,12,26806572,29615120,72,Yes
P0473,Project_P0473,Delhi,99,47991903,54459343,44,No
P0474,Project_P0474,Bengaluru,31,37417920,15713529,53,Yes
P0475,Project_P0475,Delhi,27,27565756,14997088,65,Yes
P0476,Project_P0476,Hyderabad,61,38199686,14240916,65,Yes
P0477,Project_P0477,Delhi,56,5744956,4357269,50,Yes
P0478,Project_P0478,Hyderabad,65,22698715,11655009,107,Yes
P0479,Project_P0479,Bengaluru,67,13903952,11416495,38,Yes
P0480,Project_P0480,Mumbai,35,46340611,29237326,102,Yes
P0481,Project_P0481,Mumbai,92,10587955,3612833,108,No
P0482,Project_P0482,Mumbai,63,43764482,25695107,88,Yes
P0483,Project_P0483,Mumbai,59,30162926,16348906,119,Yes
P0484,Project_P0484,Hyderabad,17,11129471,6190804,87,Yes
P0485,Project_P0485,Mumbai,46,24370263,13309330,60,Yes
P0486,Project_P0486,Mumbai,38,46516243,21775870,31,No
P0487,Project_P0487,Bengaluru,29,29526353,27073528,67,No
P0488,Project_P0488,Bengaluru,85,17176784,11532387,16,No
P0489,Project_P0489,Chennai,49,26223141,10368604,19,Yes
P0490,Project_P0490,Bengaluru,12,22067611,24630423,19,Yes
P0491,Project_P0491,Delhi,93,35255299,14728627,120,Yes
P0492,Project_P0492,Delhi,43,46754746,25223920,26,No
P0493,Project_P0493,Hyderabad,12,47905375,26794014,82,Yes
P0494,Project_P0494,Delhi,46,41160305,27081478,16,No
P0495,Project_P0495,Hyderabad,62,10646842,5663109,26,No
P0496,Project_P0496,Chennai,61,18608223,11736034,104,No
P0497,Project_P0497,Delhi,100,22685191,7561857,70,No
P0498,Project_P0498,Chennai,74,44316348,52025847,80,No
P0499,Project_P0499,Hyderabad,51,31697589,29501245,21,Yes
P0500,Project_P0500,Delhi,35,16253205,4905614,119,Yes
P0501,Project_P0501,Delhi,66,40624011,30070663,10,Yes
P0502,Project_P0502,Delhi,35,15778176,16100986,40,Yes
P0503,Project_P0503,Mumbai,44,44584790,35916683,69,No
P0504,Project_P0504,Delhi,75,31756441,35148254,55,Yes
P0505,Project_P0505,Chennai,14,22727774,10495577,19,Yes
P0506,Project_P0506,Hyderabad,5,22063931,14284682,73,Yes
P0507,Project_P0507,Delhi,36,33831610,36433656,80,Yes
P0508,Project_P0508,Bengaluru,58,18568404,17639312,61,Yes
P0509,Project_P0509,Chennai,12,24327988,11322518,57,Yes
P0510,Project_P0510,Hyderabad,35,25723021,12783963,91,Yes
P0511,Project_P0511,Mumbai,58,34548438,23087036,100,No
P0512,Project_P0512,Bengaluru,36,9309720,5953007,32,Yes
P0513,Project_P0513,Bengaluru,5,27921534,26439657,89,Yes
P0514,Project_P0514,Delhi,32,41910436,44453923,109,Yes
P0515,Project_P0515,Mumbai,79,44963957,34740090,83,No
P0516,Project_P0516,Mumbai,68,27753018,22558350,11,No
P0517,Project_P0517,Delhi,63,19064997,12095987,118,Yes
P0518,Project_P0518,Mumbai,63,47286938,52511241,66,No
P0519,Project_P0519,Mumbai,22,24841187,11031860,27,Yes
P0520,Project_P0520,Hyderabad,7,47539232,21461671,102,Yes
P0521,Project_P0521,Hyderabad,34,24167579,15240873,109,Yes
P0522,Project_P0522,Hyderabad,9,34028875,35212694,116,Yes
P0523,Project_P0523,Hyderabad,40,16463744,14808971,55,Yes
P0524,Project_P0524,Chennai,78,37571888,12522545,36,Yes
P0525,Project_P0525,Hyderabad,43,22060747,15285536,35,Yes
P0526,Project_P0526,Mumbai,7,32722494,20763509,29,Yes
P0527,Project_P0527,Bengaluru,100,10565611,12445692,97,No
P0528,Project_P0528,Hyderabad,11,8373474,4508215,65,Yes
P0529,Project_P0529,Chennai,44,29782634,18479468,28,Yes
P0530,Project_P0530,Chennai,78,34050422,14599919,72,No
P0531,Project_P0531,Chennai,75,26739129,31278815,106,Yes
P0532,Project_P0532,Chennai,84,44371901,20820276,41,No
P0533,Project_P0533,Delhi,80,20637388,9584649,97,Yes
P0534,Project_P0534,Hyderabad,69,30605881,23607301,92,Yes
P0535,Project_P0535,Mumbai,15,25015495,27305534,90,Yes
P0536,Project_P0536,Mumbai,68,26794875,23590133,45,No
P0537,Project_P0537,Bengaluru,54,28396362,9013377,32,Yes
P0538,Project_P0538,Delhi,36,22131942,23566167,97,Yes
P0539,Project_P0539,Mumbai,42,27553222,18621789,25,No
P0540,Project_P0540,Chennai,23,31814475,27983982,56,Yes
P0541,Project_P0541,Delhi,74,12056234,3792683,68,No
P0542,Project_P0542,Bengaluru,25,44249556,47575582,101,No
P0543,Project_P0543,Hyderabad,95,24474327,24098868,118,Yes
P0544,Project_P0544,Chennai,45,36641596,23869232,89,Yes
P0545,Project_P0545,Delhi,25,41969083,31753543,99,Yes
P0546,Project_P0546,Chennai,56,17638279,10972374,29,No
P0547,Project_P0547,Delhi,40,29433811,9820604,23,Yes
P0548,Project_P0548,Mumbai,94,27078874,22168296,61,No
P0549,Project_P0549,Mumbai,54,35055112,12955014,58,Yes
P0550,Project_P0550,Bengaluru,7,7615819,9075837,75,Yes
P0551,Project_P0551,Mumbai,30,6613746,6324531,48,No
P0552,Project_P0552,Chennai,100,32925326,38561488,18,Yes
P0553,Project_P0553,Delhi,72,24765449,11993942,18,Yes
P0554,Project_P0554,Bengaluru,42,19246472,13959693,87,Yes
P0555,Project_P0555,Mumbai,52,23720802,8787464,102,No
P0556,Project_P0556,Bengaluru,41,10740241,12051100,11,Yes
P0557,Project_P0557,Hyderabad,22,25882094,22286128,110,Yes
P0558,Project_P0558,Chennai,63,25944548,24832847,34,No
P0559,Project_P0559,Bengaluru,41,48521841,57201969,67,Yes
P0560,Project_P0560,Delhi,62,19075358,19464960,51,Yes
P0561,Project_P0561,Hyderabad,30,25117993,15853902,16,No
P0562,Project_P0562,Mumbai,26,13132568,12819997,94,No
P0563,Project_P0563,Hyderabad,42,5155397,3340125,98,Yes
P0564,Project_P0564,Delhi,63,31605851,11705907,15,No
P0565,Project_P0565,Chennai,47,19631342,18446490,39,No
P0566,Project_P0566,Chennai,19,8240262,6026468,18,Yes
P0567,Project_P0567,Chennai,80,11042534,8544294,61,Yes
P0568,Project_P0568,Mumbai,93,47026278,55289451,86,No
P0569,Project_P0569,Delhi,61,19761035,20990649,103,Yes
P0570,Project_P0570,Hyderabad,87,14819367,17447687,109,Yes
P0571,Project_P0571,Hyderabad,90,37412110,32827266,40,Yes
P0572,Project_P0572,Chennai,87,16986400,11354355,112,Yes
P0573,Project_P0573,Hyderabad,91,24267008,13839874,11,No
P0574,Project_P0574,Delhi,23,10684701,5571495,26,Yes
P0575,Project_P0575,Mumbai,11,39607856,37157078,106,Yes
P0576,Project_P0576,Chennai,95,5903330,2188158,101,Yes
P0577,Project_P0577,Chennai,73,19522827,18827484,52,No
P0578,Project_P0578,Delhi,15,40780473,42737987,78,Yes
P0579,Project_P0579,Hyderabad,21,9649095,8541459,35,Yes
P0580,Project_P0580,Hyderabad,5,37121547,32137113,91,Yes
P0581,Project_P0581,Hyderabad,18,12775577,14542533,62,Yes
P0582,Project_P0582,Mumbai,94,11458361,11936676,100,Yes
P0583,Project_P0583,Hyderabad,97,34100875,30650386,54,No
P0584,Project_P0584,Hyderabad,98,33179975,18230733,78,Yes
P0585,Project_P0585,Delhi,60,7490940,2585011,20,No
P0586,Project_P0586,Chennai,75,42880714,17023097,34,Yes
P0587,Project_P0587,Delhi,76,46156638,45556770,38,Yes
P0588,Project_P0588,Hyderabad,88,28409553,17806293,108,Yes
P0589,Project_P0589,Chennai,17,12311019,11978096,28,Yes
P0590,Project_P0590,Delhi,55,42688753,42988795,69,No
P0591,Project_P0591,Delhi,79,5961996,5305563,78,Yes
P0592,Project_P0592,Bengaluru,60,39523649,41166535,15,Yes
P0593,Project_P0593,Mumbai,75,15828607,6093145,117,No
P0594,Project_P0594,Bengaluru,27,16391032,18337554,79,Yes
P0595,Project_P0595,Delhi,85,41653348,39770471,20,No
P0596,Project_P0596,Hyderabad,21,30012897,33330387,84,Yes
P0597,Project_P0597,Delhi,60,47851821,37997633,38,No
P0598,Project_P0598,Bengaluru,28,48670892,58160274,57,Yes
P0599,Project_P0599,Mumbai,73,15529771,8735617,73,Yes
P0600,Project_P0600,Bengaluru,72,42541839,37670679,23,Yes
P0601,Project_P0601,Delhi,83,43769938,47010543,37,Yes
P0602,Project_P0602,Bengaluru,98,13844779,15882190,23,No
P0603,Project_P0603,Mumbai,18,17878690,19775367,58,Yes
P0604,Project_P0604,Delhi,99,36037928,39532246,47,No
P0605,Project_P0605,Delhi,15,39112339,24466493,58,Yes
P0606,Project_P0606,Bengaluru,16,24013586,15958494,66,Yes
P0607,Project_P0607,Delhi,79,44981406,21159165,115,Yes
P0608,Project_P0608,Hyderabad,24,27685684,22282373,66,Yes
P0609,Project_P0609,Bengaluru,95,40631087,38201364,62,Yes
P0610,Project_P0610,Hyderabad,43,6057293,3659762,61,Yes
P0611,Project_P0611,Delhi,13,41682662,25516049,119,Yes
P0612,Project_P0612,Chennai,78,38221697,20197541,78,Yes
P0613,Project_P0613,Mumbai,73,27709091,20258652,109,Yes
P0614,Project_P0614,Hyderabad,94,29053049,31660967,16,Yes
P0615,Project_P0615,Bengaluru,23,43775038,33843342,97,Yes
P0616,Project_P0616,Delhi,83,22914969,19587360,33,No
P0617,Project_P0617,Mumbai,70,48920312,42217677,42,Yes
P0618,Project_P0618,Chennai,37,7850071,8255144,29,Yes
P0619,Project_P0619,Chennai,58,42631617,41245553,96,Yes
P0620,Project_P0620,Hyderabad,28,29545514,30914612,67,Yes
P0621,Project_P0621,Bengaluru,80,28475854,14985860,108,No
P0622,Project_P0622,Hyderabad,40,25892746,10683644,21,Yes
P0623,Project_P0623,Delhi,20,25452420,24003361,71,Yes
P0624,Project_P0624,Delhi,38,47485724,39642372,102,Yes
P0625,Project_P0625,Hyderabad,20,28524565,21043935,107,Yes
P0626,Project_P0626,Chennai,98,27913360,11980149,42,No
P0627,Project_P0627,Mumbai,66,27464457,20653630,38,No
P0628,Project_P0628,Delhi,58,6720989,7198429,115,Yes
P0629,Project_P0629,Chennai,70,19561764,20033914,33,Yes
P0630,Project_P0630,Bengaluru,90,22047498,26401254,110,Yes
P0631,Project_P0631,Delhi,98,12256918,4214946,67,No
P0632,Project_P0632,Delhi,9,15985823,15137193,109,Yes
P0633,Project_P0633,Chennai,53,41967024,40414219,86,Yes
P0634,Project_P0634,Delhi,19,23172532,17297683,65,Yes
P0635,Project_P0635,Hyderabad,69,10361577,7749582,113,Yes
P0636,Project_P0636,Chennai,37,25857862,21053751,85,Yes
P0637,Project_P0637,Delhi,91,21097736,19659871,73,No
P0638,Project_P0638,Bengaluru,41,7076270,4528999,77,Yes
P0639,Project_P0639,Hyderabad,6,20556458,24498423,54,Yes
P0640,Project_P0640,Delhi,70,35900440,33475667,26,Yes
P0641,Project_P0641,Hyderabad,16,10464790,8829372,64,Yes
P0642,Project_P0642,Delhi,37,37234993,35361451,22,Yes
P0643,Project_P0643,Chennai,42,30948600,15355828,73,No
P0644,Project_P0644,Mumbai,23,29452157,9153404,95,No
P0645,Project_P0645,Hyderabad,9,16624583,10475687,37,Yes
P0646,Project_P0646,Chennai,80,5462530,6009898,50,Yes
P0647,Project_P0647,Hyderabad,62,41077724,40977836,80,Yes
P0648,Project_P0648,Hyderabad,67,49879440,32016100,48,Yes
P0649,Project_P0649,Chennai,45,43644327,29518990,85,Yes
P0650,Project_P0650,Delhi,50,17262646,6108346,45,Yes
P0651,Project_P0651,Chennai,25,44679829,19749223,119,Yes
P0652,Project_P0652,Chennai,82,13217080,12447074,103,No
P0653,Project_P0653,Bengaluru,12,27394185,26788484,11,Yes
P0654,Project_P0654,Bengaluru,92,5374962,5208569,49,Yes
P0655,Project_P0655,Bengaluru,68,42711515,18381647,47,Yes
P0656,Project_P0656,Delhi,46,24753337,25012343,52,Yes
P0657,Project_P0657,Hyderabad,8,9359430,7232417,98,Yes
P0658,Project_P0658,Chennai,58,10384560,6986609,64,Yes
P0659,Project_P0659,Mumbai,14,6688874,3326163,86,Yes
P0660,Project_P0660,Delhi,98,27402592,23535951,105,No
P0661,Project_P0661,Hyderabad,19,41168887,15118234,89,Yes
P0662,Project_P0662,Mumbai,80,27855137,23239257,113,Yes
P0663,Project_P0663,Hyderabad,97,6123729,4963093,115,Yes
P0664,Project_P0664,Chennai,58,35667185,32608172,76,Yes
P0665,Project_P0665,Chennai,47,39538790,33265750,117,Yes
P0666,Project_P0666,Mumbai,86,33745645,28031054,41,No
P0667,Project_P0667,Mumbai,34,17370709,17935334,75,Yes
P0668,Project_P0668,Hyderabad,53,33817486,16916384,17,No
P0669,Project_P0669,Chennai,69,40828043,19951690,74,Yes
P0670,Project_P0670,Bengaluru,89,17836706,15682911,34,No
P0671,Project_P0671,Delhi,20,23714578,17507065,29,Yes
P0672,Project_P0672,Mumbai,95,39323804,44314456,105,No
P0673,Project_P0673,Bengaluru,70,30552867,23452682,115,Yes
P0674,Project_P0674,Hyderabad,22,42007794,43819038,35,Yes
P0675,Project_P0675,Bengaluru,100,24684262,25712879,17,Yes
P0676,Project_P0676,Bengaluru,79,28050911,23434358,62,Yes
P0677,Project_P0677,Delhi,60,22824640,13749611,40,Yes
P0678,Project_P0678,Hyderabad,21,46195935,47715848,60,Yes
P0679,Project_P0679,Hyderabad,28,26519468,15114491,87,Yes
P0680,Project_P0680,Chennai,42,26093556,27642340,42,Yes
P0681,Project_P0681,Bengaluru,19,41033404,35106268,44,Yes
P0682,Project_P0682,Delhi,52,28529716,8636808,82,No
P0683,Project_P0683,Bengaluru,87,14440287,8013550,48,Yes
P0684,Project_P0684,Hyderabad,15,43396449,49176294,76,Yes
P0685,Project_P0685,Mumbai,81,33100654,19698362,78,Yes
P0686,Project_P0686,Hyderabad,60,27294992,10481292,42,Yes
P0687,Project_P0687,Chennai,52,6817042,2085901,83,Yes
P0688,Project_P0688,Mumbai,90,24732301,26911128,106,No
P0689,Project_P0689,Hyderabad,80,29816355,31535808,47,Yes
P0690,Project_P0690,Chennai,41,12475956,13906975,96,Yes
P0691,Project_P0691,Delhi,60,17874208,17767471,21,Yes
P0692,Project_P0692,Delhi,10,30753750,16049243,39,Yes
P0693,Project_P0693,Hyderabad,74,17300337,17054574,26,Yes
P0694,Project_P0694,Chennai,84,38538041,13124630,19,No
P0695,Project_P0695,Delhi,88,45284147,18508350,82,No
P0696,Project_P0696,Delhi,16,47108881,37715147,76,Yes
P0697,Project_P0697,Mumbai,12,39845208,20249126,94,Yes
P0698,Project_P0698,Bengaluru,45,21986881,12667028,45,Yes
P0699,Project_P0699,Mumbai,14,49316083,24099509,110,Yes
P0700,Project_P0700,Bengaluru,59,38618021,22403314,55,No
P0701,Project_P0701,Delhi,6,40875154,35719926,76,Yes
P0702,Project_P0702,Bengaluru,24,13032716,11063357,72,Yes
P0703,Project_P0703,Bengaluru,36,10626760,8444664,55,Yes
P0704,Project_P0704,Hyderabad,82,30054297,16894684,61,No
P0705,Project_P0705,Chennai,22,12009347,6844333,100,Yes
P0706,Project_P0706,Bengaluru,99,40541434,21960065,49,No
P0707,Project_P0707,Delhi,5,44913336,49332297,85,Yes
P0708,Project_P0708,Mumbai,98,23007076,13569904,97,No
P0709,Project_P0709,Hyderabad,75,25057807,19677595,107,No
P0710,Project_P0710,Bengaluru,15,28995275,11974610,64,Yes
P0711,Project_P0711,Bengaluru,66,41535426,39929715,13,Yes
P0712,Project_P0712,Hyderabad,20,17344820,14908615,12,Yes
P0713,Project_P0713,Bengaluru,17,13750945,5783467,61,Yes
P0714,Project_P0714,Chennai,88,39999656,28522911,86,No
P0715,Project_P0715,Bengaluru,51,48985869,45517469,16,No
P0716,Project_P0716,Delhi,92,9398835,6678834,111,Yes
P0717,Project_P0717,Delhi,60,45173602,18838346,27,Yes
P0718,Project_P0718,Chennai,60,28461922,17691854,42,No
P0719,Project_P0719,Delhi,73,27341347,25216265,20,Yes
P0720,Project_P0720,Delhi,30,42641301,28754860,49,Yes
P0721,Project_P0721,Bengaluru,32,29707821,32800754,104,Yes
P0722,Project_P0722,Mumbai,86,43319016,14069128,32,Yes
P0723,Project_P0723,Hyderabad,98,15814937,10983855,30,Yes
P0724,Project_P0724,Mumbai,33,46452314,50209525,58,Yes
P0725,Project_P0725,Bengaluru,24,38931307,19583477,111,Yes
P0726,Project_P0726,Mumbai,5,48168023,18010275,50,Yes
P0727,Project_P0727,Delhi,100,7156208,2763315,16,No
P0728,Project_P0728,Hyderabad,42,47221057,50719061,67,Yes
P0729,Project_P0729,Mumbai,41,40475435,36237802,106,No
P0730,Project_P0730,Mumbai,25,23216461,8780630,64,Yes
P0731,Project_P0731,Hyderabad,42,20994727,17008328,39,Yes
P0732,Project_P0732,Delhi,64,14749398,7366214,19,Yes
P0733,Project_P0733,Delhi,12,22283167,18242298,22,Yes
P0734,Project_P0734,Chennai,50,34730284,17467106,114,No
P0735,Project_P0735,Hyderabad,10,32781478,37249085,117,Yes
P0736,Project_P0736,Chennai,81,38859377,43119829,60,Yes
P0737,Project_P0737,Hyderabad,87,38506485,17945775,108,No
P0738,Project_P0738,Hyderabad,95,16888131,6655121,102,No
P0739,Project_P0739,Hyderabad,12,35389833,33051131,70,Yes
P0740,Project_P0740,Chennai,75,31464569,21193210,75,Yes
P0741,Project_P0741,Hyderabad,9,46064536,14079434,37,Yes
P0742,Project_P0742,Hyderabad,78,26444405,30864190,67,Yes
P0743,Project_P0743,Chennai,39,35711717,13301828,77,No
P0744,Project_P0744,Chennai,75,42881439,35942183,77,Yes
P0745,Project_P0745,Delhi,43,23630717,23043380,49,No
P0746,Project_P0746,Delhi,33,5928955,3547535,37,Yes
P0747,Project_P0747,Delhi,88,43266903,17784485,12,Yes
P0748,Project_P0748,Bengaluru,5,42409700,34455367,108,Yes
P0749,Project_P0749,Hyderabad,8,29240119,18952937,31,Yes
P0750,Project_P0750,Delhi,37,18772393,13503917,106,Yes
P0751,Project_P0751,Bengaluru,35,48311421,27242217,59,Yes
P0752,Project_P0752,Mumbai,84,24701414,17164447,97,No
P0753,Project_P0753,Hyderabad,6,39703595,16186529,30,Yes
P0754,Project_P0754,Delhi,85,6780844,7841215,69,Yes
P0755,Project_P0755,Mumbai,30,18389403,8006603,50,Yes
P0756,Project_P0756,Hyderabad,64,23173676,11895250,65,Yes
P0757,Project_P0757,Bengaluru,91,31839395,16693573,35,No
P0758,Project_P0758,Chennai,80,8603912,7050762,15,No
P0759,Project_P0759,Hyderabad,33,6394903,6709981,44,Yes
P0760,Project_P0760,Mumbai,51,5685132,4588236,88,No
P0761,Project_P0761,Bengaluru,16,38399497,26539558,25,Yes
P0762,Project_P0762,Chennai,10,14764339,14132699,27,Yes
P0763,Project_P0763,Mumbai,5,25476986,22354534,42,Yes
P0764,Project_P0764,Delhi,98,48949315,15692421,106,Yes
P0765,Project_P0765,Hyderabad,50,31667401,11920129,60,No
P0766,Project_P0766,Hyderabad,89,11326031,6665885,111,Yes
P0767,Project_P0767,Mumbai,36,44811270,20513636,108,Yes
P0768,Project_P0768,Mumbai,14,13132018,5565158,17,Yes
P0769,Project_P0769,Chennai,44,28106045,24758099,89,Yes
P0770,Project_P0770,Chennai,62,24133770,26480967,48,Yes
P0771,Project_P0771,Mumbai,50,19044211,7624031,88,No
P0772,Project_P0772,Hyderabad,86,28326469,24205356,79,Yes
P0773,Project_P0773,Delhi,61,15091673,11330551,73,Yes
P0774,Project_P0774,Bengaluru,43,43065102,25392412,32,Yes
P0775,Project_P0775,Delhi,80,15849847,12582213,23,Yes
P0776,Project_P0776,Mumbai,48,44104061,38074264,90,Yes
P0777,Project_P0777,Bengaluru,70,13438424,14992201,46,No
P0778,Project_P0778,Delhi,100,38047964,43371572,25,No
P0779,Project_P0779,Hyderabad,49,23186064,19606541,37,No
P0780,Project_P0780,Chennai,93,31052604,21370241,73,No
P0781,Project_P0781,Chennai,15,27339518,31007070,120,Yes
P0782,Project_P0782,Chennai,12,44074881,22990818,113,Yes
P0783,Project_P0783,Chennai,40,10813956,4786778,18,Yes
P0784,Project_P0784,Chennai,92,36873295,27845944,57,No
P0785,Project_P0785,Bengaluru,12,8420021,5627186,107,Yes
P0786,Project_P0786,Hyderabad,60,18437254,10347173,99,No
P0787,Project_P0787,Bengaluru,44,9674124,7412059,53,Yes
P0788,Project_P0788,Bengaluru,26,25149522,8390996,22,No
P0789,Project_P0789,Bengaluru,73,17198851,20136747,68,Yes
P0790,Project_P0790,Chennai,25,34033297,30764081,47,Yes
P0791,Project_P0791,Delhi,58,21934582,21818199,69,Yes
P0792,Project_P0792,Hyderabad,18,32249619,21864627,26,Yes
P0793,Project_P0793,Delhi,50,19123179,11522566,13,Yes
P0794,Project_P0794,Mumbai,22,12328392,7482075,36,Yes
P0795,Project_P0795,Mumbai,28,29113103,22849815,12,Yes
P0796,Project_P0796,Chennai,87,26747532,20250784,115,Yes
P0797,Project_P0797,Bengaluru,19,31925599,34480505,106,Yes
P0798,Project_P0798,Hyderabad,8,46899414,19064583,16,Yes
P0799,Project_P0799,Chennai,82,7792993,5258591,88,No
P0800,Project_P0800,Delhi,16,37936393,39501516,68,Yes
P0801,Project_P0801,Chennai,81,6080098,2794603,79,No
P0802,Project_P0802,Bengaluru,28,24776860,28841086,68,Yes
P0803,Project_P0803,Chennai,88,43387066,28711097,20,Yes
P0804,Project_P0804,Hyderabad,77,37085179,11181268,65,Yes
P0805,Project_P0805,Delhi,78,35596353,11258294,45,Yes
P0806,Project_P0806,Chennai,32,19306037,7022365,94,Yes
P0807,Project_P0807,Bengaluru,52,31713169,33240113,12,No
P0808,Project_P0808,Mumbai,96,13072369,10693746,100,No
P0809,Project_P0809,Hyderabad,69,11726376,11426459,33,No
P0810,Project_P0810,Hyderabad,13,5807383,6255105,37,Yes
P0811,Project_P0811,Bengaluru,41,49660174,32966142,65,No
P0812,Project_P0812,Mumbai,11,29510086,33481684,23,Yes
P0813,Project_P0813,Delhi,83,11469505,10205522,57,No
P0814,Project_P0814,Mumbai,72,32212944,13917789,119,Yes
P0815,Project_P0815,Chennai,54,43916672,43254513,21,Yes
P0816,Project_P0816,Chennai,50,11279416,6989223,70,Yes
P0817,Project_P0817,Chennai,39,20333746,15759174,73,Yes
P0818,Project_P0818,Mumbai,82,24891926,21623228,62,Yes
P0819,Project_P0819,Hyderabad,62,21286707,14742268,42,Yes
P0820,Project_P0820,Mumbai,78,6014735,2055429,120,No
P0821,Project_P0821,Delhi,93,47853359,37155782,95,No
P0822,Project_P0822,Hyderabad,47,49011550,17963512,50,Yes
P0823,Project_P0823,Delhi,37,13561045,4210478,19,Yes
P0824,Project_P0824,Chennai,72,47514971,42866662,31,Yes
P0825,Project_P0825,Mumbai,59,7032867,7524984,90,Yes
P0826,Project_P0826,Hyderabad,88,11064779,6881918,50,No
P0827,Project_P0827,Bengaluru,54,39354876,16874090,47,No
P0828,Project_P0828,Delhi,53,25823565,17131938,11,No
P0829,Project_P0829,Hyderabad,42,29734893,29432462,60,Yes
P0830,Project_P0830,Bengaluru,23,23292472,25411963,31,Yes
P0831,Project_P0831,Hyderabad,77,22701939,11616148,17,No
P0832,Project_P0832,Mumbai,13,43322534,38649074,12,Yes
P0833,Project_P0833,Delhi,28,33997918,23005465,100,Yes
P0834,Project_P0834,Mumbai,42,33401929,11790976,93,Yes
P0835,Project_P0835,Mumbai,71,24554759,29164352,58,No
P0836,Project_P0836,Bengaluru,15,27213443,14332315,53,Yes
P0837,Project_P0837,Bengaluru,45,18658152,12191686,71,Yes
P0838,Project_P0838,Mumbai,99,43194855,29355322,26,Yes
P0839,Project_P0839,Chennai,14,20213865,6197114,12,Yes
P0840,Project_P0840,Hyderabad,76,14349654,11293207,47,No
P0841,Project_P0841,Hyderabad,10,18002463,14986778,55,Yes
P0842,Project_P0842,Bengaluru,98,32122688,36309080,79,Yes
P0843,Project_P0843,Mumbai,9,46328138,46311539,80,Yes
P0844,Project_P0844,Chennai,46,30733098,28778497,39,Yes
P0845,Project_P0845,Delhi,95,21961526,17465359,16,No
P0846,Project_P0846,Chennai,79,35155135,16309483,72,Yes
P0847,Project_P0847,Delhi,70,40263697,20885817,73,No
P0848,Project_P0848,Mumbai,10,24013466,9691894,78,Yes
P0849,Project_P0849,Delhi,30,6819320,2126483,88,Yes
P0850,Project_P0850,Chennai,96,34464506,36170962,41,Yes
P0851,Project_P0851,Mumbai,19,29714598,17955094,67,Yes
P0852,Project_P0852,Hyderabad,87,20797158,12053084,37,No
P0853,Project_P0853,Mumbai,59,9747699,4736802,35,Yes
P0854,Project_P0854,Hyderabad,92,6668950,2358665,70,No
P0855,Project_P0855,Delhi,42,9469705,9224017,24,Yes
P0856,Project_P0856,Chennai,13,35704802,14995471,81,Yes
P0857,Project_P0857,Hyderabad,30,18054752,20049380,35,Yes
P0858,Project_P0858,Hyderabad,37,16299110,5869290,53,No
P0859,Project_P0859,Bengaluru,76,12536467,5370792,21,No
P0860,Project_P0860,Delhi,100,33864630,20127497,25,No
P0861,Project_P0861,Delhi,75,22295903,24765664,15,No
P0862,Project_P0862,Chennai,22,47344942,27947276,56,Yes
P0863,Project_P0863,Hyderabad,79,16862329,9227124,69,No
P0864,Project_P0864,Mumbai,17,12266588,12489524,87,Yes
P0865,Project_P0865,Chennai,9,10327164,11404235,11,Yes
P0866,Project_P0866,Delhi,21,28049935,33172270,87,Yes
P0867,Project_P0867,Hyderabad,97,12701885,14880120,33,Yes
P0868,Project_P0868,Delhi,100,45548121,43543662,48,Yes
P0869,Project_P0869,Hyderabad,34,48208977,26684131,70,No
P0870,Project_P0870,Chennai,63,31836287,18766693,37,Yes
P0871,Project_P0871,Bengaluru,56,45097434,28907681,54,No
P0872,Project_P0872,Bengaluru,16,49599680,56333282,43,Yes
P0873,Project_P0873,Hyderabad,15,15896266,7336162,32,Yes
P0874,Project_P0874,Chennai,15,22985604,24571965,19,Yes
P0875,Project_P0875,Bengaluru,39,47740881,56341431,94,Yes
P0876,Project_P0876,Hyderabad,19,36502542,37681988,109,Yes
P0877,Project_P0877,Delhi,86,17905016,16840014,10,Yes
P0878,Project_P0878,Bengaluru,63,40845066,43004873,68,No
P0879,Project_P0879,Hyderabad,49,29666003,20350269,18,No
P0880,Project_P0880,Chennai,72,20609637,20155205,116,Yes
P0881,Project_P0881,Bengaluru,9,31450329,14614585,67,Yes
P0882,Project_P0882,Hyderabad,30,42070745,15224972,31,Yes
P0883,Project_P0883,Delhi,72,20633910,22598013,36,No
P0884,Project_P0884,Mumbai,100,37571797,25499661,91,No
P0885,Project_P0885,Mumbai,10,26037534,9956799,57,Yes
P0886,Project_P0886,Mumbai,79,14236027,11308828,44,Yes
P0887,Project_P0887,Delhi,13,49901182,26301866,65,Yes
P0888,Project_P0888,Hyderabad,78,11725887,5109133,111,Yes
P0889,Project_P0889,Bengaluru,22,30775168,35946962,75,Yes
P0890,Project_P0890,Bengaluru,56,31105694,31926977,77,Yes
P0891,Project_P0891,Delhi,62,30936234,19551834,53,No
P0892,Project_P0892,Delhi,23,9959179,10602069,49,Yes
P0893,Project_P0893,Hyderabad,37,18260669,5800593,89,Yes
P0894,Project_P0894,Delhi,25,37540639,39055573,83,Yes
P0895,Project_P0895,Bengaluru,70,22962081,25941017,64,No
P0896,Project_P0896,Delhi,22,21208402,19080575,103,Yes
P0897,Project_P0897,Delhi,25,42723654,16064304,38,Yes
P0898,Project_P0898,Delhi,9,36620643,23447269,117,Yes
P0899,Project_P0899,Delhi,9,22023655,18513787,58,Yes
P0900,Project_P0900,Bengaluru,17,22686797,9914718,58,Yes
P0901,Project_P0901,Hyderabad,40,7533141,7155470,116,Yes
P0902,Project_P0902,Hyderabad,43,13864654,5914439,56,Yes
P0903,Project_P0903,Bengaluru,94,8694697,3661666,105,Yes
P0904,Project_P0904,Hyderabad,62,38405885,39460990,86,Yes
P0905,Project_P0905,Bengaluru,59,38670027,26830039,40,Yes
P0906,Project_P0906,Chennai,88,12227119,9389776,93,Yes
P0907,Project_P0907,Mumbai,16,12014535,5062072,14,Yes
P0908,Project_P0908,Mumbai,55,24265892,27525722,50,No
P0909,Project_P0909,Chennai,92,47178966,47204048,48,No
P0910,Project_P0910,Chennai,57,44014410,43287553,56,No
P0911,Project_P0911,Chennai,30,23007401,20849973,97,Yes
P0912,Project_P0912,Chennai,39,42738408,21260001,10,Yes
P0913,Project_P0913,Mumbai,87,42968220,48550794,51,No
P0914,Project_P0914,Bengaluru,45,42254972,23763336,62,Yes
P0915,Project_P0915,Mumbai,14,34917057,16034377,97,Yes
P0916,Project_P0916,Bengaluru,55,13268500,15914056,21,Yes
P0917,Project_P0917,Chennai,42,26659069,13812982,43,Yes
P0918,Project_P0918,Bengaluru,90,11843778,13097149,110,No
P0919,Project_P0919,Bengaluru,46,7718881,6798849,52,Yes
P0920,Project_P0920,Hyderabad,86,16289915,18088127,16,No
P0921,Project_P0921,Mumbai,49,37277470,23377488,70,No
P0922,Project_P0922,Bengaluru,29,16908061,18716567,119,Yes
P0923,Project_P0923,Hyderabad,64,27752647,16077692,61,Yes
P0924,Project_P0924,Bengaluru,76,49413707,30742408,103,Yes
P0925,Project_P0925,Mumbai,74,18372134,14464972,33,No
P0926,Project_P0926,Delhi,47,37893265,25395651,66,Yes
P0927,Project_P0927,Mumbai,53,36202546,29749104,30,No
P0928,Project_P0928,Hyderabad,79,21412243,20410202,16,No
P0929,Project_P0929,Mumbai,74,18000916,5707091,33,Yes
P0930,Project_P0930,Mumbai,75,12294055,11755118,98,No
P0931,Project_P0931,Hyderabad,56,36131203,17455458,105,Yes
P0932,Project_P0932,Chennai,16,43584573,43931048,58,Yes
P0933,Project_P0933,Bengaluru,87,25841578,18833770,19,Yes
P0934,Project_P0934,Mumbai,45,25299511,10823296,22,Yes
P0935,Project_P0935,Hyderabad,71,12898692,5473877,12,No
P0936,Project_P0936,Bengaluru,6,45575417,51634147,86,Yes
P0937,Project_P0937,Bengaluru,23,35275815,32016314,82,Yes
P0938,Project_P0938,Chennai,95,42457425,22034686,30,Yes
P0939,Project_P0939,Hyderabad,97,18192828,7942954,104,Yes
P0940,Project_P0940,Delhi,50,11546666,5479347,110,Yes
P0941,Project_P0941,Chennai,41,22344239,14105616,14,No
P0942,Project_P0942,Mumbai,62,27854674,10321443,111,Yes
P0943,Project_P0943,Bengaluru,86,49847409,45715558,28,Yes
P0944,Project_P0944,Hyderabad,49,27988447,15553735,76,Yes
P0945,Project_P0945,Bengaluru,31,35784498,34971872,93,Yes
P0946,Project_P0946,Chennai,48,7755358,8383841,109,Yes
P0947,Project_P0947,Delhi,89,9833276,9741186,63,No
P0948,Project_P0948,Mumbai,35,29886387,20936402,15,Yes
P0949,Project_P0949,Bengaluru,100,32820687,10401711,30,No
P0950,Project_P0950,Chennai,71,31814660,19602896,56,Yes
P0951,Project_P0951,Bengaluru,43,46204390,38403975,36,Yes
P0952,Project_P0952,Chennai,29,46069058,54418637,45,Yes
P0953,Project_P0953,Hyderabad,51,21561410,21731816,63,No
P0954,Project_P0954,Delhi,37,16055373,6178163,70,Yes
P0955,Project_P0955,Chennai,49,44072660,23140841,60,Yes
P0956,Project_P0956,Bengaluru,97,11175247,13366085,119,No
P0957,Project_P0957,Mumbai,53,47242199,21119259,16,Yes
P0958,Project_P0958,Chennai,97,7517304,4600107,41,No
P0959,Project_P0959,Delhi,38,6095822,6972374,50,No
P0960,Project_P0960,Chennai,26,34115961,25025583,10,Yes
P0961,Project_P0961,Chennai,56,31697961,29426067,59,No
P0962,Project_P0962,Mumbai,95,29587201,31162519,48,No
P0963,Project_P0963,Bengaluru,17,36780147,18729349,81,Yes
P0964,Project_P0964,Mumbai,20,42746199,16083733,75,Yes
P0965,Project_P0965,Chennai,62,28201163,13887659,100,No
P0966,Project_P0966,Mumbai,63,21635927,25947213,34,Yes
P0967,Project_P0967,Bengaluru,83,27781666,30458882,51,Yes
P0968,Project_P0968,Hyderabad,41,12105187,8000062,107,Yes
P0969,Project_P0969,Hyderabad,64,12937749,8005191,91,Yes
P0970,Project_P0970,Bengaluru,56,20457377,11299553,29,No
P0971,Project_P0971,Mumbai,66,26691147,22070531,78,No
P0972,Project_P0972,Chennai,28,10643707,7918576,113,Yes
P0973,Project_P0973,Mumbai,99,35446595,39470696,36,Yes
P0974,Project_P0974,Bengaluru,56,44207338,16726778,69,Yes
P0975,Project_P0975,Bengaluru,37,5473482,5505986,18,Yes
P0976,Project_P0976,Chennai,52,38278759,25361301,66,No
P0977,Project_P0977,Hyderabad,85,6084348,5840748,79,No
P0978,Project_P0978,Mumbai,40,13817490,12228122,86,Yes
P0979,Project_P0979,Bengaluru,5,10719548,3958905,32,Yes
P0980,Project_P0980,Hyderabad,30,44813282,49719426,78,Yes
P0981,Project_P0981,Delhi,7,20651674,10895334,41,Yes
P0982,Project_P0982,Hyderabad,64,14732268,5258286,73,No
P0983,Project_P0983,Mumbai,37,38642383,28009820,12,Yes
P0984,Project_P0984,Bengaluru,27,48096369,38017459,69,Yes
P0985,Project_P0985,Chennai,27,20862886,11411117,36,Yes
P0986,Project_P0986,Delhi,64,19652115,10336171,18,Yes
P0987,Project_P0987,Bengaluru,10,24966133,18058400,43,Yes
P0988,Project_P0988,Delhi,78,14847771,7007432,96,Yes
P0989,Project_P0989,Mumbai,12,29148601,14687131,100,Yes
P0990,Project_P0990,Chennai,36,24415130,8727990,53,Yes
P0991,Project_P0991,Hyderabad,45,25036825,20987005,86,Yes
P0992,Project_P0992,Bengaluru,83,31760585,30328773,22,No
P0993,Project_P0993,Hyderabad,90,7719870,2641127,59,Yes
P0994,Project_P0994,Hyderabad,33,41637180,46025408,30,Yes
P0995,Project_P0995,Mumbai,20,32501183,15298221,91,Yes
P0996,Project_P0996,Chennai,82,12509493,10650196,44,No
P0997,Project_P0997,Chennai,14,44752517,40070102,26,Yes
P0998,Project_P0998,Mumbai,41,17416368,18645788,32,No
P0999,Project_P0999,Mumbai,18,21734784,11834555,85,Yes
P1000,Project_P1000,Delhi,40,20280539,12031611,91,Yes
