Project_ID,Workers,Engineers,Cranes,Excavators,Cement,Steel,Bricks,Shortage
P0001,109,11,8,4,Low,Low,Available,Yes
P0002,105,13,8,5,Low,Available,Available,Yes
P0003,76,12,7,4,Low,Low,Low,Yes
P0004,73,2,4,3,Available,Low,Available,No
P0005,37,12,8,2,Low,Low,Available,Yes
P0006,89,10,6,4,Low,Available,Available,No
P0007,76,12,8,1,Low,Available,Low,Yes
P0008,53,2,2,4,Available,Low,Low,Yes
P0009,102,5,1,3,Low,Available,Available,Yes
P0010,114,5,1,3,Available,Low,Available,Yes
P0011,94,2,8,6,Low,Available,Available,No
P0012,114,4,2,2,Low,Low,Low,Yes
P0013,117,13,5,6,Available,Available,Low,No
P0014,79,11,4,1,Available,Available,Low,No
P0015,34,13,4,4,Available,Available,Low,No
P0016,113,3,2,6,Low,Low,Low,No
P0017,50,15,2,1,Low,Available,Low,No
P0018,32,3,5,1,Available,Low,Available,Yes
P0019,52,14,5,5,Available,Low,Low,Yes
P0020,119,8,2,6,Low,Low,Available,No
P0021,108,10,2,6,Low,Low,Low,Yes
P0022,42,2,8,1,Low,Available,Available,No
P0023,74,2,2,1,Available,Low,Available,No
P0024,80,10,7,4,Available,Low,Available,Yes
P0025,115,7,2,1,Available,Available,Available,Yes
P0026,25,4,2,4,Low,Low,Low,No
P0027,42,3,4,2,Available,Available,Low,Yes
P0028,14,7,4,2,Low,Available,Low,Yes
P0029,63,13,6,4,Low,Low,Low,No
P0030,64,5,1,1,Available,Low,Low,No
P0031,40,4,6,5,Low,Available,Available,Yes
P0032,103,8,4,6,Low,Low,Available,No
P0033,55,14,7,1,Available,Low,Low,Yes
P0034,91,2,7,5,Available,Low,Available,No
P0035,100,11,8,5,Available,Available,Available,No
P0036,107,14,5,2,Low,Low,Low,Yes
P0037,116,9,2,3,Available,Low,Low,Yes
P0038,110,12,4,4,Low,Available,Low,No
P0039,118,3,5,3,Low,Available,Available,Yes
P0040,115,5,7,1,Available,Low,Available,Yes
P0041,68,15,6,1,Available,Low,Low,No
P0042,59,13,2,5,Available,Low,Available,No
P0043,41,8,8,4,Available,Available,Low,Yes
P0044,107,12,5,5,Low,Available,Low,Yes
P0045,30,5,3,5,Low,Available,Low,Yes
P0046,115,12,2,2,Available,Low,Low,Yes
P0047,61,14,2,6,Low,Available,Low,Yes
P0048,16,13,4,4,Available,Low,Available,No
P0049,72,4,5,2,Available,Low,Low,Yes
P0050,30,13,7,6,Low,Available,Available,No
P0051,23,14,6,4,Available,Available,Low,Yes
P0052,81,6,1,4,Available,Low,Low,Yes
P0053,92,8,3,1,Low,Available,Low,Yes
P0054,97,6,2,6,Available,Available,Available,Yes
P0055,86,4,7,1,Low,Available,Available,No
P0056,97,5,2,4,Low,Low,Low,Yes
P0057,27,12,5,3,Low,Low,Low,Yes
P0058,90,7,1,4,Available,Low,Available,Yes
P0059,81,5,1,2,Available,Available,Low,No
P0060,11,2,7,2,Available,Low,Available,Yes
P0061,31,2,7,1,Available,Low,Low,No
P0062,95,15,5,5,Low,Available,Low,Yes
P0063,120,14,5,3,Available,Available,Low,Yes
P0064,67,13,8,5,Available,Low,Available,Yes
P0065,105,4,2,4,Available,Low,Low,No
P0066,33,6,8,5,Low,Available,Available,No
P0067,100,13,5,2,Available,Low,Available,No
P0068,106,3,6,2,Available,Low,Available,Yes
P0069,84,5,1,4,Available,Available,Low,Yes
P0070,64,13,3,2,Available,Available,Available,Yes
P0071,62,12,1,5,Low,Low,Low,No
P0072,86,11,5,2,Low,Available,Low,No
P0073,19,9,8,3,Low,Available,Low,No
P0074,47,9,8,1,Available,Available,Low,No
P0075,18,14,3,5,Available,Available,Available,Yes
P0076,114,9,1,1,Low,Available,Low,Yes
P0077,52,7,5,1,Low,Available,Low,Yes
P0078,12,14,1,4,Low,Low,Low,Yes
P0079,14,3,3,2,Available,Available,Available,No
P0080,80,9,4,1,Low,Available,Available,No
P0081,30,9,3,1,Low,Available,Low,No
P0082,25,15,8,2,Low,Low,Low,No
P0083,20,13,5,4,Available,Available,Low,Yes
P0084,22,3,4,6,Available,Available,Low,No
P0085,109,2,8,5,Low,Available,Available,No
P0086,45,14,2,1,Available,Low,Available,No
P0087,43,7,1,6,Low,Available,Low,Yes
P0088,45,7,5,2,Low,Low,Available,Yes
P0089,96,4,8,5,Available,Low,Low,Yes
P0090,29,2,5,2,Available,Low,Low,Yes
P0091,104,3,6,6,Low,Low,Low,No
P0092,117,15,5,5,Low,Low,Available,Yes
P0093,38,14,3,4,Low,Low,Available,Yes
P0094,20,3,6,1,Available,Available,Low,No
P0095,10,8,8,1,Available,Available,Low,Yes
P0096,92,13,3,1,Available,Available,Low,Yes
P0097,83,5,7,2,Low,Low,Low,Yes
P0098,83,10,6,5,Low,Available,Available,Yes
P0099,10,15,8,3,Low,Available,Available,No
P0100,73,13,3,5,Low,Available,Available,Yes
P0101,11,2,8,4,Available,Available,Low,No
P0102,63,12,6,1,Available,Low,Available,No
P0103,98,9,6,1,Available,Low,Available,No
P0104,119,2,6,4,Available,Available,Available,No
P0105,63,13,6,2,Low,Low,Available,Yes
P0106,40,9,2,1,Low,Available,Low,Yes
P0107,29,7,7,5,Low,Low,Available,No
P0108,27,15,1,6,Low,Low,Low,No
P0109,33,3,7,6,Low,Available,Low,Yes
P0110,97,4,4,1,Available,Available,Available,Yes
P0111,48,14,5,2,Low,Available,Low,No
P0112,117,3,8,2,Available,Low,Low,Yes
P0113,73,6,2,5,Low,Available,Available,Yes
P0114,27,15,5,6,Available,Available,Available,Yes
P0115,119,8,6,5,Low,Low,Available,No
P0116,48,11,7,4,Available,Low,Low,Yes
P0117,41,9,8,3,Available,Available,Low,No
P0118,114,12,6,6,Available,Available,Low,Yes
P0119,102,4,4,5,Available,Available,Available,No
P0120,27,14,4,5,Available,Available,Available,Yes
P0121,25,7,4,3,Low,Available,Available,Yes
P0122,82,15,4,6,Available,Available,Low,No
P0123,85,10,6,1,Available,Available,Available,No
P0124,14,2,4,4,Low,Low,Available,No
P0125,118,5,4,6,Available,Available,Low,No
P0126,25,5,7,6,Available,Low,Low,Yes
P0127,91,4,4,1,Low,Available,Available,Yes
P0128,90,15,2,2,Available,Low,Low,No
P0129,49,6,3,6,Low,Available,Available,No
P0130,14,14,3,1,Low,Available,Available,Yes
P0131,48,9,5,4,Low,Available,Available,Yes
P0132,34,2,8,6,Low,Low,Low,Yes
P0133,70,15,3,2,Low,Available,Available,Yes
P0134,113,4,6,2,Low,Low,Available,No
P0135,73,6,7,1,Available,Available,Available,Yes
P0136,10,3,5,6,Available,Available,Available,No
P0137,38,13,6,1,Low,Available,Low,Yes
P0138,16,7,6,6,Available,Low,Low,Yes
P0139,56,6,1,5,Low,Low,Available,No
P0140,89,2,6,5,Low,Available,Available,Yes
P0141,106,4,4,5,Available,Available,Low,Yes
P0142,27,10,1,2,Available,Low,Available,No
P0143,41,11,2,6,Available,Available,Low,No
P0144,19,10,4,3,Available,Available,Available,No
P0145,98,15,4,3,Low,Available,Low,Yes
P0146,105,14,8,4,Low,Low,Low,Yes
P0147,68,4,7,1,Low,Low,Available,Yes
P0148,61,13,3,6,Available,Low,Low,Yes
P0149,113,11,4,3,Low,Available,Low,No
P0150,113,2,2,3,Available,Available,Available,Yes
P0151,78,6,5,4,Low,Low,Low,Yes
P0152,23,8,1,1,Low,Low,Available,Yes
P0153,92,15,3,1,Available,Low,Low,No
P0154,10,7,4,6,Low,Available,Available,Yes
P0155,52,2,8,5,Low,Available,Low,Yes
P0156,39,12,5,1,Available,Low,Low,Yes
P0157,74,6,8,1,Available,Low,Low,Yes
P0158,37,10,6,6,Low,Available,Available,No
P0159,103,5,2,1,Available,Low,Low,Yes
P0160,14,2,7,3,Low,Available,Available,Yes
P0161,38,14,3,6,Low,Low,Available,No
P0162,21,14,7,6,Low,Low,Available,Yes
P0163,85,4,8,1,Available,Low,Available,No
P0164,89,12,6,5,Available,Available,Available,Yes
P0165,65,13,5,2,Available,Low,Available,Yes
P0166,54,11,1,3,Low,Available,Low,Yes
P0167,96,12,8,3,Low,Low,Available,Yes
P0168,57,10,1,5,Available,Available,Low,Yes
P0169,101,14,2,4,Available,Available,Low,Yes
P0170,30,2,1,1,Low,Available,Available,No
P0171,111,10,1,3,Low,Available,Low,Yes
P0172,37,11,7,2,Low,Low,Available,Yes
P0173,26,5,7,3,Available,Low,Available,Yes
P0174,87,3,8,5,Low,Low,Available,Yes
P0175,51,14,5,6,Available,Low,Available,No
P0176,109,12,4,5,Available,Available,Available,No
P0177,98,5,2,1,Low,Low,Low,Yes
P0178,30,2,5,5,Available,Low,Low,Yes
P0179,78,15,2,1,Available,Available,Available,No
P0180,51,6,5,1,Available,Low,Available,Yes
P0181,56,12,3,4,Available,Available,Available,Yes
P0182,18,12,4,2,Low,Low,Low,No
P0183,20,5,1,6,Low,Low,Available,No
P0184,15,14,6,3,Low,Low,Available,Yes
P0185,93,5,1,3,Available,Available,Low,No
P0186,34,4,1,4,Available,Available,Available,Yes
P0187,19,4,6,3,Available,Available,Low,Yes
P0188,81,11,3,4,Available,Low,Available,No
P0189,90,15,3,1,Available,Available,Low,Yes
P0190,73,3,5,2,Available,Available,Available,Yes
P0191,41,2,6,3,Low,Available,Low,No
P0192,77,7,3,5,Low,Available,Low,Yes
P0193,34,4,6,4,Low,Low,Low,Yes
P0194,107,2,6,1,Available,Low,Low,No
P0195,91,3,3,1,Available,Low,Available,Yes
P0196,49,10,1,1,Low,Low,Low,Yes
P0197,19,14,1,4,Low,Low,Available,No
P0198,104,14,3,1,Low,Available,Available,Yes
P0199,82,5,4,3,Low,Low,Low,No
P0200,20,5,4,5,Low,Low,Low,No
P0201,71,15,1,4,Low,Low,Low,No
P0202,53,12,1,6,Available,Available,Available,No
P0203,107,6,4,1,Low,Low,Low,No
P0204,24,5,8,3,Low,Low,Available,No
P0205,58,12,6,2,Low,Low,Low,Yes
P0206,82,12,8,1,Low,Low,Low,No
P0207,120,14,3,5,Available,Low,Low,Yes
P0208,102,4,7,1,Available,Available,Available,Yes
P0209,58,10,1,5,Low,Available,Available,Yes
P0210,48,8,7,4,Low,Available,Available,No
P0211,107,3,6,5,Low,Available,Available,Yes
P0212,78,5,5,3,Low,Low,Available,No
P0213,85,5,6,1,Available,Available,Available,Yes
P0214,35,13,3,2,Available,Available,Low,No
P0215,33,9,2,1,Low,Low,Low,No
P0216,28,6,6,2,Low,Low,Low,No
P0217,43,8,5,5,Low,Low,Available,Yes
P0218,12,6,8,2,Available,Low,Available,Yes
P0219,62,5,7,2,Low,Available,Available,No
P0220,40,11,5,6,Available,Available,Available,Yes
P0221,26,10,6,1,Low,Low,Low,No
P0222,101,6,1,1,Low,Available,Available,No
P0223,71,5,4,6,Available,Low,Low,Yes
P0224,105,10,5,6,Low,Low,Available,Yes
P0225,18,14,6,2,Low,Available,Available,No
P0226,74,6,8,5,Available,Low,Low,No
P0227,101,14,3,2,Low,Low,Low,Yes
P0228,25,9,7,4,Low,Low,Available,Yes
P0229,120,2,3,2,Low,Low,Available,Yes
P0230,41,6,8,3,Available,Low,Low,No
P0231,118,4,5,4,Available,Low,Available,Yes
P0232,22,9,5,5,Available,Low,Low,Yes
P0233,83,14,4,4,Available,Low,Available,Yes
P0234,54,9,3,3,Low,Available,Low,No
P0235,29,10,4,3,Low,Available,Low,Yes
P0236,29,11,3,6,Low,Available,Low,Yes
P0237,24,14,5,5,Low,Available,Low,Yes
P0238,33,9,1,4,Available,Low,Available,No
P0239,38,5,2,5,Available,Low,Available,Yes
P0240,79,3,1,4,Low,Low,Low,No
P0241,19,13,6,3,Low,Low,Available,No
P0242,112,4,2,2,Available,Low,Available,No
P0243,77,5,3,6,Low,Low,Low,Yes
P0244,72,8,8,3,Low,Low,Low,No
P0245,101,9,6,3,Available,Low,Available,Yes
P0246,78,12,8,1,Available,Available,Available,Yes
P0247,98,15,3,6,Low,Low,Low,No
P0248,45,12,4,4,Available,Low,Low,Yes
P0249,21,3,2,5,Low,Available,Low,No
P0250,33,12,1,4,Low,Low,Low,No
P0251,113,10,4,5,Available,Low,Available,No
P0252,62,7,2,6,Low,Available,Low,No
P0253,65,15,4,5,Available,Available,Available,Yes
P0254,70,14,6,4,Low,Available,Available,No
P0255,28,2,2,4,Available,Low,Available,No
P0256,20,7,8,1,Available,Low,Low,No
P0257,83,5,5,6,Available,Available,Available,No
P0258,80,14,8,2,Available,Available,Low,Yes
P0259,81,6,2,1,Low,Available,Low,Yes
P0260,49,4,8,6,Available,Available,Low,No
P0261,72,13,5,5,Available,Low,Available,Yes
P0262,49,6,3,2,Low,Available,Available,No
P0263,64,5,8,2,Low,Low,Low,No
P0264,42,13,4,4,Low,Available,Low,No
P0265,106,15,7,3,Low,Low,Low,Yes
P0266,54,10,1,1,Available,Low,Low,No
P0267,111,8,2,3,Available,Low,Available,Yes
P0268,118,13,4,1,Available,Available,Low,No
P0269,66,5,3,6,Low,Low,Low,Yes
P0270,119,3,8,4,Low,Available,Available,No
P0271,81,5,2,4,Available,Available,Available,No
P0272,35,6,7,3,Available,Low,Low,Yes
P0273,120,12,7,1,Available,Low,Available,No
P0274,120,5,7,1,Available,Available,Low,No
P0275,70,5,6,1,Low,Available,Low,No
P0276,67,12,5,1,Available,Low,Low,No
P0277,28,6,4,3,Low,Available,Low,No
P0278,96,8,7,5,Low,Available,Low,Yes
P0279,66,6,5,3,Available,Available,Available,Yes
P0280,108,15,7,1,Available,Available,Low,Yes
P0281,36,4,3,3,Available,Available,Available,No
P0282,100,4,3,1,Low,Low,Low,No
P0283,25,12,3,4,Low,Low,Low,No
P0284,57,6,6,4,Low,Low,Available,Yes
P0285,22,10,3,6,Low,Low,Low,Yes
P0286,81,10,2,2,Low,Available,Low,Yes
P0287,13,15,3,3,Low,Low,Available,Yes
P0288,112,15,6,2,Low,Available,Available,No
P0289,47,10,8,6,Low,Available,Available,Yes
P0290,48,3,1,2,Available,Available,Low,Yes
P0291,56,15,4,2,Low,Available,Low,No
P0292,73,3,3,6,Low,Available,Available,No
P0293,64,15,6,6,Available,Available,Available,Yes
P0294,33,11,8,3,Low,Available,Low,Yes
P0295,35,8,1,3,Low,Low,Available,No
P0296,92,2,5,4,Low,Low,Available,No
P0297,39,13,4,2,Available,Low,Low,Yes
P0298,51,6,3,5,Available,Low,Available,Yes
P0299,114,14,7,2,Available,Available,Low,No
P0300,23,4,6,4,Available,Available,Available,Yes
P0301,99,14,1,6,Available,Available,Low,No
P0302,87,15,6,5,Low,Available,Low,No
P0303,65,11,8,3,Available,Available,Low,Yes
P0304,111,6,6,6,Available,Available,Available,Yes
P0305,91,15,3,6,Available,Available,Available,Yes
P0306,85,4,7,1,Low,Available,Low,Yes
P0307,105,3,1,2,Low,Available,Low,No
P0308,41,12,2,5,Available,Available,Available,No
P0309,76,9,7,4,Low,Low,Low,Yes
P0310,114,11,2,5,Available,Available,Low,No
P0311,10,9,8,6,Low,Available,Low,No
P0312,49,2,5,3,Available,Low,Low,No
P0313,16,4,2,5,Low,Available,Available,No
P0314,105,13,7,2,Low,Available,Low,Yes
P0315,10,12,2,2,Low,Low,Low,Yes
P0316,74,8,6,5,Available,Low,Available,No
P0317,68,8,6,6,Available,Available,Available,Yes
P0318,74,6,7,6,Available,Available,Low,Yes
P0319,89,3,8,6,Low,Available,Available,Yes
P0320,94,15,8,5,Low,Available,Available,No
P0321,14,14,3,2,Available,Low,Available,No
P0322,51,9,7,4,Available,Low,Low,Yes
P0323,57,12,6,6,Available,Available,Low,Yes
P0324,64,12,5,4,Available,Low,Low,Yes
P0325,101,4,7,1,Low,Available,Available,No
P0326,62,4,2,4,Low,Available,Low,Yes
P0327,62,3,7,5,Low,Low,Available,No
P0328,71,3,8,4,Available,Available,Low,Yes
P0329,38,15,3,4,Available,Available,Available,Yes
P0330,21,8,5,4,Available,Available,Available,Yes
P0331,19,10,6,1,Available,Low,Low,Yes
P0332,63,12,8,3,Available,Low,Available,Yes
P0333,14,9,5,6,Low,Available,Available,No
P0334,62,5,8,4,Low,Low,Available,No
P0335,85,14,1,4,Low,Available,Low,Yes
P0336,25,6,6,2,Available,Low,Low,Yes
P0337,30,14,3,4,Available,Low,Available,No
P0338,46,10,4,1,Available,Available,Available,Yes
P0339,19,13,8,5,Available,Low,Available,Yes
P0340,102,8,8,4,Available,Low,Available,Yes
P0341,94,13,5,4,Low,Low,Available,Yes
P0342,14,11,3,1,Available,Low,Available,No
P0343,73,12,3,5,Low,Low,Low,No
P0344,24,12,8,1,Available,Available,Low,No
P0345,11,15,7,6,Available,Low,Available,Yes
P0346,33,3,5,3,Available,Available,Low,Yes
P0347,119,8,3,3,Available,Low,Low,No
P0348,116,4,2,4,Available,Low,Available,No
P0349,62,9,8,1,Low,Available,Available,No
P0350,40,4,6,1,Available,Available,Low,Yes
P0351,28,14,1,3,Available,Available,Low,Yes
P0352,109,13,1,2,Available,Low,Available,Yes
P0353,68,15,2,2,Low,Low,Low,No
P0354,116,2,4,4,Low,Low,Available,No
P0355,32,8,2,3,Available,Low,Low,No
P0356,37,12,4,2,Available,Available,Available,Yes
P0357,116,9,5,3,Available,Low,Available,No
P0358,61,15,4,4,Low,Available,Available,No
P0359,60,12,2,4,Low,Low,Low,No
P0360,36,7,7,5,Available,Low,Low,Yes
P0361,30,8,5,6,Low,Available,Available,No
P0362,93,6,8,4,Low,Low,Available,No
P0363,83,9,7,6,Low,Low,Available,No
P0364,71,4,3,6,Available,Low,Available,No
P0365,52,2,7,2,Available,Available,Available,Yes
P0366,70,7,1,2,Available,Available,Available,Yes
P0367,55,8,1,3,Low,Available,Low,Yes
P0368,55,10,3,5,Low,Low,Available,Yes
P0369,94,10,5,3,Available,Low,Available,No
P0370,10,2,3,4,Low,Available,Available,No
P0371,77,4,8,1,Low,Available,Available,No
P0372,21,13,5,6,Low,Available,Available,Yes
P0373,58,5,5,2,Available,Low,Available,No
P0374,109,14,7,5,Low,Low,Low,No
P0375,88,7,6,2,Low,Available,Available,No
P0376,114,8,7,4,Available,Available,Low,Yes
P0377,85,10,6,1,Low,Available,Low,Yes
P0378,92,8,5,3,Low,Low,Low,Yes
P0379,44,2,8,1,Low,Available,Low,Yes
P0380,66,10,5,5,Low,Low,Low,Yes
P0381,14,11,8,6,Low,Available,Available,Yes
P0382,57,4,2,3,Available,Available,Low,No
P0383,55,6,3,3,Low,Low,Low,No
P0384,108,13,6,1,Low,Available,Available,Yes
P0385,72,13,2,1,Low,Available,Available,No
P0386,36,6,3,2,Available,Available,Available,Yes
P0387,87,12,4,4,Low,Available,Available,Yes
P0388,104,10,4,4,Low,Low,Low,Yes
P0389,22,3,5,2,Low,Available,Available,Yes
P0390,71,8,8,6,Low,Available,Available,Yes
P0391,13,7,4,3,Low,Low,Available,Yes
P0392,120,11,8,5,Available,Available,Low,Yes
P0393,16,4,2,2,Low,Available,Low,No
P0394,67,13,6,4,Available,Available,Available,Yes
P0395,54,15,8,2,Low,Available,Low,No
P0396,37,5,2,4,Available,Low,Low,Yes
P0397,30,5,6,5,Available,Available,Low,Yes
P0398,36,3,4,6,Low,Available,Available,No
P0399,24,14,4,1,Low,Low,Available,No
P0400,104,9,4,1,Available,Low,Low,Yes
P0401,120,2,5,6,Low,Available,Available,Yes
P0402,83,6,6,5,Low,Available,Available,Yes
P0403,46,11,7,3,Available,Low,Available,Yes
P0404,72,12,2,6,Available,Available,Available,No
P0405,83,11,8,6,Available,Low,Available,Yes
P0406,33,13,6,3,Low,Low,Low,Yes
P0407,116,12,8,4,Available,Low,Available,Yes
P0408,69,5,2,2,Low,Low,Available,Yes
P0409,18,4,7,1,Low,Low,Low,Yes
P0410,31,15,4,1,Available,Low,Available,Yes
P0411,42,5,4,6,Low,Low,Low,No
P0412,115,6,3,2,Available,Low,Available,No
P0413,114,14,7,5,Low,Low,Available,Yes
P0414,116,11,1,1,Available,Low,Low,No
P0415,114,3,5,2,Available,Available,Low,Yes
P0416,120,3,4,2,Available,Low,Low,No
P0417,52,10,8,6,Low,Available,Low,No
P0418,119,15,5,1,Available,Available,Low,Yes
P0419,68,14,3,4,Low,Available,Available,Yes
P0420,17,5,2,5,Low,Available,Available,Yes
P0421,63,8,4,3,Low,Low,Low,Yes
P0422,66,10,6,4,Available,Available,Available,Yes
P0423,89,14,2,4,Low,Low,Low,No
P0424,38,14,3,4,Low,Low,Low,Yes
P0425,21,14,7,6,Low,Low,Low,Yes
P0426,76,3,6,6,Available,Low,Available,No
P0427,21,6,5,2,Low,Available,Available,Yes
P0428,101,10,8,5,Available,Low,Available,No
P0429,99,11,6,4,Low,Available,Available,No
P0430,30,2,2,2,Low,Low,Low,No
P0431,20,13,7,1,Available,Available,Available,No
P0432,64,3,4,1,Available,Available,Available,Yes
P0433,100,6,5,2,Available,Low,Available,Yes
P0434,98,6,7,5,Available,Available,Low,No
P0435,112,15,3,6,Available,Low,Available,Yes
P0436,87,8,2,1,Available,Low,Available,Yes
P0437,88,14,2,1,Available,Available,Available,Yes
P0438,87,13,3,6,Low,Available,Available,No
P0439,114,12,5,5,Low,Available,Low,Yes
P0440,67,11,5,4,Available,Available,Low,Yes
P0441,70,9,6,5,Low,Low,Low,No
P0442,35,6,6,6,Low,Low,Available,No
P0443,15,4,5,5,Low,Available,Available,No
P0444,78,8,1,2,Available,Low,Available,Yes
P0445,23,13,3,4,Low,Available,Low,Yes
P0446,33,11,1,5,Low,Low,Available,Yes
P0447,81,9,2,4,Available,Available,Low,Yes
P0448,22,7,5,3,Available,Low,Available,No
P0449,108,10,7,5,Low,Low,Available,Yes
P0450,78,6,2,3,Available,Low,Available,No
P0451,68,10,8,2,Available,Available,Available,No
P0452,112,4,4,2,Available,Low,Low,Yes
P0453,63,13,5,6,Available,Available,Low,Yes
P0454,60,5,7,4,Low,Available,Low,Yes
P0455,28,13,5,1,Available,Available,Low,Yes
P0456,119,3,3,3,Low,Available,Low,No
P0457,19,15,5,1,Low,Low,Low,No
P0458,53,3,6,5,Low,Low,Low,No
P0459,30,6,5,1,Low,Low,Available,No
P0460,117,14,6,5,Available,Low,Available,Yes
P0461,97,6,4,4,Low,Available,Available,No
P0462,47,9,1,1,Available,Low,Available,Yes
P0463,66,9,1,4,Available,Low,Low,Yes
P0464,47,13,3,2,Low,Low,Low,No
P0465,103,15,5,5,Low,Low,Available,No
P0466,50,15,8,6,Low,Low,Low,Yes
P0467,108,11,7,6,Low,Low,Available,No
P0468,81,9,3,2,Low,Low,Available,No
P0469,105,3,7,4,Available,Low,Low,No
P0470,76,3,2,3,Low,Available,Low,No
P0471,46,15,6,2,Low,Available,Low,No
P0472,72,3,1,2,Low,Low,Available,Yes
P0473,44,13,2,2,Available,Low,Available,Yes
P0474,53,8,4,5,Available,Low,Low,Yes
P0475,65,12,5,2,Available,Available,Low,Yes
P0476,65,14,7,3,Low,Available,Low,No
P0477,50,15,1,2,Low,Available,Available,No
P0478,107,7,2,4,Low,Low,Available,Yes
P0479,38,11,3,5,Available,Available,Low,Yes
P0480,102,8,6,4,Available,Low,Available,No
P0481,108,9,6,6,Available,Available,Available,Yes
P0482,88,6,8,1,Low,Low,Available,No
P0483,119,4,1,3,Low,Low,Available,No
P0484,87,12,6,3,Available,Low,Available,Yes
P0485,60,3,6,2,Low,Low,Available,Yes
P0486,31,7,3,1,Low,Low,Available,No
P0487,67,13,4,3,Low,Low,Available,Yes
P0488,16,6,6,2,Available,Available,Low,No
P0489,19,13,4,6,Low,Available,Low,No
P0490,19,6,7,3,Available,Available,Available,Yes
P0491,120,7,5,3,Available,Low,Low,No
P0492,26,10,8,4,Available,Low,Low,No
P0493,82,14,1,3,Low,Available,Available,Yes
P0494,16,6,3,2,Low,Low,Low,Yes
P0495,26,11,6,2,Available,Available,Available,Yes
P0496,104,11,1,4,Low,Available,Available,No
P0497,70,11,4,4,Available,Available,Available,Yes
P0498,80,8,6,1,Low,Low,Low,No
P0499,21,14,1,5,Low,Available,Low,Yes
P0500,119,4,6,2,Low,Available,Available,Yes
P0501,10,3,7,6,Available,Low,Available,No
P0502,40,3,2,3,Available,Available,Low,No
P0503,69,4,3,1,Available,Low,Available,Yes
P0504,55,3,7,2,Low,Low,Low,Yes
P0505,19,3,2,1,Low,Available,Low,No
P0506,73,5,5,3,Available,Low,Low,Yes
P0507,80,8,6,2,Available,Low,Low,No
P0508,61,8,3,2,Available,Available,Low,Yes
P0509,57,14,3,4,Available,Available,Low,Yes
P0510,91,4,6,6,Low,Low,Low,Yes
P0511,100,5,7,1,Low,Available,Low,Yes
P0512,32,6,8,1,Low,Available,Low,No
P0513,89,6,1,3,Available,Available,Available,No
P0514,109,2,7,2,Available,Low,Available,No
P0515,83,4,3,3,Available,Low,Available,Yes
P0516,11,10,4,5,Low,Available,Available,Yes
P0517,118,4,6,3,Low,Low,Low,No
P0518,66,4,3,3,Low,Low,Available,No
P0519,27,9,3,1,Available,Available,Low,No
P0520,102,13,5,3,Available,Low,Available,Yes
P0521,109,3,2,4,Low,Low,Available,No
P0522,116,13,8,6,Available,Low,Available,Yes
P0523,55,6,3,6,Available,Available,Low,Yes
P0524,36,4,5,3,Available,Available,Available,Yes
P0525,35,15,5,4,Low,Available,Low,Yes
P0526,29,14,8,2,Available,Available,Low,No
P0527,97,2,1,1,Available,Available,Available,No
P0528,65,2,2,6,Low,Available,Low,No
P0529,28,8,1,6,Available,Available,Low,Yes
P0530,72,3,8,4,Low,Available,Available,No
P0531,106,8,7,2,Available,Low,Low,No
P0532,41,11,4,3,Low,Available,Low,No
P0533,97,9,4,4,Available,Available,Low,Yes
P0534,92,9,3,3,Available,Available,Available,No
P0535,90,15,7,6,Available,Available,Low,No
P0536,45,8,4,3,Available,Available,Low,No
P0537,32,5,4,5,Low,Low,Low,Yes
P0538,97,6,2,3,Low,Low,Low,Yes
P0539,25,11,2,3,Available,Available,Low,Yes
P0540,56,3,6,5,Available,Low,Available,No
P0541,68,8,4,4,Available,Available,Available,No
P0542,101,15,4,2,Low,Low,Low,Yes
P0543,118,12,6,4,Low,Available,Available,No
P0544,89,15,3,1,Available,Available,Available,No
P0545,99,6,5,5,Low,Low,Available,Yes
P0546,29,10,4,2,Available,Available,Available,No
P0547,23,3,1,3,Available,Low,Available,No
P0548,61,7,5,6,Low,Low,Low,Yes
P0549,58,5,5,5,Low,Available,Low,No
P0550,75,10,4,6,Available,Available,Available,Yes
P0551,48,2,1,3,Low,Available,Low,No
P0552,18,9,1,6,Low,Available,Low,Yes
P0553,18,15,2,2,Available,Low,Available,Yes
P0554,87,7,8,3,Low,Available,Low,No
P0555,102,9,2,1,Low,Available,Available,Yes
P0556,11,2,2,4,Low,Low,Available,No
P0557,110,11,1,5,Low,Available,Low,No
P0558,34,5,4,2,Low,Available,Available,No
P0559,67,8,5,4,Low,Low,Low,No
P0560,51,3,5,4,Low,Available,Available,No
P0561,16,6,4,4,Available,Low,Low,No
P0562,94,3,3,5,Low,Low,Low,No
P0563,98,8,3,4,Low,Low,Available,Yes
P0564,15,7,1,2,Low,Low,Available,No
P0565,39,12,5,2,Low,Available,Available,No
P0566,18,9,4,4,Low,Low,Available,No
P0567,61,10,1,3,Available,Available,Low,Yes
P0568,86,9,2,2,Available,Available,Low,Yes
P0569,103,10,5,3,Low,Available,Low,Yes
P0570,109,15,5,6,Available,Low,Available,No
P0571,40,10,7,1,Available,Available,Low,Yes
P0572,112,7,3,3,Low,Available,Low,Yes
P0573,11,13,1,6,Low,Low,Available,Yes
P0574,26,15,6,1,Low,Available,Low,Yes
P0575,106,5,1,2,Available,Available,Low,Yes
P0576,101,12,2,2,Available,Low,Available,Yes
P0577,52,2,2,3,Low,Low,Available,Yes
P0578,78,14,8,3,Low,Available,Available,Yes
P0579,35,12,3,3,Available,Available,Available,No
P0580,91,12,6,5,Available,Low,Low,Yes
P0581,62,10,7,3,Low,Low,Low,No
P0582,100,9,6,6,Available,Available,Available,No
P0583,54,11,3,4,Available,Low,Available,No
P0584,78,6,6,2,Available,Low,Low,Yes
P0585,20,3,3,6,Available,Available,Low,Yes
P0586,34,10,2,5,Available,Low,Low,No
P0587,38,13,7,1,Low,Low,Available,Yes
P0588,108,4,2,2,Low,Available,Available,Yes
P0589,28,6,3,4,Low,Low,Low,Yes
P0590,69,13,8,3,Available,Low,Available,Yes
P0591,78,11,2,2,Low,Available,Available,Yes
P0592,15,6,8,5,Available,Low,Available,No
P0593,117,3,1,6,Low,Available,Available,No
P0594,79,8,7,6,Available,Low,Low,No
P0595,20,2,4,3,Available,Low,Low,No
P0596,84,13,5,1,Low,Low,Available,No
P0597,38,7,2,5,Available,Low,Low,Yes
P0598,57,3,2,3,Available,Low,Available,Yes
P0599,73,14,8,3,Available,Available,Low,No
P0600,23,3,6,2,Low,Low,Low,Yes
P0601,37,5,2,1,Low,Low,Low,Yes
P0602,23,4,2,6,Low,Available,Low,No
P0603,58,6,4,4,Available,Available,Available,No
P0604,47,12,8,5,Available,Available,Low,No
P0605,58,15,1,5,Low,Available,Available,No
P0606,66,9,5,6,Available,Low,Low,Yes
P0607,115,12,8,4,Available,Low,Low,No
P0608,66,7,3,2,Low,Low,Available,No
P0609,62,11,4,6,Available,Available,Available,No
P0610,61,6,2,5,Low,Available,Low,Yes
P0611,119,13,7,4,Low,Available,Low,Yes
P0612,78,2,2,1,Low,Available,Available,No
P0613,109,2,7,6,Low,Available,Available,No
P0614,16,9,4,2,Low,Available,Low,No
P0615,97,9,7,2,Low,Available,Low,Yes
P0616,33,13,3,4,Available,Low,Available,No
P0617,42,15,6,2,Low,Available,Low,Yes
P0618,29,8,4,3,Low,Available,Available,No
P0619,96,2,4,6,Available,Low,Available,No
P0620,67,15,5,5,Low,Available,Available,Yes
P0621,108,9,2,1,Low,Low,Low,No
P0622,21,7,5,4,Available,Low,Available,Yes
P0623,71,15,6,4,Low,Low,Available,Yes
P0624,102,11,3,2,Low,Available,Available,Yes
P0625,107,5,2,6,Available,Low,Available,No
P0626,42,7,7,6,Available,Available,Available,No
P0627,38,8,5,6,Available,Available,Low,Yes
P0628,115,8,3,3,Available,Available,Low,Yes
P0629,33,12,6,4,Available,Low,Available,No
P0630,110,12,5,3,Low,Available,Low,No
P0631,67,10,8,2,Low,Low,Low,No
P0632,109,5,6,4,Available,Available,Low,No
P0633,86,6,8,6,Low,Available,Available,Yes
P0634,65,4,6,5,Low,Available,Low,Yes
P0635,113,5,7,5,Available,Available,Low,No
P0636,85,12,8,5,Low,Available,Available,Yes
P0637,73,5,4,6,Low,Available,Available,Yes
P0638,77,6,1,6,Low,Low,Low,No
P0639,54,9,2,6,Available,Low,Low,Yes
P0640,26,8,3,5,Low,Low,Low,Yes
P0641,64,11,3,4,Low,Available,Low,Yes
P0642,22,2,8,5,Low,Low,Low,No
P0643,73,2,7,5,Low,Low,Available,Yes
P0644,95,12,5,4,Low,Available,Low,Yes
P0645,37,8,4,3,Low,Available,Low,Yes
P0646,50,2,3,6,Available,Low,Available,Yes
P0647,80,8,3,2,Available,Available,Available,No
P0648,48,14,7,2,Low,Low,Available,Yes
P0649,85,15,4,5,Available,Low,Low,Yes
P0650,45,14,2,5,Low,Low,Low,No
P0651,119,14,4,6,Low,Available,Available,No
P0652,103,4,1,5,Available,Low,Available,Yes
P0653,11,10,4,5,Low,Low,Low,No
P0654,49,6,4,6,Available,Available,Low,Yes
P0655,47,8,6,4,Available,Low,Low,Yes
P0656,52,7,4,4,Low,Low,Available,No
P0657,98,14,3,4,Low,Low,Available,Yes
P0658,64,13,2,3,Available,Available,Available,Yes
P0659,86,6,7,4,Low,Available,Available,No
P0660,105,10,1,5,Available,Available,Low,No
P0661,89,5,1,5,Low,Available,Available,No
P0662,113,15,1,3,Available,Available,Low,No
P0663,115,2,1,4,Available,Available,Available,Yes
P0664,76,15,7,2,Low,Low,Available,Yes
P0665,117,10,3,2,Low,Low,Available,Yes
P0666,41,3,1,6,Available,Available,Low,No
P0667,75,4,4,1,Low,Available,Low,Yes
P0668,17,13,5,2,Available,Available,Low,Yes
P0669,74,8,4,1,Low,Low,Available,No
P0670,34,14,2,6,Available,Low,Low,Yes
P0671,29,7,8,4,Low,Low,Available,No
P0672,105,9,8,6,Available,Low,Low,No
P0673,115,3,8,4,Available,Available,Available,Yes
P0674,35,2,5,1,Low,Low,Available,No
P0675,17,8,6,1,Low,Available,Low,Yes
P0676,62,7,7,6,Low,Available,Low,Yes
P0677,40,7,4,3,Available,Available,Available,Yes
P0678,60,12,8,6,Low,Available,Available,No
P0679,87,2,1,6,Low,Low,Available,Yes
P0680,42,3,5,5,Low,Available,Low,No
P0681,44,3,3,1,Low,Low,Low,Yes
P0682,82,7,3,4,Available,Low,Low,Yes
P0683,48,6,7,2,Low,Available,Low,Yes
P0684,76,7,1,5,Low,Low,Low,Yes
P0685,78,11,7,4,Low,Low,Available,No
P0686,42,7,2,6,Low,Low,Low,Yes
P0687,83,9,6,3,Available,Available,Available,Yes
P0688,106,2,6,4,Low,Available,Available,Yes
P0689,47,12,5,5,Available,Low,Available,Yes
P0690,96,5,3,1,Available,Low,Low,Yes
P0691,21,8,2,5,Low,Available,Low,No
P0692,39,5,2,1,Available,Low,Low,No
P0693,26,6,2,3,Low,Available,Low,Yes
P0694,19,10,1,1,Low,Available,Available,No
P0695,82,9,8,5,Low,Low,Low,No
P0696,76,3,3,1,Available,Available,Available,Yes
P0697,94,6,6,4,Available,Low,Available,No
P0698,45,13,5,3,Low,Available,Low,Yes
P0699,110,12,7,5,Low,Available,Low,No
P0700,55,3,4,4,Available,Available,Available,Yes
P0701,76,7,7,3,Available,Low,Available,No
P0702,72,3,3,2,Available,Low,Available,Yes
P0703,55,6,7,6,Available,Low,Available,Yes
P0704,61,12,6,1,Available,Available,Low,No
P0705,100,4,2,4,Available,Available,Low,Yes
P0706,49,12,1,5,Available,Low,Available,No
P0707,85,5,4,2,Low,Available,Low,Yes
P0708,97,7,6,1,Available,Available,Available,Yes
P0709,107,4,6,5,Low,Low,Low,No
P0710,64,12,6,3,Low,Low,Low,Yes
P0711,13,9,6,3,Available,Available,Low,Yes
P0712,12,7,8,4,Available,Available,Available,No
P0713,61,14,2,1,Low,Available,Low,No
P0714,86,13,8,2,Low,Available,Low,Yes
P0715,16,7,5,3,Low,Low,Available,Yes
P0716,111,15,6,5,Available,Low,Low,No
P0717,27,15,1,5,Low,Low,Available,No
P0718,42,6,8,4,Low,Available,Available,No
P0719,20,3,2,5,Low,Low,Low,Yes
P0720,49,3,4,6,Low,Available,Available,Yes
P0721,104,6,8,1,Low,Low,Available,No
P0722,32,14,2,6,Available,Low,Available,No
P0723,30,6,3,3,Low,Available,Available,No
P0724,58,13,1,2,Available,Available,Available,No
P0725,111,6,2,6,Low,Available,Available,Yes
P0726,50,6,7,4,Low,Available,Low,Yes
P0727,16,5,7,3,Available,Available,Available,No
P0728,67,12,5,4,Available,Low,Low,No
P0729,106,3,6,6,Available,Available,Available,No
P0730,64,9,5,5,Available,Available,Low,No
P0731,39,9,2,6,Available,Available,Available,No
P0732,19,2,6,5,Available,Available,Available,No
P0733,22,9,5,4,Low,Low,Low,Yes
P0734,114,12,7,4,Available,Available,Low,Yes
P0735,117,4,8,5,Low,Low,Available,No
P0736,60,2,3,2,Low,Available,Available,Yes
P0737,108,15,7,1,Available,Low,Available,Yes
P0738,102,15,6,3,Low,Available,Low,No
P0739,70,7,8,1,Low,Low,Low,No
P0740,75,13,5,3,Available,Available,Low,Yes
P0741,37,5,4,2,Available,Available,Low,Yes
P0742,67,11,7,3,Available,Available,Available,Yes
P0743,77,5,2,4,Low,Low,Available,No
P0744,77,11,5,5,Available,Low,Available,Yes
P0745,49,13,3,4,Low,Available,Low,No
P0746,37,14,7,3,Available,Available,Low,No
P0747,12,13,4,6,Low,Low,Low,Yes
P0748,108,10,3,2,Available,Low,Available,Yes
P0749,31,4,2,4,Low,Available,Available,Yes
P0750,106,4,4,3,Low,Low,Low,No
P0751,59,2,1,3,Available,Available,Low,Yes
P0752,97,9,1,2,Available,Low,Available,Yes
P0753,30,10,6,2,Available,Low,Available,No
P0754,69,6,8,1,Low,Available,Low,No
P0755,50,4,3,2,Low,Available,Available,Yes
P0756,65,4,6,2,Available,Low,Low,No
P0757,35,12,1,6,Available,Low,Available,Yes
P0758,15,2,7,2,Low,Low,Available,Yes
P0759,44,15,1,1,Low,Low,Low,No
P0760,88,3,5,4,Available,Available,Low,Yes
P0761,25,11,7,6,Low,Available,Low,No
P0762,27,5,4,1,Available,Low,Low,Yes
P0763,42,5,6,1,Low,Available,Low,Yes
P0764,106,9,8,3,Available,Low,Low,Yes
P0765,60,4,3,2,Low,Available,Available,No
P0766,111,8,3,5,Low,Available,Low,No
P0767,108,5,1,6,Low,Low,Low,No
P0768,17,15,5,1,Low,Available,Available,No
P0769,89,2,7,4,Available,Low,Available,Yes
P0770,48,5,2,2,Low,Available,Low,No
P0771,88,6,6,4,Available,Low,Available,Yes
P0772,79,6,5,5,Available,Low,Available,Yes
P0773,73,5,8,2,Low,Low,Low,Yes
P0774,32,14,7,6,Low,Low,Available,No
P0775,23,13,7,2,Available,Low,Available,No
P0776,90,6,6,1,Low,Available,Low,Yes
P0777,46,11,8,6,Low,Low,Available,Yes
P0778,25,2,2,1,Low,Available,Available,No
P0779,37,5,1,5,Low,Low,Available,Yes
P0780,73,15,5,3,Low,Available,Low,Yes
P0781,120,4,1,1,Low,Low,Low,Yes
P0782,113,15,2,4,Available,Low,Available,Yes
P0783,18,7,6,3,Low,Available,Available,No
P0784,57,6,5,2,Available,Available,Low,No
P0785,107,4,1,3,Low,Low,Low,No
P0786,99,14,5,3,Low,Available,Available,No
P0787,53,4,2,2,Available,Available,Available,Yes
P0788,22,10,3,6,Low,Available,Available,No
P0789,68,3,3,4,Low,Available,Low,No
P0790,47,7,5,3,Available,Low,Low,Yes
P0791,69,11,1,5,Low,Low,Low,No
P0792,26,11,6,4,Available,Available,Available,No
P0793,13,7,8,6,Available,Low,Low,Yes
P0794,36,2,3,4,Available,Available,Available,Yes
P0795,12,13,5,4,Low,Available,Available,No
P0796,115,14,1,4,Low,Low,Low,Yes
P0797,106,10,8,2,Available,Available,Low,Yes
P0798,16,9,1,3,Low,Low,Available,Yes
P0799,88,14,1,6,Low,Low,Available,No
P0800,68,7,2,4,Low,Available,Available,Yes
P0801,79,12,6,5,Available,Available,Low,No
P0802,68,8,2,2,Low,Available,Available,No
P0803,20,7,5,5,Low,Low,Low,No
P0804,65,12,1,2,Available,Low,Available,No
P0805,45,9,1,5,Low,Low,Available,Yes
P0806,94,8,8,3,Available,Low,Low,Yes
P0807,12,13,6,4,Available,Low,Low,No
P0808,100,11,3,3,Available,Available,Low,Yes
P0809,33,7,7,3,Low,Available,Low,No
P0810,37,13,3,3,Low,Available,Low,Yes
P0811,65,5,6,2,Available,Low,Available,Yes
P0812,23,7,6,3,Available,Low,Available,Yes
P0813,57,12,5,3,Low,Low,Low,Yes
P0814,119,9,4,6,Available,Available,Low,No
P0815,21,8,2,1,Low,Low,Low,Yes
P0816,70,4,7,1,Available,Low,Low,Yes
P0817,73,6,2,5,Available,Available,Low,Yes
P0818,62,10,5,3,Available,Low,Low,No
P0819,42,7,4,1,Available,Low,Available,Yes
P0820,120,14,8,1,Low,Low,Low,No
P0821,95,13,5,5,Available,Low,Available,Yes
P0822,50,12,5,6,Low,Low,Available,No
P0823,19,7,8,5,Low,Low,Low,Yes
P0824,31,14,6,5,Available,Low,Available,Yes
P0825,90,12,5,2,Low,Available,Available,Yes
P0826,50,7,1,4,Low,Available,Low,Yes
P0827,47,2,5,4,Low,Available,Low,No
P0828,11,4,3,2,Low,Available,Low,Yes
P0829,60,13,6,6,Low,Available,Available,No
P0830,31,7,2,1,Low,Available,Low,No
P0831,17,2,7,3,Available,Available,Available,Yes
P0832,12,12,1,3,Low,Available,Low,No
P0833,100,9,6,5,Available,Low,Low,No
P0834,93,5,6,6,Low,Available,Available,Yes
P0835,58,13,1,1,Available,Low,Available,Yes
P0836,53,15,1,6,Low,Available,Available,Yes
P0837,71,15,7,2,Available,Available,Low,No
P0838,26,14,6,2,Low,Available,Low,Yes
P0839,12,10,4,2,Low,Available,Available,Yes
P0840,47,9,6,1,Low,Low,Available,Yes
P0841,55,6,2,1,Low,Low,Low,No
P0842,79,7,1,2,Low,Available,Low,No
P0843,80,5,1,3,Available,Low,Low,No
P0844,39,4,7,4,Low,Available,Available,Yes
P0845,16,8,3,4,Available,Available,Low,No
P0846,72,6,5,2,Available,Low,Available,Yes
P0847,73,3,7,4,Low,Low,Low,No
P0848,78,13,8,1,Available,Low,Available,No
P0849,88,12,3,5,Low,Low,Low,No
P0850,41,2,2,6,Low,Available,Available,Yes
P0851,67,8,6,6,Low,Low,Available,Yes
P0852,37,7,3,2,Low,Low,Low,No
P0853,35,8,7,1,Available,Available,Available,Yes
P0854,70,6,1,1,Available,Low,Low,Yes
P0855,24,7,7,4,Low,Available,Available,Yes
P0856,81,12,1,5,Low,Available,Low,No
P0857,35,6,1,5,Available,Low,Available,No
P0858,53,3,3,4,Available,Low,Available,No
P0859,21,6,7,6,Low,Available,Available,No
P0860,25,7,3,6,Available,Available,Low,Yes
P0861,15,3,6,5,Available,Available,Low,Yes
P0862,56,9,3,6,Low,Low,Low,No
P0863,69,7,3,4,Low,Low,Available,No
P0864,87,15,8,1,Available,Available,Available,No
P0865,11,13,4,4,Available,Available,Available,Yes
P0866,87,15,8,5,Available,Low,Available,Yes
P0867,33,5,1,1,Available,Low,Available,Yes
P0868,48,10,3,6,Low,Available,Low,No
P0869,70,15,4,5,Available,Low,Available,Yes
P0870,37,3,5,1,Low,Low,Low,No
P0871,54,12,7,1,Low,Low,Available,No
P0872,43,14,4,4,Available,Low,Low,No
P0873,32,3,8,1,Low,Available,Low,No
P0874,19,15,7,3,Low,Low,Low,Yes
P0875,94,3,6,1,Low,Available,Low,Yes
P0876,109,13,5,1,Available,Low,Available,No
P0877,10,4,6,6,Available,Available,Low,No
P0878,68,12,6,1,Low,Available,Available,No
P0879,18,2,7,4,Available,Available,Available,Yes
P0880,116,11,2,5,Low,Low,Available,No
P0881,67,6,3,5,Low,Available,Low,Yes
P0882,31,14,4,5,Low,Available,Low,No
P0883,36,11,7,5,Available,Available,Available,Yes
P0884,91,5,7,1,Available,Available,Low,Yes
P0885,57,12,6,1,Available,Available,Available,Yes
P0886,44,13,3,6,Available,Available,Low,Yes
P0887,65,12,7,6,Available,Available,Low,No
P0888,111,15,3,6,Low,Available,Available,No
P0889,75,11,6,6,Available,Available,Available,No
P0890,77,12,2,4,Available,Available,Available,Yes
P0891,53,15,6,5,Low,Low,Available,Yes
P0892,49,6,2,4,Low,Available,Low,Yes
P0893,89,7,4,2,Available,Available,Available,Yes
P0894,83,11,2,2,Low,Low,Low,Yes
P0895,64,14,5,4,Available,Available,Low,Yes
P0896,103,11,3,4,Low,Available,Available,No
P0897,38,10,2,1,Low,Available,Available,Yes
P0898,117,6,4,5,Available,Low,Low,No
P0899,58,11,1,2,Available,Low,Available,No
P0900,58,8,2,2,Low,Low,Low,No
P0901,116,12,5,6,Low,Low,Available,Yes
P0902,56,13,2,5,Available,Available,Available,Yes
P0903,105,9,3,3,Low,Available,Available,Yes
P0904,86,14,3,2,Available,Low,Available,Yes
P0905,40,10,7,6,Available,Low,Low,Yes
P0906,93,11,6,6,Available,Low,Low,Yes
P0907,14,6,8,4,Available,Available,Low,Yes
P0908,50,3,2,1,Available,Low,Low,Yes
P0909,48,6,3,1,Available,Available,Available,Yes
P0910,56,11,5,5,Low,Available,Available,Yes
P0911,97,10,3,4,Available,Available,Available,Yes
P0912,10,8,2,1,Available,Low,Available,Yes
P0913,51,7,5,1,Low,Low,Low,No
P0914,62,5,3,6,Available,Available,Low,No
P0915,97,4,5,5,Available,Available,Available,Yes
P0916,21,2,1,2,Available,Available,Available,No
P0917,43,9,8,1,Available,Available,Low,No
P0918,110,10,8,5,Low,Low,Available,No
P0919,52,7,4,3,Low,Low,Low,No
P0920,16,15,6,4,Available,Low,Available,No
P0921,70,12,7,4,Low,Available,Available,No
P0922,119,5,1,2,Low,Available,Available,No
P0923,61,10,6,2,Low,Low,Low,Yes
P0924,103,13,1,4,Available,Available,Low,Yes
P0925,33,4,4,6,Available,Low,Available,No
P0926,66,11,3,5,Low,Low,Low,No
P0927,30,4,8,4,Available,Low,Low,No
P0928,16,9,8,1,Low,Low,Low,Yes
P0929,33,3,3,2,Available,Low,Low,Yes
P0930,98,15,3,2,Low,Low,Low,Yes
P0931,105,3,5,3,Low,Low,Low,Yes
P0932,58,13,6,6,Available,Low,Available,No
P0933,19,7,6,5,Low,Available,Low,Yes
P0934,22,3,1,6,Available,Low,Available,No
P0935,12,9,6,5,Available,Available,Available,Yes
P0936,86,6,2,4,Low,Low,Available,No
P0937,82,15,6,1,Low,Low,Low,No
P0938,30,15,1,3,Available,Available,Low,Yes
P0939,104,15,4,3,Low,Low,Low,Yes
P0940,110,5,4,5,Available,Available,Available,No
P0941,14,9,2,6,Low,Available,Low,Yes
P0942,111,15,2,4,Low,Low,Available,No
P0943,28,3,7,6,Available,Low,Low,Yes
P0944,76,4,5,4,Low,Low,Available,Yes
P0945,93,15,6,6,Available,Available,Low,No
P0946,109,11,7,6,Low,Low,Available,No
P0947,63,14,2,4,Available,Low,Low,Yes
P0948,15,12,1,4,Available,Low,Low,No
P0949,30,3,4,2,Low,Low,Available,Yes
P0950,56,15,3,4,Low,Low,Available,No
P0951,36,7,5,4,Low,Low,Available,Yes
P0952,45,2,1,5,Available,Low,Low,Yes
P0953,63,4,1,3,Low,Available,Low,No
P0954,70,12,6,3,Available,Available,Low,No
P0955,60,15,3,5,Low,Low,Available,Yes
P0956,119,6,7,1,Low,Low,Available,No
P0957,16,9,2,2,Available,Low,Available,Yes
P0958,41,2,4,3,Available,Available,Available,No
P0959,50,14,6,6,Low,Available,Available,Yes
P0960,10,5,1,2,Available,Available,Available,No
P0961,59,10,4,6,Low,Available,Available,Yes
P0962,48,13,1,3,Available,Available,Available,No
P0963,81,4,8,1,Available,Available,Available,No
P0964,75,9,3,6,Available,Low,Available,No
P0965,100,13,5,3,Available,Low,Low,Yes
P0966,34,6,8,4,Available,Available,Low,No
P0967,51,5,7,6,Available,Available,Low,No
P0968,107,6,6,6,Low,Available,Low,Yes
P0969,91,8,2,5,Available,Available,Available,No
P0970,29,6,8,2,Low,Low,Low,Yes
P0971,78,9,6,1,Available,Available,Available,Yes
P0972,113,5,3,2,Low,Available,Available,No
P0973,36,14,7,5,Available,Available,Low,Yes
P0974,69,7,6,3,Low,Available,Low,Yes
P0975,18,14,2,5,Available,Low,Available,Yes
P0976,66,7,5,4,Available,Available,Available,Yes
P0977,79,15,1,4,Available,Available,Available,No
P0978,86,12,7,5,Low,Available,Low,Yes
P0979,32,8,2,5,Available,Available,Low,No
P0980,78,15,7,6,Low,Low,Available,No
P0981,41,9,6,6,Low,Available,Low,No
P0982,73,2,4,2,Available,Low,Available,No
P0983,12,8,8,1,Available,Available,Low,No
P0984,69,12,3,1,Low,Low,Available,Yes
P0985,36,7,3,3,Available,Available,Low,No
P0986,18,2,6,1,Low,Available,Low,Yes
P0987,43,7,8,5,Low,Available,Low,No
P0988,96,14,1,4,Available,Low,Available,No
P0989,100,3,8,4,Low,Available,Low,No
P0990,53,13,3,1,Available,Low,Low,Yes
P0991,86,12,5,3,Low,Low,Low,No
P0992,22,3,6,3,Available,Low,Low,No
P0993,59,13,2,1,Available,Available,Available,Yes
P0994,30,4,7,1,Low,Available,Low,No
P0995,91,3,1,4,Low,Available,Low,Yes
P0996,44,8,7,6,Available,Available,Low,No
P0997,26,6,3,5,Low,Available,Low,Yes
P0998,32,11,8,5,Low,Available,Available,Yes
P0999,85,11,6,6,Available,Available,Available,No
P1000,91,3,5,1,Available,Available,Available,No
