Date,Temperature,Rainfall,Humidity,WindSpeed,WeatherRisk
2026-05-10,40,10,72,8,Medium
2026-11-12,28,41,50,28,Low
2026-10-13,22,100,48,27,Low
2026-06-04,40,10,69,33,High
2026-10-28,32,97,67,21,High
2026-01-06,30,12,51,28,Medium
2026-12-18,34,23,51,28,High
2026-10-16,33,17,57,29,Low
2026-10-05,36,100,92,21,High
2026-09-24,29,34,78,33,High
2026-08-28,34,92,88,11,Medium
2026-01-19,26,49,87,19,Low
2026-11-11,29,39,53,35,Low
2026-06-16,26,29,93,17,High
2026-09-12,28,40,70,6,Medium
2026-07-13,32,25,88,11,Low
2026-05-26,27,78,47,35,Low
2026-09-26,37,83,70,23,Low
2026-04-09,40,63,40,7,Low
2026-02-24,23,5,44,11,Low
2026-03-28,37,66,89,28,Medium
2026-04-07,25,79,58,10,High
2026-01-06,33,38,88,21,Low
2026-11-24,38,35,68,16,Medium
2026-04-15,24,95,60,8,Medium
2026-07-23,37,74,81,8,Low
2026-01-22,27,29,89,20,High
2026-07-03,23,77,80,24,High
2026-06-14,31,68,93,7,Low
2026-01-03,29,90,91,24,High
2026-04-01,33,14,85,23,Medium
2026-04-10,41,66,40,8,High
2026-12-02,42,57,70,5,High
2026-11-01,40,67,93,9,High
2026-08-11,33,35,83,16,Low
2026-01-23,42,29,48,31,High
2026-09-26,31,77,51,26,Medium
2026-01-21,32,48,84,10,Medium
2026-06-18,38,90,65,12,High
2026-03-10,39,14,87,16,High
2026-07-10,28,80,74,15,Low
2026-01-10,41,59,52,22,Low
2026-05-22,36,89,73,5,Low
2026-10-12,29,78,47,27,Low
2026-07-18,34,81,53,10,Low
2026-11-02,25,16,55,8,High
2026-04-18,42,6,57,28,Medium
2026-04-15,36,48,52,27,High
2026-07-12,27,82,78,22,High
2026-03-16,41,72,66,32,Medium
2026-06-21,36,48,63,35,Medium
2026-11-03,23,90,58,11,High
2026-04-13,42,49,79,19,Medium
2026-06-11,33,6,61,8,Medium
2026-03-03,27,20,73,14,Low
2026-02-10,37,31,91,29,Low
2026-12-08,30,67,80,23,Medium
2026-05-20,41,75,55,32,Medium
2026-11-01,20,88,40,12,Low
2026-12-01,37,88,53,5,High
2026-10-07,41,39,65,31,High
2026-05-21,28,14,75,31,Medium
2026-04-20,24,66,64,21,Low
2026-12-20,28,0,51,9,Low
2026-01-25,40,92,75,25,High
2026-06-20,38,60,66,6,Low
2026-12-06,39,88,65,35,High
2026-01-02,20,96,63,14,Low
2026-01-02,30,2,73,15,Low
2026-10-09,22,40,59,7,High
2026-02-24,27,39,78,17,Low
2026-01-22,34,32,40,35,Medium
2026-08-12,39,53,79,26,Low
2026-01-13,35,24,85,15,High
2026-04-07,27,46,93,28,Low
2026-11-13,22,60,72,15,High
2026-08-27,28,13,70,12,High
2026-10-14,32,88,91,21,High
2026-10-16,39,39,78,29,High
2026-07-26,25,81,54,6,Medium
2026-01-05,30,33,84,6,Medium
2026-11-28,20,57,67,10,Medium
2026-05-23,30,91,51,19,High
2026-01-06,36,44,49,32,Low
2026-04-22,37,92,77,18,High
2026-07-15,33,30,72,31,Medium
2026-01-01,38,80,95,20,Medium
2026-07-24,38,9,86,11,High
2026-11-06,34,7,71,31,Low
2026-05-25,21,76,77,21,High
2026-10-26,33,47,48,5,Low
2026-11-18,36,41,41,6,Medium
2026-06-06,33,82,86,19,High
2026-06-07,23,33,47,8,High
2026-04-20,35,16,82,14,High
2026-02-18,36,79,41,16,Medium
2026-08-13,37,72,70,17,Medium
2026-04-17,29,69,92,9,High
2026-08-20,29,23,59,9,Medium
2026-10-07,39,19,66,19,High
2026-09-12,38,71,61,8,High
2026-11-16,26,20,90,35,High
2026-05-14,38,96,85,33,Low
2026-10-03,26,14,62,12,Medium
2026-09-09,35,90,57,32,High
2026-06-13,30,55,76,30,Low
2026-03-11,33,94,74,24,High
2026-08-08,29,1,45,23,Medium
2026-01-28,26,77,85,24,Low
2026-10-18,24,38,53,16,High
2026-02-21,21,28,57,15,Medium
2026-08-27,25,29,72,12,High
2026-07-12,37,69,49,31,Low
2026-01-25,35,34,74,19,High
2026-10-05,31,39,53,28,Medium
2026-04-08,38,77,47,12,High
2026-04-05,20,70,44,15,High
2026-06-28,40,88,70,11,High
2026-02-10,42,57,62,10,Low
2026-07-22,24,70,84,11,Medium
2026-09-03,39,35,48,20,Low
2026-02-12,23,46,70,27,High
2026-12-15,35,92,46,27,High
2026-03-28,35,88,70,16,High
2026-11-19,35,54,61,13,Medium
2026-10-12,29,76,59,5,Medium
2026-05-21,34,59,74,18,Medium
2026-02-26,37,30,47,30,Low
2026-05-12,22,25,43,26,Low
2026-11-17,26,12,40,9,Medium
2026-10-15,40,13,83,8,High
2026-11-19,39,96,45,30,Medium
2026-05-27,21,36,78,32,High
2026-08-20,27,28,78,29,High
2026-11-09,34,48,91,18,Medium
2026-08-20,33,3,49,20,Low
2026-01-12,29,68,66,30,High
2026-10-08,37,22,54,25,Medium
2026-12-16,35,25,72,28,High
2026-04-21,37,72,48,23,Medium
2026-07-28,38,80,91,9,Medium
2026-05-03,22,93,71,7,Low
2026-06-24,33,97,71,15,Low
2026-03-24,26,60,50,8,High
2026-05-10,25,77,44,25,Low
2026-10-02,32,39,72,29,High
2026-11-14,24,8,41,5,Medium
2026-03-07,37,17,84,6,Low
2026-12-28,28,44,55,17,Low
2026-06-24,42,72,48,33,Low
2026-02-14,21,12,94,21,High
2026-01-01,30,38,62,35,Low
2026-12-25,40,56,46,8,Medium
2026-07-13,23,2,59,7,Low
2026-03-28,34,52,89,5,High
2026-03-21,27,95,86,25,High
2026-07-07,24,1,77,21,Medium
2026-10-04,39,63,91,23,Medium
2026-07-11,32,62,74,14,Medium
2026-02-09,40,80,54,12,Medium
2026-09-03,26,74,89,20,Low
2026-09-28,24,66,40,19,Low
2026-06-04,23,27,54,5,Low
2026-02-01,29,17,63,14,High
2026-07-16,42,22,87,12,High
2026-04-14,21,23,65,14,High
2026-03-07,38,62,66,24,Medium
2026-08-22,35,19,65,20,Low
2026-07-27,28,90,46,32,Low
2026-01-13,40,84,65,16,High
2026-04-09,39,99,57,20,Medium
2026-03-15,21,53,90,28,Medium
2026-11-23,26,50,58,12,Low
2026-01-28,38,78,46,7,Low
2026-07-17,21,14,45,24,Low
2026-02-26,41,60,77,29,Medium
2026-01-25,37,68,49,11,Low
2026-10-08,33,73,90,33,Low
2026-10-23,31,73,55,17,High
2026-11-04,26,12,41,7,High
2026-08-24,30,36,74,16,Medium
2026-09-07,39,73,83,13,Medium
2026-11-12,41,13,49,12,High
2026-07-21,28,16,79,9,High
2026-12-05,30,66,76,5,Low
2026-05-16,21,50,56,27,High
2026-11-13,38,74,47,9,High
2026-03-08,31,97,73,27,High
2026-01-06,31,48,52,31,Medium
2026-06-09,36,84,74,24,Low
2026-06-16,30,95,84,21,Medium
2026-10-13,42,73,89,14,High
2026-03-09,29,4,77,13,Low
2026-05-21,25,83,65,31,High
2026-08-14,34,99,43,31,High
2026-03-03,41,18,73,33,High
2026-01-22,35,55,60,34,High
2026-11-08,27,8,42,33,Medium
2026-10-11,26,29,62,5,Low
2026-12-16,34,4,95,13,Medium
2026-10-06,22,44,48,19,Low
2026-02-09,28,74,66,19,Low
2026-03-26,36,6,71,17,Medium
2026-05-17,35,33,90,26,Low
2026-10-27,37,58,65,35,Low
2026-12-24,32,81,40,8,High
2026-08-05,30,64,53,10,Low
2026-11-17,24,6,72,19,Medium
2026-07-11,39,5,44,13,High
2026-09-10,25,95,62,10,Medium
2026-02-03,41,42,64,15,Low
2026-02-21,39,54,46,17,Medium
2026-03-01,29,83,66,33,Medium
2026-01-22,39,82,43,22,Low
2026-09-11,24,78,79,6,Medium
2026-10-14,29,32,45,15,Low
2026-05-18,26,47,95,18,High
2026-10-07,28,58,72,33,Medium
2026-02-28,27,63,43,25,High
2026-09-04,32,77,94,26,Low
2026-08-14,24,45,76,23,High
2026-11-11,30,69,46,35,High
2026-06-09,32,94,95,17,High
2026-02-15,29,37,82,23,Low
2026-05-05,22,68,83,22,High
2026-01-21,24,10,80,11,Medium
2026-12-21,31,98,65,8,Medium
2026-08-18,20,41,91,18,Medium
2026-05-16,33,5,84,26,Low
2026-02-20,34,52,68,23,Low
2026-09-25,26,100,79,25,Medium
2026-11-05,22,3,47,18,High
2026-09-24,36,94,61,6,Low
2026-04-03,30,71,47,14,High
2026-08-03,24,85,76,27,Medium
2026-09-26,42,51,42,6,High
2026-07-16,38,86,83,21,High
2026-03-28,27,7,49,8,High
2026-11-04,42,65,63,6,Low
2026-09-25,25,18,54,23,Medium
2026-04-10,23,37,56,11,Low
2026-01-01,21,90,92,12,High
2026-08-14,25,31,85,30,Low
2026-05-01,30,92,40,20,Low
2026-10-23,28,14,80,9,Medium
2026-12-08,24,34,87,31,Low
2026-02-07,35,99,79,31,Medium
2026-05-23,27,91,75,9,Medium
2026-10-20,33,28,40,11,High
2026-11-26,36,83,74,21,Low
2026-05-20,22,41,85,17,Medium
2026-09-16,32,98,42,14,Low
2026-01-08,29,9,42,21,High
2026-01-26,21,18,50,8,Medium
2026-06-23,29,1,51,21,Low
2026-09-27,29,92,42,8,Low
2026-03-08,33,22,68,24,Low
2026-08-12,37,3,58,10,High
2026-06-23,26,5,68,27,Medium
2026-11-06,20,89,47,6,Medium
2026-09-28,36,94,89,14,Low
2026-06-18,41,71,41,6,Medium
2026-03-15,26,87,93,13,High
2026-03-21,22,27,44,29,Medium
2026-03-08,22,65,82,8,High
2026-10-28,32,8,54,5,High
2026-03-21,21,88,65,9,Medium
2026-06-15,20,15,58,14,Low
2026-03-09,36,48,74,8,High
2026-09-22,25,44,48,13,High
2026-02-23,26,9,87,16,Medium
2026-04-03,27,15,51,13,Low
2026-03-17,30,87,40,33,Medium
2026-04-19,20,92,48,25,High
2026-12-10,32,72,50,17,High
2026-04-21,37,48,95,20,High
2026-05-17,31,37,86,5,Low
2026-01-20,26,35,89,24,High
2026-05-12,38,97,95,18,High
2026-11-12,25,9,94,23,Low
2026-04-03,29,14,82,26,High
2026-02-25,34,18,93,7,Low
2026-09-22,38,94,80,14,Low
2026-11-03,42,26,93,34,Low
2026-06-15,42,77,77,35,High
2026-11-23,39,59,91,11,High
2026-11-18,27,66,60,28,Medium
2026-04-28,22,31,91,9,Medium
2026-04-27,36,86,67,25,Low
2026-01-02,20,31,60,10,High
2026-09-28,37,46,45,17,High
2026-12-23,20,44,64,32,Medium
2026-07-22,41,2,77,31,High
2026-06-05,26,47,92,29,Medium
2026-04-28,34,25,55,7,Medium
2026-05-03,23,6,43,23,Medium
2026-02-26,39,29,43,27,Low
2026-06-06,36,48,77,35,Low
2026-12-23,34,55,94,10,Low
2026-10-02,23,39,71,33,High
2026-01-11,39,72,43,12,Low
2026-01-07,33,0,43,25,High
2026-12-16,40,11,89,23,Low
2026-05-09,22,5,67,27,High
2026-03-21,34,17,58,9,High
2026-02-15,30,85,63,28,Low
2026-12-14,28,45,40,20,Medium
2026-01-08,33,41,56,35,High
2026-01-28,33,86,83,24,Medium
2026-08-12,29,76,81,30,Low
2026-12-03,27,88,81,25,Low
2026-12-14,25,37,53,35,High
2026-07-05,25,90,84,19,Medium
2026-10-24,42,15,71,20,High
2026-08-22,32,100,43,18,High
2026-06-05,20,49,95,35,High
2026-07-19,29,39,85,6,High
2026-09-01,27,34,88,5,High
2026-12-12,42,2,68,34,High
2026-10-03,20,65,80,9,Low
2026-03-24,42,85,41,28,Low
2026-06-14,42,51,46,7,High
2026-10-04,36,26,86,18,Low
2026-11-15,41,51,69,34,Medium
2026-12-27,25,1,87,32,Medium
2026-06-10,34,47,93,23,Medium
2026-05-05,29,5,73,13,Low
2026-06-04,30,18,95,26,Medium
2026-05-07,22,48,73,20,Medium
2026-04-21,38,72,77,22,Medium
2026-06-07,36,48,66,12,Medium
2026-11-15,34,36,88,21,Low
2026-08-17,34,59,61,13,Low
2026-09-14,27,67,86,27,Low
2026-07-23,40,96,42,11,Low
2026-07-11,32,38,49,5,Low
2026-12-28,30,77,67,20,Low
2026-07-13,20,72,51,31,Low
2026-01-13,27,10,40,13,Medium
2026-03-24,36,72,75,9,Low
2026-05-02,33,55,62,12,Low
2026-07-28,35,75,40,16,Medium
2026-09-19,28,15,89,10,High
2026-03-16,27,93,63,30,Medium
2026-02-27,30,29,91,8,Medium
2026-08-17,37,4,53,34,Medium
2026-04-19,37,56,56,26,High
2026-02-15,23,16,44,12,Medium
2026-12-18,27,96,78,32,Low
2026-11-20,30,32,78,29,High
2026-07-13,22,99,68,8,Low
2026-04-19,23,88,77,6,High
2026-11-26,33,18,55,8,Low
2026-06-13,34,13,85,27,Medium
2026-04-13,42,69,47,29,High
2026-08-23,37,44,75,28,Low
2026-07-15,32,45,53,21,Low
2026-12-04,39,9,94,9,Low
2026-11-06,36,92,77,35,Low
2026-06-25,28,66,53,33,Low
2026-02-06,20,2,45,23,Medium
2026-11-03,41,71,90,34,Low
2026-07-05,30,25,45,21,Medium
2026-07-14,25,80,41,16,Low
2026-07-08,27,14,41,29,Medium
2026-02-23,24,13,49,32,High
2026-07-12,32,7,90,32,High
2026-10-15,22,86,83,23,High
2026-05-24,21,76,49,10,Medium
2026-10-20,20,12,40,31,Medium
2026-03-25,39,33,83,16,Low
2026-10-14,35,13,63,7,Low
2026-05-16,24,53,90,12,High
2026-10-17,34,52,91,32,Low
2026-08-25,35,71,85,34,High
2026-10-12,38,19,94,13,Medium
2026-12-16,38,25,70,14,Low
2026-03-02,29,77,64,6,Medium
2026-01-04,40,31,57,28,Low
2026-12-28,39,52,60,8,Medium
2026-12-26,40,49,67,15,High
2026-01-08,31,95,54,33,High
2026-05-20,40,6,87,25,Medium
2026-10-08,39,30,87,32,High
2026-03-08,24,43,91,15,Low
2026-07-14,35,45,83,21,High
2026-03-10,26,35,57,29,Low
2026-07-21,23,59,50,8,Low
2026-02-04,33,75,73,10,High
2026-07-07,40,56,42,32,Medium
2026-12-21,42,63,80,27,Low
2026-09-08,29,91,92,12,Low
2026-04-04,26,27,54,5,Medium
2026-10-14,39,53,49,32,High
2026-06-04,37,92,54,29,Low
2026-07-15,28,21,73,18,Low
2026-07-26,20,52,61,31,Low
2026-01-16,35,69,57,13,Low
2026-08-26,39,74,73,24,High
2026-04-20,40,47,63,10,High
2026-11-22,32,27,77,19,Low
2026-05-28,39,89,76,15,High
2026-08-26,20,19,69,5,Medium
2026-01-25,41,71,44,29,Medium
2026-06-21,29,100,73,22,Medium
2026-08-16,31,89,86,34,Medium
2026-07-19,27,97,94,10,Medium
2026-08-19,26,91,77,22,High
2026-06-24,40,79,84,33,High
2026-04-09,20,78,65,21,Low
2026-10-06,26,43,76,22,High
2026-05-01,38,100,44,9,Low
2026-10-01,35,78,93,34,Low
2026-10-15,42,67,41,5,High
2026-06-11,29,93,87,32,Low
2026-06-19,38,88,71,28,Low
2026-11-01,27,62,55,5,Low
2026-04-16,22,27,75,23,Medium
2026-04-01,25,50,69,10,Medium
2026-03-16,42,52,66,19,Medium
2026-05-11,37,40,42,22,High
2026-06-24,29,77,50,12,Medium
2026-01-23,38,57,63,6,Medium
2026-02-04,25,56,67,15,High
2026-09-25,38,63,42,16,Medium
2026-05-17,40,27,89,17,Low
2026-02-25,22,93,88,35,Medium
2026-04-02,37,13,51,28,High
2026-10-07,21,7,58,27,Low
2026-08-04,25,7,89,25,Medium
2026-03-11,28,100,87,28,Low
2026-06-20,26,1,91,35,Medium
2026-06-01,20,31,87,5,Medium
2026-11-13,23,50,65,23,Medium
2026-03-10,28,20,40,28,High
2026-05-18,41,57,55,30,High
2026-12-15,35,64,77,14,High
2026-08-25,37,62,66,29,Medium
2026-03-16,40,96,53,12,Low
2026-08-16,34,21,73,13,High
2026-12-24,23,93,72,18,Medium
2026-05-12,39,87,69,9,High
2026-06-07,42,71,74,18,Medium
2026-12-09,28,93,54,22,High
2026-06-04,37,44,80,35,Medium
2026-12-25,32,72,87,26,High
2026-09-20,25,44,51,30,High
2026-03-23,37,65,89,30,Medium
2026-04-04,35,98,45,6,Medium
2026-05-20,26,55,61,35,Low
2026-03-24,24,9,72,34,High
2026-05-27,32,44,90,21,High
2026-01-01,36,36,51,8,High
2026-11-16,35,35,78,32,High
2026-02-17,33,68,56,33,Medium
2026-04-25,34,96,51,7,High
2026-02-13,29,88,55,14,High
2026-08-20,38,56,67,14,High
2026-11-04,30,23,83,18,High
2026-04-06,30,22,49,15,Medium
2026-03-27,36,20,42,12,Low
2026-02-11,32,8,69,35,Medium
2026-04-23,40,77,68,24,Medium
2026-07-04,34,9,89,31,Medium
2026-08-15,35,87,86,8,High
2026-09-25,28,30,47,29,High
2026-07-21,31,59,45,19,Low
2026-04-19,33,35,86,16,Medium
2026-12-22,21,34,65,21,High
2026-07-02,26,15,77,27,Medium
2026-05-28,29,36,67,31,High
2026-08-28,27,96,43,26,Low
2026-09-28,40,95,76,27,High
2026-03-06,21,99,71,7,Medium
2026-01-23,20,60,66,22,High
2026-04-20,25,86,66,31,High
2026-09-19,25,77,73,32,Low
2026-02-18,33,29,69,32,Low
2026-09-28,23,10,78,28,High
2026-04-10,31,24,78,18,High
2026-09-08,20,76,47,31,Low
2026-08-28,34,44,56,17,High
2026-01-02,32,13,83,8,Low
2026-07-10,34,58,59,34,High
2026-05-13,40,49,92,31,Low
2026-04-04,39,49,81,18,High
2026-01-07,29,51,50,14,High
2026-07-28,22,73,77,22,Medium
2026-05-06,22,54,63,25,Low
2026-09-04,40,17,83,14,Low
2026-03-07,27,93,84,24,Low
2026-09-14,24,75,89,28,Low
2026-06-05,29,94,86,22,Medium
2026-09-11,26,23,53,34,Medium
2026-08-14,39,93,76,22,High
2026-12-06,41,86,82,25,Low
2026-02-08,20,10,81,27,Low
2026-06-27,36,19,93,15,Low
2026-04-24,34,14,42,20,Medium
2026-07-17,32,93,53,26,Medium
2026-01-03,37,48,62,21,Medium
2026-05-16,38,5,40,11,Medium
2026-12-25,38,7,63,30,High
2026-06-22,25,18,52,34,Low
2026-11-15,25,39,53,32,High
2026-02-26,24,44,41,21,High
2026-07-19,33,46,74,34,Medium
2026-03-03,38,40,71,29,Medium
2026-12-26,36,40,83,35,Low
2026-11-12,35,6,50,6,High
2026-06-02,36,22,84,30,Medium
2026-07-04,29,97,88,18,High
2026-03-12,40,0,42,27,Medium
2026-07-19,25,89,81,7,High
2026-10-12,38,4,43,30,Medium
2026-08-09,24,72,54,24,High
2026-04-18,21,28,53,17,Medium
2026-11-05,28,22,91,7,Medium
2026-01-17,22,2,55,15,Low
2026-08-12,30,41,83,20,Medium
2026-12-27,30,43,48,21,Low
2026-06-25,32,97,67,25,Medium
2026-09-23,27,8,70,20,Low
2026-08-05,34,27,64,12,Medium
2026-10-02,37,6,83,34,Medium
2026-11-04,33,89,61,5,Low
2026-07-02,28,59,55,29,Low
2026-08-14,30,98,63,9,Low
2026-01-14,26,82,86,5,Low
2026-12-13,42,28,46,29,Low
2026-10-26,33,60,73,31,Medium
2026-08-03,39,60,87,22,High
2026-07-18,21,2,85,5,Low
2026-02-08,24,83,82,27,High
2026-07-18,23,79,50,14,Low
2026-05-08,26,19,64,26,Low
2026-01-25,36,12,77,24,Medium
2026-05-28,21,52,46,19,Low
2026-04-12,26,42,45,32,Medium
2026-07-26,36,14,86,28,High
2026-12-11,25,6,53,12,Low
2026-11-21,20,40,50,17,Medium
2026-09-15,29,95,55,22,Low
2026-07-06,38,21,77,5,Medium
2026-04-10,28,55,40,17,Low
2026-07-24,38,86,52,14,Low
2026-02-03,23,25,93,19,Low
2026-05-11,22,20,55,28,High
2026-08-10,30,0,73,7,High
2026-07-21,20,21,71,6,Medium
2026-06-07,25,74,58,18,Low
2026-07-06,24,100,90,25,Medium
2026-11-02,24,89,89,35,Medium
2026-01-28,41,99,58,18,Medium
2026-07-04,25,46,56,21,High
2026-03-23,42,81,84,23,Medium
2026-06-12,22,36,59,33,Low
2026-05-09,31,23,61,15,High
2026-01-25,22,11,89,20,Medium
2026-04-24,26,84,59,29,Medium
2026-03-07,25,24,91,26,Low
2026-10-23,29,5,74,32,High
2026-05-26,41,0,79,8,Low
2026-12-28,22,46,80,35,High
2026-12-08,21,75,53,20,Low
2026-11-16,23,34,85,26,Medium
2026-03-02,24,49,78,9,Medium
2026-09-19,41,95,63,34,High
2026-07-17,23,46,76,7,Medium
2026-07-03,21,78,41,24,High
2026-12-28,23,17,81,6,Medium
2026-07-10,33,69,59,9,Medium
2026-06-06,22,5,67,28,High
2026-07-10,23,58,54,32,High
2026-09-23,20,10,84,32,Low
2026-02-23,37,81,48,23,Medium
2026-10-15,36,100,83,5,Medium
2026-06-02,33,50,42,6,Low
2026-01-27,36,42,60,33,High
2026-11-27,37,32,49,33,Medium
2026-06-23,21,3,50,15,Medium
2026-01-09,33,0,52,15,Medium
2026-10-06,25,23,49,16,Medium
2026-07-23,26,80,62,31,Low
2026-07-07,32,98,44,21,High
2026-01-04,38,63,89,24,Low
2026-05-05,39,2,79,9,Low
2026-02-17,21,16,45,11,Low
2026-08-01,32,71,82,34,High
2026-11-28,30,9,52,18,Medium
2026-08-07,41,89,49,19,Low
2026-12-25,21,72,40,5,High
2026-07-04,22,48,67,30,Medium
2026-08-01,37,84,63,18,Medium
2026-02-19,31,76,43,33,Low
2026-06-21,22,58,54,32,Low
2026-11-20,38,50,41,5,Low
2026-02-11,22,23,46,7,High
2026-07-18,41,43,68,8,Low
2026-02-12,20,35,83,14,Medium
2026-08-20,20,48,57,9,Medium
2026-01-19,42,40,49,24,High
2026-01-03,36,23,42,30,Medium
2026-07-23,28,42,49,30,Medium
2026-09-15,30,86,80,12,High
2026-06-21,38,83,40,8,Low
2026-02-18,34,53,50,23,Low
2026-07-01,29,73,84,28,Low
2026-05-22,40,84,91,17,Low
2026-10-24,27,56,49,22,Low
2026-02-08,24,53,57,22,Low
2026-08-28,42,23,62,7,Low
2026-10-09,39,27,54,15,High
2026-09-09,23,62,94,7,Medium
2026-04-07,23,1,64,27,Medium
2026-01-24,31,20,80,17,Medium
2026-10-12,35,15,54,7,Medium
2026-03-05,31,9,41,25,Medium
2026-11-23,25,76,66,32,High
2026-08-10,30,70,87,35,Medium
2026-11-01,34,94,41,9,Medium
2026-12-08,24,71,66,19,Low
2026-06-08,34,9,63,16,Low
2026-03-19,26,22,72,32,Medium
2026-05-06,32,24,60,26,Medium
2026-08-03,20,77,82,24,Medium
2026-05-04,30,40,73,31,High
2026-11-19,41,77,65,22,Low
2026-02-18,26,11,83,25,Medium
2026-08-21,29,19,77,35,High
2026-08-26,32,42,65,16,High
2026-09-13,26,25,74,28,High
2026-12-22,22,8,91,16,Low
2026-10-25,28,20,76,29,Low
2026-03-27,31,56,80,30,Medium
2026-08-19,33,90,75,11,High
2026-10-24,35,58,75,13,Low
2026-12-02,42,63,61,15,Medium
2026-04-28,37,88,81,32,High
2026-10-21,21,3,91,23,High
2026-11-21,20,37,87,27,High
2026-12-04,29,21,60,31,Medium
2026-06-28,27,50,88,26,Medium
2026-09-15,37,22,82,16,High
2026-09-15,35,11,82,8,High
2026-09-25,24,22,46,7,Medium
2026-07-19,38,96,70,28,Medium
2026-04-09,27,56,65,30,High
2026-10-22,33,87,60,16,Medium
2026-09-26,28,51,61,8,Medium
2026-12-28,31,57,61,22,Medium
2026-02-18,27,90,68,7,Medium
2026-05-13,28,32,78,34,Medium
2026-01-10,20,2,48,22,Low
2026-08-25,41,72,76,8,High
2026-05-04,36,13,83,18,Medium
2026-02-05,42,69,81,27,Low
2026-05-02,39,15,57,6,Medium
2026-01-12,36,35,64,27,Medium
2026-04-15,23,72,63,7,High
2026-03-13,20,9,59,13,High
2026-06-02,28,22,56,10,Medium
2026-02-11,21,58,75,21,Low
2026-03-14,32,74,41,7,High
2026-12-11,35,99,67,21,Low
2026-06-08,32,82,89,27,High
2026-04-28,40,64,88,15,Medium
2026-12-28,27,13,50,24,Medium
2026-08-09,42,48,79,7,Low
2026-03-24,25,63,75,32,Medium
2026-07-02,30,58,60,10,Medium
2026-04-15,28,81,63,28,Medium
2026-12-13,42,70,68,9,Medium
2026-03-18,29,16,48,31,High
2026-09-23,31,10,72,12,Medium
2026-12-26,38,42,41,26,Low
2026-09-11,33,24,50,14,Medium
2026-08-08,30,39,43,7,Medium
2026-09-22,24,58,56,9,Medium
2026-09-16,27,50,58,31,Low
2026-09-08,37,42,63,8,Low
2026-02-03,32,42,55,9,Low
2026-04-02,25,93,53,11,Low
2026-12-15,38,27,44,24,High
2026-07-20,40,31,46,31,High
2026-12-16,36,61,92,20,High
2026-11-26,37,56,45,28,Low
2026-08-18,21,66,94,7,Low
2026-06-03,28,90,83,10,Medium
2026-11-25,23,81,67,31,Medium
2026-07-25,34,37,73,20,Low
2026-02-16,30,64,40,16,Low
2026-10-11,39,91,61,32,Low
2026-07-14,28,51,43,16,Medium
2026-01-14,21,55,95,27,Low
2026-08-19,42,89,87,19,Medium
2026-02-07,38,24,88,25,High
2026-07-03,33,100,64,10,Medium
2026-03-09,37,0,67,32,Low
2026-07-10,22,26,46,35,Low
2026-01-13,37,59,76,19,Medium
2026-07-19,34,94,42,24,Low
2026-05-09,38,78,90,32,High
2026-09-28,20,1,60,25,High
2026-08-26,21,45,68,11,High
2026-04-19,21,15,40,20,High
2026-06-19,21,57,56,28,High
2026-12-09,34,11,90,6,Medium
2026-01-14,29,17,45,12,Low
2026-10-10,26,16,44,19,Low
2026-12-24,24,59,42,15,High
2026-06-06,33,51,87,26,High
2026-03-20,36,11,67,32,Medium
2026-09-21,37,17,68,6,Medium
2026-10-15,23,51,84,7,Medium
2026-07-22,26,89,51,22,High
2026-05-25,34,97,56,14,Medium
2026-11-14,22,27,45,27,Low
2026-05-04,35,98,78,9,Low
2026-04-06,24,72,53,24,Low
2026-01-14,28,75,61,18,Medium
2026-03-25,20,60,80,30,Medium
2026-04-16,36,33,83,31,Medium
2026-10-11,42,86,90,22,Low
2026-09-15,27,9,54,19,Low
2026-01-01,36,80,72,9,Low
2026-11-12,35,27,88,11,Low
2026-08-23,38,19,67,35,Low
2026-02-20,22,43,49,32,Low
2026-08-17,33,23,51,24,Low
2026-09-19,30,17,88,25,High
2026-05-14,23,37,72,5,Low
2026-08-13,36,60,68,17,High
2026-10-04,22,72,94,10,Low
2026-11-18,24,63,45,30,Low
2026-10-09,31,25,86,14,Medium
2026-06-04,42,34,70,10,Low
2026-12-26,24,9,87,26,Low
2026-05-27,25,45,41,5,High
2026-02-03,42,4,73,9,High
2026-04-17,27,56,90,8,Low
2026-10-28,27,29,48,27,Medium
2026-09-03,22,40,41,8,Medium
2026-01-22,31,86,44,15,Low
2026-12-24,33,22,91,35,Medium
2026-06-05,21,85,67,27,Medium
2026-12-22,35,36,94,8,Low
2026-08-26,29,60,41,25,High
2026-07-24,22,7,54,34,Medium
2026-03-07,35,71,45,20,Medium
2026-01-11,34,88,70,25,High
2026-08-09,37,64,76,14,Low
2026-10-16,26,33,51,5,Medium
2026-10-18,36,96,66,7,Low
2026-10-27,39,46,90,13,High
2026-06-08,36,71,63,28,Low
2026-09-10,22,75,78,24,Low
2026-08-06,29,85,40,30,Low
2026-10-26,25,6,72,7,High
2026-05-26,30,67,83,22,Medium
2026-02-16,29,62,61,28,Low
2026-01-21,23,46,88,6,Medium
2026-05-23,23,60,64,22,High
2026-01-11,22,15,65,5,Medium
2026-01-21,38,66,66,22,Medium
2026-10-18,24,58,66,34,High
2026-10-08,31,89,81,7,Medium
2026-07-02,21,81,76,24,Low
2026-04-22,33,42,92,13,Medium
2026-09-02,21,69,76,6,Low
2026-03-02,26,100,48,29,Medium
2026-10-18,32,91,89,33,Medium
2026-02-24,24,8,58,14,Low
2026-06-08,29,29,53,21,Medium
2026-05-19,29,49,50,34,High
2026-06-04,42,88,42,8,Medium
2026-01-06,35,67,94,19,Low
2026-10-13,24,42,80,12,Low
2026-07-07,35,39,73,10,High
2026-03-18,36,99,50,12,Medium
2026-08-11,39,44,48,23,High
2026-07-16,28,68,86,18,Medium
2026-08-24,25,91,46,28,Medium
2026-06-28,23,86,93,35,High
2026-05-12,42,58,51,32,Medium
2026-02-20,29,27,93,25,High
2026-06-13,27,33,79,15,Medium
2026-10-14,41,6,44,14,High
2026-11-28,41,79,79,8,High
2026-10-21,37,84,46,17,High
2026-07-23,42,34,50,33,Medium
2026-04-04,35,0,65,10,Medium
2026-07-24,25,0,92,10,Medium
2026-02-20,26,32,49,9,Medium
2026-06-08,34,78,92,15,Medium
2026-07-14,29,86,49,21,Medium
2026-12-24,27,10,46,12,Low
2026-12-26,36,75,60,6,Medium
2026-01-12,41,67,61,16,Low
2026-06-15,40,72,85,21,High
2026-06-05,35,68,88,25,Low
2026-04-08,30,69,56,33,Low
2026-02-21,20,18,65,28,Low
2026-10-11,27,95,92,9,Low
2026-04-11,26,92,75,13,High
2026-08-09,24,85,93,31,High
2026-03-14,31,35,54,34,Low
2026-01-22,40,26,65,17,Medium
2026-07-13,36,86,66,11,Medium
2026-09-02,32,31,79,10,High
2026-11-28,30,49,49,7,Medium
2026-06-02,35,87,79,12,Low
2026-01-27,28,80,63,22,High
2026-09-27,42,8,56,33,Low
2026-10-06,28,88,70,7,Medium
2026-10-27,25,84,72,23,Medium
2026-01-24,32,21,65,10,High
2026-11-13,35,50,42,30,Low
2026-11-16,23,90,76,21,Medium
2026-12-07,33,35,55,13,Low
2026-10-04,41,93,52,10,Low
2026-09-01,21,67,47,15,High
2026-03-25,25,51,40,10,Medium
2026-02-14,23,43,84,13,High
2026-05-22,40,4,87,20,Low
2026-10-23,33,66,66,27,High
2026-05-05,25,82,57,29,Medium
2026-09-17,34,16,61,35,High
2026-01-07,21,43,80,32,High
2026-01-27,31,25,94,15,Low
2026-03-20,36,74,68,29,High
2026-04-26,36,9,92,5,Medium
2026-04-17,29,79,82,31,Low
2026-06-09,29,49,46,5,Low
2026-10-16,20,0,69,33,Medium
2026-05-09,42,94,57,15,Low
2026-02-21,27,70,67,15,Low
2026-07-18,38,31,67,21,High
2026-07-04,36,78,76,33,Low
2026-03-14,38,22,86,16,Medium
2026-01-01,38,44,47,34,Medium
2026-05-24,21,1,83,6,Medium
2026-08-10,36,6,40,7,Low
2026-01-22,20,89,70,17,Low
2026-12-11,30,80,71,25,Medium
2026-10-28,28,72,62,5,Low
2026-08-22,23,75,70,10,High
2026-04-22,33,60,82,27,High
2026-10-13,27,26,61,28,High
2026-03-04,31,3,45,11,Medium
2026-05-25,38,93,44,26,Medium
2026-09-01,42,14,61,10,Medium
2026-11-20,39,43,47,19,Medium
2026-01-07,28,2,51,27,Low
2026-09-24,42,85,64,7,High
2026-09-08,20,54,61,27,Medium
2026-08-28,41,91,65,35,Medium
2026-06-10,27,36,84,35,Medium
2026-04-24,42,94,74,35,Low
2026-06-23,38,58,95,11,Medium
2026-03-09,20,5,56,29,Medium
2026-01-24,27,94,66,35,Medium
2026-06-05,21,2,94,24,High
2026-02-12,34,44,53,8,High
2026-06-01,37,55,58,26,Low
2026-04-19,30,79,47,26,High
2026-04-22,33,54,89,8,Low
2026-02-11,37,50,92,13,High
2026-09-28,37,78,71,11,High
2026-08-03,37,77,56,29,Low
2026-11-22,30,27,61,17,Medium
2026-11-28,35,85,88,24,High
2026-10-08,31,18,61,7,Low
2026-06-23,35,39,73,33,Low
2026-04-27,21,36,53,33,Medium
2026-08-14,32,93,49,5,Low
2026-08-15,23,98,76,9,High
2026-09-11,31,56,49,25,Medium
2026-12-23,28,44,73,21,High
2026-10-17,34,99,85,5,High
2026-05-13,28,26,63,9,Low
2026-06-05,21,86,60,5,Low
2026-02-18,21,53,55,27,Medium
2026-07-27,36,79,92,19,High
2026-06-06,36,63,62,9,Medium
2026-02-04,22,40,73,22,High
2026-11-13,32,74,49,35,Low
2026-07-20,20,32,57,19,Low
2026-12-11,31,27,95,28,Medium
2026-08-20,37,42,44,32,High
2026-11-18,34,12,82,30,Medium
2026-02-11,31,71,45,20,Medium
2026-04-25,38,43,76,7,High
2026-03-16,38,56,47,15,High
2026-12-10,28,45,73,20,Low
2026-09-03,35,52,94,25,Low
2026-06-01,22,77,58,15,Low
2026-12-20,21,67,42,27,Low
2026-09-06,33,39,45,18,Low
2026-03-10,28,73,75,27,Low
2026-11-12,31,49,72,20,High
2026-05-28,27,90,43,19,Low
2026-05-23,32,5,68,31,Medium
2026-03-14,27,44,53,18,High
2026-12-09,33,24,65,19,Medium
2026-05-04,35,81,41,19,Medium
2026-02-21,36,41,84,13,Medium
2026-09-27,24,49,56,34,High
2026-09-09,20,58,42,6,High
2026-05-01,33,90,63,19,Medium
2026-06-12,20,53,66,20,Low
2026-11-25,27,24,62,33,Medium
2026-09-14,26,57,95,5,High
2026-08-15,31,79,94,6,Low
2026-08-03,25,90,42,24,High
2026-10-21,23,59,81,12,High
2026-12-11,21,59,66,31,Medium
2026-03-05,30,31,91,5,Low
2026-10-14,42,56,69,5,High
2026-12-01,31,16,77,32,Medium
2026-01-28,32,42,60,27,Low
2026-07-03,35,6,56,27,Medium
2026-12-15,21,62,60,7,Low
2026-11-08,29,9,82,20,Medium
2026-08-25,42,83,69,15,Low
2026-03-26,31,49,80,19,Medium
2026-06-03,31,91,52,8,High
2026-08-16,22,30,86,30,Medium
2026-05-21,22,15,91,23,Low
2026-06-02,32,44,59,19,Low
2026-10-06,23,10,54,34,Low
2026-09-21,32,97,70,28,High
2026-01-02,35,19,61,6,Low
2026-10-02,42,5,62,31,High
2026-01-20,42,17,57,7,High
2026-06-04,32,0,82,12,Low
2026-05-06,23,56,63,23,High
2026-10-21,28,12,89,22,High
2026-02-20,40,14,53,17,High
2026-03-19,24,72,88,5,Medium
2026-06-08,37,91,50,21,Medium
2026-04-12,29,38,93,23,Medium
2026-04-06,37,60,80,30,High
2026-01-19,34,5,46,6,Low
2026-09-26,42,39,48,15,Medium
2026-11-11,25,1,72,24,Medium
2026-12-19,38,81,71,34,Low
2026-06-05,20,27,72,27,High
2026-08-07,32,5,58,18,Medium
2026-12-05,39,50,78,30,Low
2026-11-18,39,10,72,13,Low
2026-05-24,41,23,51,8,High
2026-03-20,40,76,58,16,Medium
2026-10-11,28,61,67,16,High
2026-05-08,27,80,63,19,Medium
2026-04-19,23,12,41,10,High
2026-07-22,35,40,44,22,High
2026-05-18,21,69,74,20,High
2026-09-22,35,74,94,15,Low
2026-12-03,37,99,91,12,High
2026-06-13,35,12,89,16,Medium
2026-12-13,38,100,45,26,High
2026-03-12,32,64,90,34,High
2026-05-27,23,8,43,13,High
2026-10-11,27,90,51,12,Low
2026-06-21,39,8,51,23,Medium
2026-09-23,33,41,89,8,High
2026-01-24,41,23,52,25,High
2026-12-11,31,40,54,30,Low
2026-04-04,25,27,90,14,High
2026-01-12,40,1,52,33,Low
2026-01-15,36,47,44,11,High
2026-09-01,41,36,43,18,High
2026-04-21,42,20,61,11,High
2026-04-18,21,68,72,8,High
2026-09-19,32,86,77,27,Medium
2026-11-23,26,56,51,11,High
2026-12-10,33,19,61,14,Medium
2026-10-16,27,22,43,24,High
2026-10-10,40,91,72,34,Medium
2026-04-07,39,77,71,22,Medium
2026-03-02,25,62,90,22,High
2026-12-27,29,55,63,29,Low
2026-01-08,27,5,52,30,High
2026-08-25,37,60,50,33,Low
2026-02-03,38,78,71,27,Low
2026-02-23,22,45,63,23,High
2026-02-10,33,96,65,9,High
2026-11-05,31,21,93,29,Low
2026-10-21,20,85,77,11,High
2026-01-27,27,24,74,6,Medium
2026-06-03,30,53,56,11,High
2026-02-14,35,46,42,26,High
2026-09-14,21,13,51,31,Medium
2026-08-03,21,7,47,9,Low
2026-07-13,20,69,60,34,Medium
2026-08-25,41,76,56,12,Low
2026-09-20,42,67,73,26,High
2026-07-05,37,32,75,32,Medium
2026-02-17,29,65,56,28,Low
